18-06-2026 09:13:51.585 [Gauge] [DEBUG] Created gauge_screenshots_dir at /Users/yasuikendo/morrow-world/study_app/e2e/.gauge/screenshots
18-06-2026 09:13:51.585 [Gauge] [DEBUG] Plugin html-report is already installed.
18-06-2026 09:13:51.586 [Gauge] [DEBUG] Plugin ts is already installed.
18-06-2026 09:13:51.586 [Gauge] [INFO] Installing required plugins.
18-06-2026 09:13:51.586 [Gauge] [DEBUG] Installing plugin 'screenshot'
18-06-2026 09:13:51.586 [Gauge] [DEBUG] Gathering metadata for screenshot
18-06-2026 09:13:51.586 [Gauge] [DEBUG] Downloading https://downloads.gauge.org/plugin/screenshot?l=ts&p=html-report,ts&o=darwin&a=arm64
18-06-2026 09:13:52.787 [Gauge] [DEBUG] Downloading https://github.com/getgauge/gauge_screenshot/releases/download/v1.0.1/screenshot-1.0.1-darwin.arm64.zip
18-06-2026 09:13:52.916 [Gauge] [DEBUG] Checking updates...
18-06-2026 09:13:52.917 [Gauge] [DEBUG] Downloading https://downloads.gauge.org/plugin/html-report?l=ts&p=html-report,ts&o=darwin&a=arm64
18-06-2026 09:13:53.134 [Gauge] [DEBUG] Downloading https://downloads.gauge.org/plugin/ts?l=ts&p=html-report,ts&o=darwin&a=arm64
18-06-2026 09:13:55.707 [Gauge] [DEBUG] Installing plugin screenshot 1.0.1
18-06-2026 09:13:55.710 [Gauge] [INFO] Successfully installed plugin 'screenshot' version 1.0.1
18-06-2026 09:13:55.710 [Gauge] [DEBUG] Parsing started.
18-06-2026 09:13:55.710 [Gauge] [DEBUG] Started concepts parsing.
18-06-2026 09:13:55.710 [Gauge] [DEBUG] 0 concepts parsing completed.
18-06-2026 09:13:55.710 [Gauge] [DEBUG] Started specifications parsing.
18-06-2026 09:13:55.711 [Gauge] [DEBUG] 1 specifications parsing completed.
18-06-2026 09:13:55.711 [Gauge] [DEBUG] Parsing completed.
18-06-2026 09:13:56.296 [ts] [ERROR] (node:69017) [DEP0190] DeprecationWarning: Passing args to a child process with shell option true can lead to security vulnerabilities, as the arguments are not escaped, only concatenated.
18-06-2026 09:13:56.296 [ts] [ERROR] (Use `node --trace-deprecation ...` to show where the warning was created)
18-06-2026 09:13:57.394 [ts] [ERROR] Error: Cannot find module 'tsconfig-paths/register'
18-06-2026 09:13:57.394 [ts] [ERROR] Require stack:
18-06-2026 09:13:57.394 [ts] [ERROR] - internal/preload
18-06-2026 09:13:57.394 [ts] [ERROR] at Module.<anonymous> (node:internal/modules/cjs/loader:1500:15)
18-06-2026 09:13:57.394 [ts] [ERROR] at Module._resolveFilename.sharedData.moduleResolveFilenameHook.installedValue [as _resolveFilename] (/Users/yasuikendo/morrow-world/study_app/node_modules/.pnpm/@cspotcode+source-map-support@0.8.1/node_modules/@cspotcode/source-map-support/source-map-support.js:811:30)
18-06-2026 09:13:57.395 [ts] [ERROR] at wrapResolveFilename (node:internal/modules/cjs/loader:1071:27)
18-06-2026 09:13:57.395 [ts] [ERROR] at defaultResolveImplForCJSLoading (node:internal/modules/cjs/loader:1095:10)
18-06-2026 09:13:57.395 [ts] [ERROR] at resolveForCJSWithHooks (node:internal/modules/cjs/loader:1116:12)
18-06-2026 09:13:57.395 [ts] [ERROR] at Module._load (node:internal/modules/cjs/loader:1285:25)
18-06-2026 09:13:57.395 [ts] [ERROR] at wrapModuleLoad (node:internal/modules/cjs/loader:255:19)
18-06-2026 09:13:57.395 [ts] [ERROR] at Module.require (node:internal/modules/cjs/loader:1600:12)
18-06-2026 09:13:57.395 [ts] [ERROR] at Module._preloadModules (node:internal/modules/cjs/loader:2146:12)
18-06-2026 09:13:57.395 [ts] [ERROR] at register (/Users/yasuikendo/morrow-world/study_app/node_modules/.pnpm/ts-node@10.9.2_@types+node@25.9.3_typescript@5.9.3/node_modules/ts-node/src/index.ts:610:46) {
18-06-2026 09:13:57.395 [ts] [ERROR] code: 'MODULE_NOT_FOUND',
18-06-2026 09:13:57.395 [ts] [ERROR] requireStack: [ 'internal/preload' ]
18-06-2026 09:13:57.395 [ts] [ERROR] }
18-06-2026 09:13:57.408 [Gauge] [DEBUG] Validation started.
18-06-2026 09:13:57.409 [Gauge] [CRITICAL] Error: runtime error: invalid memory address or nil pointer dereference
goroutine 1 [running]:
runtime/debug.Stack()
	/opt/homebrew/Cellar/go/1.26.4/libexec/src/runtime/debug/stack.go:26 +0x64
main.recoverPanic()
	/private/tmp/gauge-20260617-5094-rxwmjx/gauge-1.6.32/gauge.go:27 +0x2c
panic({0x105a65680?, 0x105c140b0?})
	/opt/homebrew/Cellar/go/1.26.4/libexec/src/runtime/panic.go:860 +0x12c
github.com/getgauge/gauge/runner.(*GrpcRunner).ExecuteMessageWithTimeout(0x3178787db302?, 0x0?)
	/private/tmp/gauge-20260617-5094-rxwmjx/gauge-1.6.32/runner/grpcRunner.go:196 +0x18
github.com/getgauge/gauge/validation.(*SpecValidator).validateStep(0x3178787a8000, 0x317878826800)
	/private/tmp/gauge-20260617-5094-rxwmjx/gauge-1.6.32/validation/validate.go:345 +0x150
github.com/getgauge/gauge/validation.(*SpecValidator).Step(0x3178787a8000, 0x317878826800)
	/private/tmp/gauge-20260617-5094-rxwmjx/gauge-1.6.32/validation/validate.go:313 +0x2bc
github.com/getgauge/gauge/gauge.(*Specification).Traverse(0x3178786c2000, {0x105b91da0, 0x3178787a8000}, 0x317878a61820)
	/private/tmp/gauge-20260617-5094-rxwmjx/gauge-1.6.32/gauge/specification.go:261 +0x1f8
github.com/getgauge/gauge/validation.(*SpecValidator).validate(0x3178787a8000)
	/private/tmp/gauge-20260617-5094-rxwmjx/gauge-1.6.32/validation/validate.go:298 +0x44
github.com/getgauge/gauge/validation.(*validator).Validate(0x317878a61978)
	/private/tmp/gauge-20260617-5094-rxwmjx/gauge-1.6.32/validation/validate.go:284 +0xfc
github.com/getgauge/gauge/validation.ValidateSpecs({0x3178787c08a0, 0x1, 0x1}, 0x0)
	/private/tmp/gauge-20260617-5094-rxwmjx/gauge-1.6.32/validation/validate.go:174 +0x16c
github.com/getgauge/gauge/execution.init.func1({0x3178787c08a0, 0x1, 0x1})
	/private/tmp/gauge-20260617-5094-rxwmjx/gauge-1.6.32/execution/execute.go:108 +0x148
github.com/getgauge/gauge/cmd.execute(0x105c2b780, {0x3178787c08a0, 0x1, 0x1})
	/private/tmp/gauge-20260617-5094-rxwmjx/gauge-1.6.32/cmd/run.go:261 +0x4cc
github.com/getgauge/gauge/cmd.init.func12(0x105c2b780, {0x3178787c08a0, 0x1, 0x1})
	/private/tmp/gauge-20260617-5094-rxwmjx/gauge-1.6.32/cmd/run.go:96 +0x160
github.com/spf13/cobra.(*Command).execute(0x105c2b780, {0x3178787c0870, 0x1, 0x1})
	/Users/brew/Library/Caches/Homebrew/go_mod_cache/pkg/mod/github.com/spf13/cobra@v1.10.2/command.go:1019 +0x7fc
github.com/spf13/cobra.(*Command).ExecuteC(0x105c2c300)
	/Users/brew/Library/Caches/Homebrew/go_mod_cache/pkg/mod/github.com/spf13/cobra@v1.10.2/command.go:1148 +0x350
github.com/spf13/cobra.(*Command).Execute(...)
	/Users/brew/Library/Caches/Homebrew/go_mod_cache/pkg/mod/github.com/spf13/cobra@v1.10.2/command.go:1071
github.com/getgauge/gauge/cmd.Parse()
	/private/tmp/gauge-20260617-5094-rxwmjx/gauge-1.6.32/cmd/cmd.go:111 +0x30
main.main()
	/private/tmp/gauge-20260617-5094-rxwmjx/gauge-1.6.32/gauge.go:19 +0x38
18-06-2026 09:14:51.552 [Gauge] [DEBUG] Created gauge_screenshots_dir at /Users/yasuikendo/morrow-world/study_app/e2e/.gauge/screenshots
18-06-2026 09:14:51.552 [Gauge] [DEBUG] Plugin ts is already installed.
18-06-2026 09:14:51.552 [Gauge] [DEBUG] Plugin html-report is already installed.
18-06-2026 09:14:51.552 [Gauge] [DEBUG] Parsing started.
18-06-2026 09:14:51.552 [Gauge] [DEBUG] Started concepts parsing.
18-06-2026 09:14:51.553 [Gauge] [DEBUG] 0 concepts parsing completed.
18-06-2026 09:14:51.553 [Gauge] [DEBUG] Started specifications parsing.
18-06-2026 09:14:51.553 [Gauge] [DEBUG] 1 specifications parsing completed.
18-06-2026 09:14:51.553 [Gauge] [DEBUG] Parsing completed.
18-06-2026 09:14:51.596 [ts] [ERROR] (node:69598) [DEP0190] DeprecationWarning: Passing args to a child process with shell option true can lead to security vulnerabilities, as the arguments are not escaped, only concatenated.
18-06-2026 09:14:51.596 [ts] [ERROR] (Use `node --trace-deprecation ...` to show where the warning was created)
18-06-2026 09:14:52.076 [ts] [ERROR] Error: Cannot find module 'tsconfig-paths/register'
18-06-2026 09:14:52.076 [ts] [ERROR] Require stack:
18-06-2026 09:14:52.076 [ts] [ERROR] - internal/preload
18-06-2026 09:14:52.076 [ts] [ERROR] at Module.<anonymous> (node:internal/modules/cjs/loader:1500:15)
18-06-2026 09:14:52.076 [ts] [ERROR] at Module._resolveFilename.sharedData.moduleResolveFilenameHook.installedValue [as _resolveFilename] (/Users/yasuikendo/morrow-world/study_app/node_modules/.pnpm/@cspotcode+source-map-support@0.8.1/node_modules/@cspotcode/source-map-support/source-map-support.js:811:30)
18-06-2026 09:14:52.076 [ts] [ERROR] at wrapResolveFilename (node:internal/modules/cjs/loader:1071:27)
18-06-2026 09:14:52.076 [ts] [ERROR] at defaultResolveImplForCJSLoading (node:internal/modules/cjs/loader:1095:10)
18-06-2026 09:14:52.076 [ts] [ERROR] at resolveForCJSWithHooks (node:internal/modules/cjs/loader:1116:12)
18-06-2026 09:14:52.076 [ts] [ERROR] at Module._load (node:internal/modules/cjs/loader:1285:25)
18-06-2026 09:14:52.076 [ts] [ERROR] at wrapModuleLoad (node:internal/modules/cjs/loader:255:19)
18-06-2026 09:14:52.076 [ts] [ERROR] at Module.require (node:internal/modules/cjs/loader:1600:12)
18-06-2026 09:14:52.076 [ts] [ERROR] at Module._preloadModules (node:internal/modules/cjs/loader:2146:12)
18-06-2026 09:14:52.076 [ts] [ERROR] at register (/Users/yasuikendo/morrow-world/study_app/node_modules/.pnpm/ts-node@10.9.2_@types+node@25.9.3_typescript@5.9.3/node_modules/ts-node/src/index.ts:610:46) {
18-06-2026 09:14:52.076 [ts] [ERROR] code: 'MODULE_NOT_FOUND',
18-06-2026 09:14:52.076 [ts] [ERROR] requireStack: [ 'internal/preload' ]
18-06-2026 09:14:52.076 [ts] [ERROR] }
18-06-2026 09:14:52.087 [Gauge] [DEBUG] Validation started.
18-06-2026 09:14:52.087 [Gauge] [CRITICAL] Error: runtime error: invalid memory address or nil pointer dereference
goroutine 1 [running]:
runtime/debug.Stack()
	/opt/homebrew/Cellar/go/1.26.4/libexec/src/runtime/debug/stack.go:26 +0x64
main.recoverPanic()
	/private/tmp/gauge-20260617-5094-rxwmjx/gauge-1.6.32/gauge.go:27 +0x2c
panic({0x103051680?, 0x1032000b0?})
	/opt/homebrew/Cellar/go/1.26.4/libexec/src/runtime/panic.go:860 +0x12c
github.com/getgauge/gauge/runner.(*GrpcRunner).ExecuteMessageWithTimeout(0x2495d9f55362?, 0x0?)
	/private/tmp/gauge-20260617-5094-rxwmjx/gauge-1.6.32/runner/grpcRunner.go:196 +0x18
github.com/getgauge/gauge/validation.(*SpecValidator).validateStep(0x2495d9dd61c0, 0x2495da090600)
	/private/tmp/gauge-20260617-5094-rxwmjx/gauge-1.6.32/validation/validate.go:345 +0x150
github.com/getgauge/gauge/validation.(*SpecValidator).Step(0x2495d9dd61c0, 0x2495da090600)
	/private/tmp/gauge-20260617-5094-rxwmjx/gauge-1.6.32/validation/validate.go:313 +0x2bc
github.com/getgauge/gauge/gauge.(*Specification).Traverse(0x2495d9f4fc80, {0x10317dda0, 0x2495d9dd61c0}, 0x2495d9fe1820)
	/private/tmp/gauge-20260617-5094-rxwmjx/gauge-1.6.32/gauge/specification.go:261 +0x1f8
github.com/getgauge/gauge/validation.(*SpecValidator).validate(0x2495d9dd61c0)
	/private/tmp/gauge-20260617-5094-rxwmjx/gauge-1.6.32/validation/validate.go:298 +0x44
github.com/getgauge/gauge/validation.(*validator).Validate(0x2495d9fe1978)
	/private/tmp/gauge-20260617-5094-rxwmjx/gauge-1.6.32/validation/validate.go:284 +0xfc
github.com/getgauge/gauge/validation.ValidateSpecs({0x2495da032860, 0x1, 0x1}, 0x0)
	/private/tmp/gauge-20260617-5094-rxwmjx/gauge-1.6.32/validation/validate.go:174 +0x16c
github.com/getgauge/gauge/execution.init.func1({0x2495da032860, 0x1, 0x1})
	/private/tmp/gauge-20260617-5094-rxwmjx/gauge-1.6.32/execution/execute.go:108 +0x148
github.com/getgauge/gauge/cmd.execute(0x103217780, {0x2495da032860, 0x1, 0x1})
	/private/tmp/gauge-20260617-5094-rxwmjx/gauge-1.6.32/cmd/run.go:261 +0x4cc
github.com/getgauge/gauge/cmd.init.func12(0x103217780, {0x2495da032860, 0x1, 0x1})
	/private/tmp/gauge-20260617-5094-rxwmjx/gauge-1.6.32/cmd/run.go:96 +0x160
github.com/spf13/cobra.(*Command).execute(0x103217780, {0x2495da032830, 0x1, 0x1})
	/Users/brew/Library/Caches/Homebrew/go_mod_cache/pkg/mod/github.com/spf13/cobra@v1.10.2/command.go:1019 +0x7fc
github.com/spf13/cobra.(*Command).ExecuteC(0x103218300)
	/Users/brew/Library/Caches/Homebrew/go_mod_cache/pkg/mod/github.com/spf13/cobra@v1.10.2/command.go:1148 +0x350
github.com/spf13/cobra.(*Command).Execute(...)
	/Users/brew/Library/Caches/Homebrew/go_mod_cache/pkg/mod/github.com/spf13/cobra@v1.10.2/command.go:1071
github.com/getgauge/gauge/cmd.Parse()
	/private/tmp/gauge-20260617-5094-rxwmjx/gauge-1.6.32/cmd/cmd.go:111 +0x30
main.main()
	/private/tmp/gauge-20260617-5094-rxwmjx/gauge-1.6.32/gauge.go:19 +0x38
18-06-2026 09:15:23.580 [Gauge] [DEBUG] Created gauge_screenshots_dir at /Users/yasuikendo/morrow-world/study_app/e2e/.gauge/screenshots
18-06-2026 09:15:23.580 [Gauge] [DEBUG] Plugin ts is already installed.
18-06-2026 09:15:23.580 [Gauge] [DEBUG] Plugin html-report is already installed.
18-06-2026 09:15:23.580 [Gauge] [DEBUG] Parsing started.
18-06-2026 09:15:23.580 [Gauge] [DEBUG] Started concepts parsing.
18-06-2026 09:15:23.581 [Gauge] [DEBUG] 0 concepts parsing completed.
18-06-2026 09:15:23.581 [Gauge] [DEBUG] Started specifications parsing.
18-06-2026 09:15:23.581 [Gauge] [DEBUG] 1 specifications parsing completed.
18-06-2026 09:15:23.581 [Gauge] [DEBUG] Parsing completed.
18-06-2026 09:15:23.623 [ts] [ERROR] (node:69925) [DEP0190] DeprecationWarning: Passing args to a child process with shell option true can lead to security vulnerabilities, as the arguments are not escaped, only concatenated.
18-06-2026 09:15:23.623 [ts] [ERROR] (Use `node --trace-deprecation ...` to show where the warning was created)
18-06-2026 09:15:23.841 [Gauge] [DEBUG] Checking updates...
18-06-2026 09:15:23.841 [Gauge] [DEBUG] Downloading https://downloads.gauge.org/plugin/html-report?l=ts&p=html-report,screenshot,ts&o=darwin&a=arm64
18-06-2026 09:15:25.033 [ts] [ERROR] (node:69953) [DEP0180] DeprecationWarning: fs.Stats constructor is deprecated.
18-06-2026 09:15:25.033 [ts] [ERROR] (Use `node --trace-deprecation ...` to show where the warning was created)
18-06-2026 09:15:25.038 [Gauge] [DEBUG] Attempting to connect to grpc server at port: 61144
18-06-2026 09:15:25.039 [Gauge] [DEBUG] Successfully made the connection with runner with port: 61144
18-06-2026 09:15:25.039 [Gauge] [DEBUG] Validation started.
18-06-2026 09:15:25.046 [Gauge] [DEBUG] Validation completed.
18-06-2026 09:15:25.046 [Gauge] [DEBUG] Run started
18-06-2026 09:15:25.046 [Gauge] [DEBUG] Starting Html Report plugin
18-06-2026 09:15:25.516 [Gauge] [DEBUG] Downloading https://downloads.gauge.org/plugin/screenshot?l=ts&p=html-report,screenshot,ts&o=darwin&a=arm64
18-06-2026 09:15:25.625 [Gauge] [DEBUG] Downloading https://downloads.gauge.org/plugin/ts?l=ts&p=html-report,screenshot,ts&o=darwin&a=arm64
18-06-2026 09:15:25.660 [Gauge] [DEBUG] Attempting to connect to grpc server at port: 61147
18-06-2026 09:15:25.660 [Gauge] [DEBUG] Successfully made the connection with plugin with port: 61147
18-06-2026 09:15:25.660 [Gauge] [DEBUG] Initialising suite data store.
18-06-2026 09:15:27.961 [Gauge] [INFO] # 職員（コーチ）ログイン
18-06-2026 09:15:27.963 [Gauge] [INFO] ## sessionStorage から管理画面を直接開ける
18-06-2026 09:15:28.018 [Gauge] [DEBUG] * 職員としてセッションを設定して管理画面を開く
18-06-2026 09:15:28.139 [Gauge] [DEBUG] * 管理画面（ダッシュボード）が表示される
18-06-2026 09:15:28.145 [Gauge] [DEBUG] * サイドバーが表示される
18-06-2026 09:15:28.175 [html-report] [DEBUG] Transformed SuiteResult to report structure
18-06-2026 09:15:28.205 [html-report] [INFO] Successfully generated html-report to => /Users/yasuikendo/morrow-world/study_app/e2e/reports/html-report/index.html
18-06-2026 09:15:28.205 [html-report] [DEBUG] Done generating HTML report using theme from /Users/yasuikendo/.gauge/plugins/html-report/4.4.5/themes/default
18-06-2026 09:15:28.205 [Gauge] [DEBUG] Sending kill message to Html Report plugin.
18-06-2026 09:15:28.206 [Gauge] [INFO] Specifications:	1 executed	1 passed	0 failed	0 skipped
18-06-2026 09:15:28.206 [Gauge] [INFO] Scenarios:	1 executed	1 passed	0 failed	0 skipped
18-06-2026 09:15:28.206 [Gauge] [INFO] 
Total time taken: 3.128s
18-06-2026 09:15:35.167 [Gauge] [DEBUG] Created gauge_screenshots_dir at /Users/yasuikendo/morrow-world/study_app/e2e/.gauge/screenshots
18-06-2026 09:15:35.168 [Gauge] [DEBUG] Plugin ts is already installed.
18-06-2026 09:15:35.168 [Gauge] [DEBUG] Plugin html-report is already installed.
18-06-2026 09:15:35.168 [Gauge] [DEBUG] Parsing started.
18-06-2026 09:15:35.168 [Gauge] [DEBUG] Started concepts parsing.
18-06-2026 09:15:35.169 [Gauge] [DEBUG] 0 concepts parsing completed.
18-06-2026 09:15:35.169 [Gauge] [DEBUG] Started specifications parsing.
18-06-2026 09:15:35.170 [Gauge] [DEBUG] 5 specifications parsing completed.
18-06-2026 09:15:35.170 [Gauge] [DEBUG] Parsing completed.
18-06-2026 09:15:35.212 [ts] [ERROR] (node:70094) [DEP0190] DeprecationWarning: Passing args to a child process with shell option true can lead to security vulnerabilities, as the arguments are not escaped, only concatenated.
18-06-2026 09:15:35.212 [ts] [ERROR] (Use `node --trace-deprecation ...` to show where the warning was created)
18-06-2026 09:15:35.383 [Gauge] [DEBUG] Checking updates...
18-06-2026 09:15:35.383 [Gauge] [DEBUG] Downloading https://downloads.gauge.org/plugin/html-report?l=ts&p=html-report,screenshot,ts&o=darwin&a=arm64
18-06-2026 09:15:35.852 [Gauge] [DEBUG] Downloading https://downloads.gauge.org/plugin/screenshot?l=ts&p=html-report,screenshot,ts&o=darwin&a=arm64
18-06-2026 09:15:35.930 [ts] [ERROR] (node:70133) [DEP0180] DeprecationWarning: fs.Stats constructor is deprecated.
18-06-2026 09:15:35.930 [ts] [ERROR] (Use `node --trace-deprecation ...` to show where the warning was created)
18-06-2026 09:15:35.936 [Gauge] [DEBUG] Attempting to connect to grpc server at port: 61155
18-06-2026 09:15:35.936 [Gauge] [DEBUG] Successfully made the connection with runner with port: 61155
18-06-2026 09:15:35.937 [Gauge] [DEBUG] Validation started.
18-06-2026 09:15:35.956 [Gauge] [DEBUG] Validation completed.
18-06-2026 09:15:35.957 [Gauge] [DEBUG] Run started
18-06-2026 09:15:35.957 [Gauge] [DEBUG] Starting Html Report plugin
18-06-2026 09:15:35.965 [html-report] [DEBUG] Setting MaxRecvMsgSize = 1024 MB
18-06-2026 09:15:35.965 [Gauge] [DEBUG] Attempting to connect to grpc server at port: 61158
18-06-2026 09:15:35.965 [Gauge] [DEBUG] Successfully made the connection with plugin with port: 61158
18-06-2026 09:15:35.965 [Gauge] [DEBUG] Initialising suite data store.
18-06-2026 09:15:35.966 [Gauge] [DEBUG] Downloading https://downloads.gauge.org/plugin/ts?l=ts&p=html-report,screenshot,ts&o=darwin&a=arm64
18-06-2026 09:15:36.336 [Gauge] [INFO] # 会員ログイン
18-06-2026 09:15:36.339 [Gauge] [INFO] ## 会員が正常にログインして会員ダッシュボードに遷移する
18-06-2026 09:15:36.378 [Gauge] [DEBUG] * ログインページを開く
18-06-2026 09:15:36.409 [Gauge] [DEBUG] * 会員 "student_10001@example.jp" / "student10001" でログインする
18-06-2026 09:15:37.155 [Gauge] [DEBUG] * 会員ダッシュボード（ホーム画面）が表示される

18-06-2026 09:15:37.176 [Gauge] [INFO] ## 誤ったパスワードでログインするとエラーが表示される
18-06-2026 09:15:37.211 [Gauge] [DEBUG] * ログインページを開く
18-06-2026 09:15:37.236 [Gauge] [DEBUG] * 会員 "student_10001@example.jp" / "wrongpassword" でログインする
18-06-2026 09:15:37.299 [Gauge] [DEBUG] * ログインエラーメッセージが表示される

18-06-2026 09:15:37.304 [Gauge] [INFO] ## 未登録メールアドレスでログインするとエラーが表示される
18-06-2026 09:15:37.339 [Gauge] [DEBUG] * ログインページを開く
18-06-2026 09:15:37.370 [Gauge] [DEBUG] * 会員 "unknown@example.jp" / "anypassword" でログインする
18-06-2026 09:15:37.432 [Gauge] [DEBUG] * ログインエラーメッセージが表示される
18-06-2026 09:15:37.438 [Gauge] [INFO] # 職員（コーチ）ログイン
18-06-2026 09:15:37.438 [Gauge] [INFO] ## sessionStorage から管理画面を直接開ける
18-06-2026 09:15:37.472 [Gauge] [DEBUG] * 職員としてセッションを設定して管理画面を開く
18-06-2026 09:15:37.571 [Gauge] [DEBUG] * 管理画面（ダッシュボード）が表示される
18-06-2026 09:15:37.578 [Gauge] [DEBUG] * サイドバーが表示される
18-06-2026 09:15:37.583 [Gauge] [INFO] # 学習記録の入力
18-06-2026 09:15:37.584 [Gauge] [INFO] ## 会員が学習記録を入力して保存できる
18-06-2026 09:15:37.627 [Gauge] [DEBUG] * 会員としてセッションを設定して会員画面を開く
18-06-2026 09:15:37.696 [Gauge] [DEBUG] * 学習記録ボタンをクリックする
18-06-2026 09:15:37.738 [Gauge] [DEBUG] * 学習日 "2026-06-01" を入力する
18-06-2026 09:15:37.741 [Gauge] [DEBUG] * 教材を選択する
18-06-2026 09:16:08.534 [Gauge] [ERROR] Failed Step: 教材を選択する
18-06-2026 09:16:08.534 [Gauge] [ERROR] Error Message: locator.selectOption: Timeout 30000ms exceeded.
Call log:
[2m  - waiting for locator('select').first()[22m
[2m    - locator resolved to <select required="" id="ml-textbookId">…</select>[22m
[2m  - attempting select option action[22m
[2m    2 × waiting for element to be visible and enabled[22m
[2m      - did not find some options[22m
[2m    - retrying select option action[22m
[2m    - waiting 20ms[22m
[2m    2 × waiting for element to be visible and enabled[22m
[2m      - did not find some options[22m
[2m    - retrying select option action[22m
[2m      - waiting 100ms[22m
[2m    60 × waiting for element to be visible and enabled[22m
[2m       - did not find some options[22m
[2m     - retrying select option action[22m
[2m       - waiting 500ms[22m
18-06-2026 09:16:08.534 [Gauge] [ERROR] Specification: specs/03_learning_log.spec:11
18-06-2026 09:16:08.534 [Gauge] [ERROR] Stacktrace: 
locator.selectOption: Timeout 30000ms exceeded.
Call log:
[2m  - waiting for locator('select').first()[22m
[2m    - locator resolved to <select required="" id="ml-textbookId">…</select>[22m
[2m  - attempting select option action[22m
[2m    2 × waiting for element to be visible and enabled[22m
[2m      - did not find some options[22m
[2m    - retrying select option action[22m
[2m    - waiting 20ms[22m
[2m    2 × waiting for element to be visible and enabled[22m
[2m      - did not find some options[22m
[2m    - retrying select option action[22m
[2m      - waiting 100ms[22m
[2m    60 × waiting for element to be visible and enabled[22m
[2m       - did not find some options[22m
[2m     - retrying select option action[22m
[2m       - waiting 500ms[22m

    at StepImplementation.<anonymous> (/Users/yasuikendo/morrow-world/study_app/e2e/tests/StepImplementation.ts:143:15)
    at /Users/yasuikendo/morrow-world/study_app/e2e/tests/StepImplementation.ts:17:71
    at __awaiter (/Users/yasuikendo/morrow-world/study_app/e2e/tests/StepImplementation.ts:13:12)
    at StepImplementation.selectFirstTextbook (/Users/yasuikendo/morrow-world/study_app/e2e/tests/StepImplementation.ts:162:16)
    at StepExecutionProcessor.executeMethod (/Users/yasuikendo/morrow-world/study_app/node_modules/.pnpm/gauge-ts@0.3.0_@types+node@25.9.3/node_modules/gauge-ts/dist/processors/ExecutionProcessor.js:12:22)
    at StepExecutionProcessor.execute (/Users/yasuikendo/morrow-world/study_app/node_modules/.pnpm/gauge-ts@0.3.0_@types+node@25.9.3/node_modules/gauge-ts/dist/processors/StepExecutionProcessor.js:35:24)
    at StepExecutionProcessor.process (/Users/yasuikendo/morrow-world/study_app/node_modules/.pnpm/gauge-ts@0.3.0_@types+node@25.9.3/node_modules/gauge-ts/dist/processors/StepExecutionProcessor.js:16:35)
    at RunnerServer.executeStep (/Users/yasuikendo/morrow-world/study_app/node_modules/.pnpm/gauge-ts@0.3.0_@types+node@25.9.3/node_modules/gauge-ts/dist/RunnerServer.js:139:14)
    at Object.onReceiveHalfClose (/Users/yasuikendo/morrow-world/study_app/node_modules/.pnpm/@grpc+grpc-js@1.14.4/node_modules/@grpc/grpc-js/src/server.ts:2053:17)
    at BaseServerInterceptingCall.maybePushNextMessage (/Users/yasuikendo/morrow-world/study_app/node_modules/.pnpm/@grpc+grpc-js@1.14.4/node_modules/@grpc/grpc-js/src/server-interceptors.ts:815:23)
    at BaseServerInterceptingCall.handleEndEvent (/Users/yasuikendo/morrow-world/study_app/node_modules/.pnpm/@grpc+grpc-js@1.14.4/node_modules/@grpc/grpc-js/src/server-interceptors.ts:857:10)
    at ServerHttp2Stream.<anonymous> (/Users/yasuikendo/morrow-world/study_app/node_modules/.pnpm/@grpc+grpc-js@1.14.4/node_modules/@grpc/grpc-js/src/server-interceptors.ts:584:12)
18-06-2026 09:16:08.538 [Gauge] [INFO] # 会員一覧の検索
18-06-2026 09:16:08.539 [Gauge] [INFO] ## キーワードで会員を検索できる
18-06-2026 09:16:08.574 [Gauge] [DEBUG] * 職員としてセッションを設定して管理画面を開く
18-06-2026 09:16:08.678 [Gauge] [DEBUG] * 会員管理メニューをクリックする
18-06-2026 09:16:08.720 [Gauge] [DEBUG] * 会員検索欄に "見本一郎" と入力する
18-06-2026 09:16:09.029 [Gauge] [DEBUG] * 会員一覧に "見本一郎" が表示される

18-06-2026 09:16:09.046 [Gauge] [INFO] ## 存在しないキーワードで検索すると該当なしになる
18-06-2026 09:16:09.088 [Gauge] [DEBUG] * 職員としてセッションを設定して管理画面を開く
18-06-2026 09:16:09.191 [Gauge] [DEBUG] * 会員管理メニューをクリックする
18-06-2026 09:16:09.237 [Gauge] [DEBUG] * 会員検索欄に "zzznotexist" と入力する
18-06-2026 09:16:09.547 [Gauge] [DEBUG] * 会員一覧に "見本一郎" が表示されない
18-06-2026 09:16:09.931 [Gauge] [ERROR] Failed Step: 会員一覧に "見本一郎" が表示されない
18-06-2026 09:16:09.931 [Gauge] [ERROR] Error Message: "見本一郎" が表示されている（非表示のはず）
18-06-2026 09:16:09.931 [Gauge] [ERROR] Specification: specs/04_member_search.spec:18
18-06-2026 09:16:09.931 [Gauge] [ERROR] Stacktrace: 
Error: "見本一郎" が表示されている（非表示のはず）
    at StepImplementation.<anonymous> (/Users/yasuikendo/morrow-world/study_app/e2e/tests/StepImplementation.ts:206:26)
    at Generator.next (<anonymous>)
    at fulfilled (/Users/yasuikendo/morrow-world/study_app/e2e/tests/StepImplementation.ts:14:58)
18-06-2026 09:16:09.935 [Gauge] [INFO] # ログアウト
18-06-2026 09:16:09.936 [Gauge] [INFO] ## 職員がログアウトすると login.html に戻る
18-06-2026 09:16:09.969 [Gauge] [DEBUG] * 職員としてセッションを設定して管理画面を開く
18-06-2026 09:16:10.071 [Gauge] [DEBUG] * 管理画面でログアウトする
18-06-2026 09:16:10.101 [Gauge] [DEBUG] * ログインページにリダイレクトされる
18-06-2026 09:16:10.120 [html-report] [DEBUG] Transformed SuiteResult to report structure
18-06-2026 09:16:10.128 [html-report] [WARNING] Failed to read screenshot open /Users/yasuikendo/morrow-world/study_app/e2e/.gauge/screenshots/screenshot-a53e0e4a-8a81-47d3-9bcd-368255125b96.png: no such file or directory
18-06-2026 09:16:10.128 [html-report] [WARNING] Failed to read screenshot open /Users/yasuikendo/morrow-world/study_app/e2e/.gauge/screenshots/screenshot-5a1a0b2e-0219-46e0-8ef7-4a6aa7dbb689.png: no such file or directory
18-06-2026 09:16:10.128 [html-report] [INFO] Successfully generated html-report to => /Users/yasuikendo/morrow-world/study_app/e2e/reports/html-report/index.html
18-06-2026 09:16:10.128 [html-report] [DEBUG] Done generating HTML report using theme from /Users/yasuikendo/.gauge/plugins/html-report/4.4.5/themes/default
18-06-2026 09:16:10.128 [Gauge] [DEBUG] Sending kill message to Html Report plugin.
18-06-2026 09:16:10.129 [Gauge] [INFO] Specifications:	5 executed	3 passed	2 failed	0 skipped
18-06-2026 09:16:10.129 [Gauge] [INFO] Scenarios:	8 executed	6 passed	2 failed	0 skipped
18-06-2026 09:16:10.129 [Gauge] [INFO] 
Total time taken: 34.162s
18-06-2026 09:19:05.630 [Gauge] [DEBUG] Created gauge_screenshots_dir at /Users/yasuikendo/morrow-world/study_app/e2e/.gauge/screenshots
18-06-2026 09:19:05.631 [Gauge] [DEBUG] Plugin ts is already installed.
18-06-2026 09:19:05.631 [Gauge] [DEBUG] Plugin html-report is already installed.
18-06-2026 09:19:05.631 [Gauge] [DEBUG] Parsing started.
18-06-2026 09:19:05.631 [Gauge] [DEBUG] Started concepts parsing.
18-06-2026 09:19:05.632 [Gauge] [DEBUG] 0 concepts parsing completed.
18-06-2026 09:19:05.632 [Gauge] [DEBUG] Started specifications parsing.
18-06-2026 09:19:05.633 [Gauge] [DEBUG] 5 specifications parsing completed.
18-06-2026 09:19:05.633 [Gauge] [DEBUG] Parsing completed.
18-06-2026 09:19:05.680 [ts] [ERROR] (node:71962) [DEP0190] DeprecationWarning: Passing args to a child process with shell option true can lead to security vulnerabilities, as the arguments are not escaped, only concatenated.
18-06-2026 09:19:05.680 [ts] [ERROR] (Use `node --trace-deprecation ...` to show where the warning was created)
18-06-2026 09:19:06.392 [ts] [ERROR] (node:71990) [DEP0180] DeprecationWarning: fs.Stats constructor is deprecated.
18-06-2026 09:19:06.392 [ts] [ERROR] (Use `node --trace-deprecation ...` to show where the warning was created)
18-06-2026 09:19:06.393 [Gauge] [DEBUG] Checking updates...
18-06-2026 09:19:06.393 [Gauge] [DEBUG] Downloading https://downloads.gauge.org/plugin/html-report?l=ts&p=html-report,screenshot,ts&o=darwin&a=arm64
18-06-2026 09:19:06.398 [Gauge] [DEBUG] Attempting to connect to grpc server at port: 61203
18-06-2026 09:19:06.399 [Gauge] [DEBUG] Successfully made the connection with runner with port: 61203
18-06-2026 09:19:06.399 [Gauge] [DEBUG] Validation started.
18-06-2026 09:19:06.418 [Gauge] [DEBUG] Validation completed.
18-06-2026 09:19:06.418 [Gauge] [DEBUG] Run started
18-06-2026 09:19:06.418 [Gauge] [DEBUG] Starting Html Report plugin
18-06-2026 09:19:06.427 [html-report] [DEBUG] Setting MaxRecvMsgSize = 1024 MB
18-06-2026 09:19:06.427 [Gauge] [DEBUG] Attempting to connect to grpc server at port: 61206
18-06-2026 09:19:06.427 [Gauge] [DEBUG] Successfully made the connection with plugin with port: 61206
18-06-2026 09:19:06.427 [Gauge] [DEBUG] Initialising suite data store.
18-06-2026 09:19:06.816 [Gauge] [INFO] # 会員ログイン
18-06-2026 09:19:06.818 [Gauge] [INFO] ## 会員が正常にログインして会員ダッシュボードに遷移する
18-06-2026 09:19:06.860 [Gauge] [DEBUG] * ログインページを開く
18-06-2026 09:19:06.891 [Gauge] [DEBUG] * 会員 "student_10001@example.jp" / "student10001" でログインする
18-06-2026 09:19:06.910 [Gauge] [DEBUG] Downloading https://downloads.gauge.org/plugin/screenshot?l=ts&p=html-report,screenshot,ts&o=darwin&a=arm64
18-06-2026 09:19:06.970 [Gauge] [DEBUG] * 会員ダッシュボード（ホーム画面）が表示される

18-06-2026 09:19:06.990 [Gauge] [INFO] ## 誤ったパスワードでログインするとエラーが表示される
18-06-2026 09:19:07.023 [Gauge] [DEBUG] * ログインページを開く
18-06-2026 09:19:07.049 [Gauge] [DEBUG] * 会員 "student_10001@example.jp" / "wrongpassword" でログインする
18-06-2026 09:19:07.057 [Gauge] [DEBUG] Downloading https://downloads.gauge.org/plugin/ts?l=ts&p=html-report,screenshot,ts&o=darwin&a=arm64
18-06-2026 09:19:07.098 [Gauge] [DEBUG] * ログインエラーメッセージが表示される

18-06-2026 09:19:07.103 [Gauge] [INFO] ## 未登録メールアドレスでログインするとエラーが表示される
18-06-2026 09:19:07.137 [Gauge] [DEBUG] * ログインページを開く
18-06-2026 09:19:07.166 [Gauge] [DEBUG] * 会員 "unknown@example.jp" / "anypassword" でログインする
18-06-2026 09:19:07.215 [Gauge] [DEBUG] * ログインエラーメッセージが表示される
18-06-2026 09:19:07.221 [Gauge] [INFO] # 職員（コーチ）ログイン
18-06-2026 09:19:07.221 [Gauge] [INFO] ## sessionStorage から管理画面を直接開ける
18-06-2026 09:19:07.253 [Gauge] [DEBUG] * 職員としてセッションを設定して管理画面を開く
18-06-2026 09:19:07.352 [Gauge] [DEBUG] * 管理画面（ダッシュボード）が表示される
18-06-2026 09:19:07.359 [Gauge] [DEBUG] * サイドバーが表示される
18-06-2026 09:19:07.365 [Gauge] [INFO] # 学習記録の入力
18-06-2026 09:19:07.365 [Gauge] [INFO] ## 会員が学習記録を入力して保存できる
18-06-2026 09:19:07.402 [Gauge] [DEBUG] * 会員としてセッションを設定して会員画面を開く
18-06-2026 09:19:07.472 [Gauge] [DEBUG] * 学習記録ボタンをクリックする
18-06-2026 09:19:07.519 [Gauge] [DEBUG] * 学習日 "2026-06-01" を入力する
18-06-2026 09:19:07.522 [Gauge] [DEBUG] * 教材を選択する
18-06-2026 09:19:37.592 [Gauge] [ERROR] Failed Step: 教材を選択する
18-06-2026 09:19:37.592 [Gauge] [ERROR] Error Message: locator.selectOption: Timeout 30000ms exceeded.
Call log:
[2m  - waiting for locator('select').first()[22m
[2m    - locator resolved to <select required="" id="ml-textbookId">…</select>[22m
[2m  - attempting select option action[22m
[2m    2 × waiting for element to be visible and enabled[22m
[2m      - did not find some options[22m
[2m    - retrying select option action[22m
[2m    - waiting 20ms[22m
[2m    2 × waiting for element to be visible and enabled[22m
[2m      - did not find some options[22m
[2m    - retrying select option action[22m
[2m      - waiting 100ms[22m
[2m    60 × waiting for element to be visible and enabled[22m
[2m       - did not find some options[22m
[2m     - retrying select option action[22m
[2m       - waiting 500ms[22m
18-06-2026 09:19:37.592 [Gauge] [ERROR] Specification: specs/03_learning_log.spec:11
18-06-2026 09:19:37.592 [Gauge] [ERROR] Stacktrace: 
locator.selectOption: Timeout 30000ms exceeded.
Call log:
[2m  - waiting for locator('select').first()[22m
[2m    - locator resolved to <select required="" id="ml-textbookId">…</select>[22m
[2m  - attempting select option action[22m
[2m    2 × waiting for element to be visible and enabled[22m
[2m      - did not find some options[22m
[2m    - retrying select option action[22m
[2m    - waiting 20ms[22m
[2m    2 × waiting for element to be visible and enabled[22m
[2m      - did not find some options[22m
[2m    - retrying select option action[22m
[2m      - waiting 100ms[22m
[2m    60 × waiting for element to be visible and enabled[22m
[2m       - did not find some options[22m
[2m     - retrying select option action[22m
[2m       - waiting 500ms[22m

    at StepImplementation.<anonymous> (/Users/yasuikendo/morrow-world/study_app/e2e/tests/StepImplementation.ts:146:15)
    at /Users/yasuikendo/morrow-world/study_app/e2e/tests/StepImplementation.ts:17:71
    at __awaiter (/Users/yasuikendo/morrow-world/study_app/e2e/tests/StepImplementation.ts:13:12)
    at StepImplementation.selectFirstTextbook (/Users/yasuikendo/morrow-world/study_app/e2e/tests/StepImplementation.ts:165:16)
    at StepExecutionProcessor.executeMethod (/Users/yasuikendo/morrow-world/study_app/node_modules/.pnpm/gauge-ts@0.3.0_@types+node@25.9.3/node_modules/gauge-ts/dist/processors/ExecutionProcessor.js:12:22)
    at StepExecutionProcessor.execute (/Users/yasuikendo/morrow-world/study_app/node_modules/.pnpm/gauge-ts@0.3.0_@types+node@25.9.3/node_modules/gauge-ts/dist/processors/StepExecutionProcessor.js:35:24)
    at StepExecutionProcessor.process (/Users/yasuikendo/morrow-world/study_app/node_modules/.pnpm/gauge-ts@0.3.0_@types+node@25.9.3/node_modules/gauge-ts/dist/processors/StepExecutionProcessor.js:16:35)
    at RunnerServer.executeStep (/Users/yasuikendo/morrow-world/study_app/node_modules/.pnpm/gauge-ts@0.3.0_@types+node@25.9.3/node_modules/gauge-ts/dist/RunnerServer.js:139:14)
    at Object.onReceiveHalfClose (/Users/yasuikendo/morrow-world/study_app/node_modules/.pnpm/@grpc+grpc-js@1.14.4/node_modules/@grpc/grpc-js/src/server.ts:2053:17)
    at BaseServerInterceptingCall.maybePushNextMessage (/Users/yasuikendo/morrow-world/study_app/node_modules/.pnpm/@grpc+grpc-js@1.14.4/node_modules/@grpc/grpc-js/src/server-interceptors.ts:815:23)
    at BaseServerInterceptingCall.handleEndEvent (/Users/yasuikendo/morrow-world/study_app/node_modules/.pnpm/@grpc+grpc-js@1.14.4/node_modules/@grpc/grpc-js/src/server-interceptors.ts:857:10)
    at ServerHttp2Stream.<anonymous> (/Users/yasuikendo/morrow-world/study_app/node_modules/.pnpm/@grpc+grpc-js@1.14.4/node_modules/@grpc/grpc-js/src/server-interceptors.ts:584:12)
18-06-2026 09:19:37.597 [Gauge] [INFO] # 会員一覧の検索
18-06-2026 09:19:37.597 [Gauge] [INFO] ## キーワードで会員を検索できる
18-06-2026 09:19:37.633 [Gauge] [DEBUG] * 職員としてセッションを設定して管理画面を開く
18-06-2026 09:19:37.739 [Gauge] [DEBUG] * 会員管理メニューをクリックする
18-06-2026 09:19:37.769 [Gauge] [DEBUG] * 会員検索欄に "見本一郎" と入力する
18-06-2026 09:19:38.080 [Gauge] [DEBUG] * 会員一覧に "見本一郎" が表示される

18-06-2026 09:19:38.102 [Gauge] [INFO] ## 存在しないキーワードで検索すると該当なしになる
18-06-2026 09:19:38.147 [Gauge] [DEBUG] * 職員としてセッションを設定して管理画面を開く
18-06-2026 09:19:38.259 [Gauge] [DEBUG] * 会員管理メニューをクリックする
18-06-2026 09:19:38.302 [Gauge] [DEBUG] * 会員検索欄に "zzznotexist" と入力する
18-06-2026 09:19:38.614 [Gauge] [DEBUG] * 会員一覧に "見本一郎" が表示されない
18-06-2026 09:19:39.006 [Gauge] [ERROR] Failed Step: 会員一覧に "見本一郎" が表示されない
18-06-2026 09:19:39.006 [Gauge] [ERROR] Error Message: "見本一郎" が表示されている（非表示のはず）
18-06-2026 09:19:39.006 [Gauge] [ERROR] Specification: specs/04_member_search.spec:18
18-06-2026 09:19:39.006 [Gauge] [ERROR] Stacktrace: 
Error: "見本一郎" が表示されている（非表示のはず）
    at StepImplementation.<anonymous> (/Users/yasuikendo/morrow-world/study_app/e2e/tests/StepImplementation.ts:210:26)
    at Generator.next (<anonymous>)
    at fulfilled (/Users/yasuikendo/morrow-world/study_app/e2e/tests/StepImplementation.ts:14:58)
18-06-2026 09:19:39.010 [Gauge] [INFO] # ログアウト
18-06-2026 09:19:39.011 [Gauge] [INFO] ## 職員がログアウトすると login.html に戻る
18-06-2026 09:19:39.045 [Gauge] [DEBUG] * 職員としてセッションを設定して管理画面を開く
18-06-2026 09:19:39.146 [Gauge] [DEBUG] * 管理画面でログアウトする
18-06-2026 09:19:39.184 [Gauge] [DEBUG] * ログインページにリダイレクトされる
18-06-2026 09:19:39.204 [html-report] [DEBUG] Transformed SuiteResult to report structure
18-06-2026 09:19:39.211 [html-report] [WARNING] Failed to read screenshot open /Users/yasuikendo/morrow-world/study_app/e2e/.gauge/screenshots/screenshot-a9ffccaf-db3e-47ea-a046-1ccaf44cd8cd.png: no such file or directory
18-06-2026 09:19:39.211 [html-report] [WARNING] Failed to read screenshot open /Users/yasuikendo/morrow-world/study_app/e2e/.gauge/screenshots/screenshot-8546f58f-bb9f-4502-a528-f445e9602c43.png: no such file or directory
18-06-2026 09:19:39.211 [html-report] [INFO] Successfully generated html-report to => /Users/yasuikendo/morrow-world/study_app/e2e/reports/html-report/index.html
18-06-2026 09:19:39.211 [html-report] [DEBUG] Done generating HTML report using theme from /Users/yasuikendo/.gauge/plugins/html-report/4.4.5/themes/default
18-06-2026 09:19:39.211 [Gauge] [DEBUG] Sending kill message to Html Report plugin.
18-06-2026 09:19:39.212 [Gauge] [INFO] Specifications:	5 executed	3 passed	2 failed	0 skipped
18-06-2026 09:19:39.212 [Gauge] [INFO] Scenarios:	8 executed	6 passed	2 failed	0 skipped
18-06-2026 09:19:39.212 [Gauge] [INFO] 
Total time taken: 32.785s
18-06-2026 09:21:20.241 [Gauge] [DEBUG] Created gauge_screenshots_dir at /Users/yasuikendo/morrow-world/study_app/e2e/.gauge/screenshots
18-06-2026 09:21:20.242 [Gauge] [DEBUG] Plugin ts is already installed.
18-06-2026 09:21:20.242 [Gauge] [DEBUG] Plugin html-report is already installed.
18-06-2026 09:21:20.242 [Gauge] [DEBUG] Parsing started.
18-06-2026 09:21:20.242 [Gauge] [DEBUG] Started concepts parsing.
18-06-2026 09:21:20.243 [Gauge] [DEBUG] 0 concepts parsing completed.
18-06-2026 09:21:20.243 [Gauge] [DEBUG] Started specifications parsing.
18-06-2026 09:21:20.243 [Gauge] [DEBUG] 5 specifications parsing completed.
18-06-2026 09:21:20.243 [Gauge] [DEBUG] Parsing completed.
18-06-2026 09:21:20.289 [ts] [ERROR] (node:73281) [DEP0190] DeprecationWarning: Passing args to a child process with shell option true can lead to security vulnerabilities, as the arguments are not escaped, only concatenated.
18-06-2026 09:21:20.289 [ts] [ERROR] (Use `node --trace-deprecation ...` to show where the warning was created)
18-06-2026 09:21:20.642 [Gauge] [DEBUG] Checking updates...
18-06-2026 09:21:20.642 [Gauge] [DEBUG] Downloading https://downloads.gauge.org/plugin/html-report?l=ts&p=html-report,screenshot,ts&o=darwin&a=arm64
18-06-2026 09:21:21.018 [Gauge] [DEBUG] Downloading https://downloads.gauge.org/plugin/screenshot?l=ts&p=html-report,screenshot,ts&o=darwin&a=arm64
18-06-2026 09:21:21.032 [ts] [ERROR] (node:73309) [DEP0180] DeprecationWarning: fs.Stats constructor is deprecated.
18-06-2026 09:21:21.032 [ts] [ERROR] (Use `node --trace-deprecation ...` to show where the warning was created)
18-06-2026 09:21:21.038 [Gauge] [DEBUG] Attempting to connect to grpc server at port: 61247
18-06-2026 09:21:21.038 [Gauge] [DEBUG] Successfully made the connection with runner with port: 61247
18-06-2026 09:21:21.038 [Gauge] [DEBUG] Validation started.
18-06-2026 09:21:21.058 [Gauge] [DEBUG] Validation completed.
18-06-2026 09:21:21.058 [Gauge] [DEBUG] Run started
18-06-2026 09:21:21.058 [Gauge] [DEBUG] Starting Html Report plugin
18-06-2026 09:21:21.067 [html-report] [DEBUG] Setting MaxRecvMsgSize = 1024 MB
18-06-2026 09:21:21.067 [Gauge] [DEBUG] Attempting to connect to grpc server at port: 61250
18-06-2026 09:21:21.067 [Gauge] [DEBUG] Successfully made the connection with plugin with port: 61250
18-06-2026 09:21:21.067 [Gauge] [DEBUG] Initialising suite data store.
18-06-2026 09:21:21.152 [Gauge] [DEBUG] Downloading https://downloads.gauge.org/plugin/ts?l=ts&p=html-report,screenshot,ts&o=darwin&a=arm64
18-06-2026 09:21:21.628 [Gauge] [INFO] # 会員ログイン
18-06-2026 09:21:21.630 [Gauge] [INFO] ## 会員が正常にログインして会員ダッシュボードに遷移する
18-06-2026 09:21:21.781 [Gauge] [DEBUG] * ログインページを開く
18-06-2026 09:21:21.844 [Gauge] [DEBUG] * 会員 "student_10001@example.jp" / "student10001" でログインする
18-06-2026 09:21:21.926 [Gauge] [DEBUG] * 会員ダッシュボード（ホーム画面）が表示される

18-06-2026 09:21:21.957 [Gauge] [INFO] ## 誤ったパスワードでログインするとエラーが表示される
18-06-2026 09:21:21.991 [Gauge] [DEBUG] * ログインページを開く
18-06-2026 09:21:22.016 [Gauge] [DEBUG] * 会員 "student_10001@example.jp" / "wrongpassword" でログインする
18-06-2026 09:21:22.065 [Gauge] [DEBUG] * ログインエラーメッセージが表示される

18-06-2026 09:21:22.070 [Gauge] [INFO] ## 未登録メールアドレスでログインするとエラーが表示される
18-06-2026 09:21:22.103 [Gauge] [DEBUG] * ログインページを開く
18-06-2026 09:21:22.132 [Gauge] [DEBUG] * 会員 "unknown@example.jp" / "anypassword" でログインする
18-06-2026 09:21:22.181 [Gauge] [DEBUG] * ログインエラーメッセージが表示される
18-06-2026 09:21:22.188 [Gauge] [INFO] # 職員（コーチ）ログイン
18-06-2026 09:21:22.189 [Gauge] [INFO] ## sessionStorage から管理画面を直接開ける
18-06-2026 09:21:22.222 [Gauge] [DEBUG] * 職員としてセッションを設定して管理画面を開く
18-06-2026 09:21:22.324 [Gauge] [DEBUG] * 管理画面（ダッシュボード）が表示される
18-06-2026 09:21:22.331 [Gauge] [DEBUG] * サイドバーが表示される
18-06-2026 09:21:22.337 [Gauge] [INFO] # 学習記録の入力
18-06-2026 09:21:22.344 [Gauge] [INFO] ## 会員が学習記録を入力して保存できる
18-06-2026 09:21:22.377 [Gauge] [DEBUG] * 会員としてセッションを設定して会員画面を開く
18-06-2026 09:21:22.446 [Gauge] [DEBUG] * 学習記録ボタンをクリックする
18-06-2026 09:21:22.489 [Gauge] [DEBUG] * 学習日 "2026-06-01" を入力する
18-06-2026 09:21:22.493 [Gauge] [DEBUG] * 教材を選択する
18-06-2026 09:21:22.512 [Gauge] [DEBUG] * 学習時間 "30" 分を選択する
18-06-2026 09:21:22.516 [Gauge] [DEBUG] * 記録を保存する
18-06-2026 09:21:22.548 [Gauge] [DEBUG] * 学習記録が localStorage に保存されている
18-06-2026 09:21:22.553 [Gauge] [INFO] # 会員一覧の検索
18-06-2026 09:21:22.554 [Gauge] [INFO] ## キーワードで会員を検索できる
18-06-2026 09:21:22.587 [Gauge] [DEBUG] * 職員としてセッションを設定して管理画面を開く
18-06-2026 09:21:22.686 [Gauge] [DEBUG] * 会員管理メニューをクリックする
18-06-2026 09:21:22.720 [Gauge] [DEBUG] * 会員検索欄に "見本一郎" と入力する
18-06-2026 09:21:23.050 [Gauge] [DEBUG] * 会員一覧に "見本一郎" が表示される

18-06-2026 09:21:23.076 [Gauge] [INFO] ## 存在しないキーワードで検索すると該当なしになる
18-06-2026 09:21:23.127 [Gauge] [DEBUG] * 職員としてセッションを設定して管理画面を開く
18-06-2026 09:21:23.248 [Gauge] [DEBUG] * 会員管理メニューをクリックする
18-06-2026 09:21:23.285 [Gauge] [DEBUG] * 会員検索欄に "zzznotexist" と入力する
18-06-2026 09:21:23.633 [Gauge] [DEBUG] * 会員一覧に "見本一郎" が表示されない
18-06-2026 09:21:24.115 [Gauge] [ERROR] Failed Step: 会員一覧に "見本一郎" が表示されない
18-06-2026 09:21:24.115 [Gauge] [ERROR] Error Message: "見本一郎" が表示されている（非表示のはず）
18-06-2026 09:21:24.115 [Gauge] [ERROR] Specification: specs/04_member_search.spec:18
18-06-2026 09:21:24.115 [Gauge] [ERROR] Stacktrace: 
Error: "見本一郎" が表示されている（非表示のはず）
    at StepImplementation.<anonymous> (/Users/yasuikendo/morrow-world/study_app/e2e/tests/StepImplementation.ts:215:26)
    at Generator.next (<anonymous>)
    at fulfilled (/Users/yasuikendo/morrow-world/study_app/e2e/tests/StepImplementation.ts:14:58)
18-06-2026 09:21:24.119 [Gauge] [INFO] # ログアウト
18-06-2026 09:21:24.120 [Gauge] [INFO] ## 職員がログアウトすると login.html に戻る
18-06-2026 09:21:24.153 [Gauge] [DEBUG] * 職員としてセッションを設定して管理画面を開く
18-06-2026 09:21:24.259 [Gauge] [DEBUG] * 管理画面でログアウトする
18-06-2026 09:21:24.301 [Gauge] [DEBUG] * ログインページにリダイレクトされる
18-06-2026 09:21:24.321 [html-report] [DEBUG] Transformed SuiteResult to report structure
18-06-2026 09:21:24.330 [html-report] [INFO] Successfully generated html-report to => /Users/yasuikendo/morrow-world/study_app/e2e/reports/html-report/index.html
18-06-2026 09:21:24.330 [html-report] [DEBUG] Done generating HTML report using theme from /Users/yasuikendo/.gauge/plugins/html-report/4.4.5/themes/default
18-06-2026 09:21:24.330 [Gauge] [DEBUG] Sending kill message to Html Report plugin.
18-06-2026 09:21:24.330 [Gauge] [INFO] Specifications:	5 executed	4 passed	1 failed	0 skipped
18-06-2026 09:21:24.331 [Gauge] [INFO] Scenarios:	8 executed	7 passed	1 failed	0 skipped
18-06-2026 09:21:24.331 [Gauge] [INFO] 
Total time taken: 3.262s
18-06-2026 09:22:29.485 [Gauge] [DEBUG] Created gauge_screenshots_dir at /Users/yasuikendo/morrow-world/study_app/e2e/.gauge/screenshots
18-06-2026 09:22:29.485 [Gauge] [DEBUG] Plugin ts is already installed.
18-06-2026 09:22:29.485 [Gauge] [DEBUG] Plugin html-report is already installed.
18-06-2026 09:22:29.485 [Gauge] [DEBUG] Parsing started.
18-06-2026 09:22:29.485 [Gauge] [DEBUG] Started concepts parsing.
18-06-2026 09:22:29.486 [Gauge] [DEBUG] 0 concepts parsing completed.
18-06-2026 09:22:29.486 [Gauge] [DEBUG] Started specifications parsing.
18-06-2026 09:22:29.486 [Gauge] [DEBUG] 5 specifications parsing completed.
18-06-2026 09:22:29.486 [Gauge] [DEBUG] Parsing completed.
18-06-2026 09:22:29.526 [ts] [ERROR] (node:73979) [DEP0190] DeprecationWarning: Passing args to a child process with shell option true can lead to security vulnerabilities, as the arguments are not escaped, only concatenated.
18-06-2026 09:22:29.526 [ts] [ERROR] (Use `node --trace-deprecation ...` to show where the warning was created)
18-06-2026 09:22:30.233 [ts] [ERROR] (node:74007) [DEP0180] DeprecationWarning: fs.Stats constructor is deprecated.
18-06-2026 09:22:30.233 [ts] [ERROR] (Use `node --trace-deprecation ...` to show where the warning was created)
18-06-2026 09:22:30.238 [Gauge] [DEBUG] Attempting to connect to grpc server at port: 61286
18-06-2026 09:22:30.238 [Gauge] [DEBUG] Successfully made the connection with runner with port: 61286
18-06-2026 09:22:30.239 [Gauge] [DEBUG] Validation started.
18-06-2026 09:22:30.259 [Gauge] [DEBUG] Validation completed.
18-06-2026 09:22:30.259 [Gauge] [DEBUG] Run started
18-06-2026 09:22:30.260 [Gauge] [DEBUG] Starting Html Report plugin
18-06-2026 09:22:30.268 [html-report] [DEBUG] Setting MaxRecvMsgSize = 1024 MB
18-06-2026 09:22:30.268 [Gauge] [DEBUG] Attempting to connect to grpc server at port: 61289
18-06-2026 09:22:30.268 [Gauge] [DEBUG] Successfully made the connection with plugin with port: 61289
18-06-2026 09:22:30.268 [Gauge] [DEBUG] Initialising suite data store.
18-06-2026 09:22:30.635 [Gauge] [INFO] # 会員ログイン
18-06-2026 09:22:30.637 [Gauge] [INFO] ## 会員が正常にログインして会員ダッシュボードに遷移する
18-06-2026 09:22:30.679 [Gauge] [DEBUG] * ログインページを開く
18-06-2026 09:22:30.711 [Gauge] [DEBUG] * 会員 "student_10001@example.jp" / "student10001" でログインする
18-06-2026 09:22:30.786 [Gauge] [DEBUG] * 会員ダッシュボード（ホーム画面）が表示される

18-06-2026 09:22:30.805 [Gauge] [INFO] ## 誤ったパスワードでログインするとエラーが表示される
18-06-2026 09:22:30.838 [Gauge] [DEBUG] Checking updates...
18-06-2026 09:22:30.838 [Gauge] [DEBUG] Downloading https://downloads.gauge.org/plugin/html-report?l=ts&p=html-report,screenshot,ts&o=darwin&a=arm64
18-06-2026 09:22:30.839 [Gauge] [DEBUG] * ログインページを開く
18-06-2026 09:22:30.865 [Gauge] [DEBUG] * 会員 "student_10001@example.jp" / "wrongpassword" でログインする
18-06-2026 09:22:30.915 [Gauge] [DEBUG] * ログインエラーメッセージが表示される

18-06-2026 09:22:30.920 [Gauge] [INFO] ## 未登録メールアドレスでログインするとエラーが表示される
18-06-2026 09:22:30.954 [Gauge] [DEBUG] * ログインページを開く
18-06-2026 09:22:30.981 [Gauge] [DEBUG] * 会員 "unknown@example.jp" / "anypassword" でログインする
18-06-2026 09:22:31.031 [Gauge] [DEBUG] * ログインエラーメッセージが表示される
18-06-2026 09:22:31.037 [Gauge] [INFO] # 職員（コーチ）ログイン
18-06-2026 09:22:31.038 [Gauge] [INFO] ## sessionStorage から管理画面を直接開ける
18-06-2026 09:22:31.071 [Gauge] [DEBUG] * 職員としてセッションを設定して管理画面を開く
18-06-2026 09:22:31.171 [Gauge] [DEBUG] * 管理画面（ダッシュボード）が表示される
18-06-2026 09:22:31.178 [Gauge] [DEBUG] * サイドバーが表示される
18-06-2026 09:22:31.184 [Gauge] [INFO] # 学習記録の入力
18-06-2026 09:22:31.191 [Gauge] [INFO] ## 会員が学習記録を入力して保存できる
18-06-2026 09:22:31.222 [Gauge] [DEBUG] * 会員としてセッションを設定して会員画面を開く
18-06-2026 09:22:31.253 [Gauge] [DEBUG] Downloading https://downloads.gauge.org/plugin/screenshot?l=ts&p=html-report,screenshot,ts&o=darwin&a=arm64
18-06-2026 09:22:31.290 [Gauge] [DEBUG] * 学習記録ボタンをクリックする
18-06-2026 09:22:31.335 [Gauge] [DEBUG] * 学習日 "2026-06-01" を入力する
18-06-2026 09:22:31.339 [Gauge] [DEBUG] * 教材を選択する
18-06-2026 09:22:31.342 [Gauge] [DEBUG] * 学習時間 "30" 分を選択する
18-06-2026 09:22:31.365 [Gauge] [DEBUG] * 記録を保存する
18-06-2026 09:22:31.399 [Gauge] [DEBUG] * 学習記録が localStorage に保存されている
18-06-2026 09:22:31.405 [Gauge] [INFO] # 会員一覧の検索
18-06-2026 09:22:31.406 [Gauge] [INFO] ## キーワードで会員を検索できる
18-06-2026 09:22:31.439 [Gauge] [DEBUG] * 職員としてセッションを設定して管理画面を開く
18-06-2026 09:22:31.449 [Gauge] [DEBUG] Downloading https://downloads.gauge.org/plugin/ts?l=ts&p=html-report,screenshot,ts&o=darwin&a=arm64
18-06-2026 09:22:31.541 [Gauge] [DEBUG] * 会員管理メニューをクリックする
18-06-2026 09:22:31.585 [Gauge] [DEBUG] * 会員検索欄に "見本一郎" と入力する
18-06-2026 09:22:31.917 [Gauge] [DEBUG] * 会員一覧に "見本一郎" が表示される

18-06-2026 09:22:31.936 [Gauge] [INFO] ## 存在しないキーワードで検索すると該当なしになる
18-06-2026 09:22:31.981 [Gauge] [DEBUG] * 職員としてセッションを設定して管理画面を開く
18-06-2026 09:22:32.082 [Gauge] [DEBUG] * 会員管理メニューをクリックする
18-06-2026 09:22:32.119 [Gauge] [DEBUG] * 会員検索欄に "zzznotexist" と入力する
18-06-2026 09:22:32.466 [Gauge] [DEBUG] * 会員一覧に "見本一郎" が表示されない
18-06-2026 09:22:32.793 [Gauge] [INFO] # ログアウト
18-06-2026 09:22:32.794 [Gauge] [INFO] ## 職員がログアウトすると login.html に戻る
18-06-2026 09:22:32.840 [Gauge] [DEBUG] * 職員としてセッションを設定して管理画面を開く
18-06-2026 09:22:32.940 [Gauge] [DEBUG] * 管理画面でログアウトする
18-06-2026 09:22:32.984 [Gauge] [DEBUG] * ログインページにリダイレクトされる
18-06-2026 09:22:33.003 [html-report] [DEBUG] Transformed SuiteResult to report structure
18-06-2026 09:22:33.011 [html-report] [INFO] Successfully generated html-report to => /Users/yasuikendo/morrow-world/study_app/e2e/reports/html-report/index.html
18-06-2026 09:22:33.011 [html-report] [DEBUG] Done generating HTML report using theme from /Users/yasuikendo/.gauge/plugins/html-report/4.4.5/themes/default
18-06-2026 09:22:33.011 [Gauge] [DEBUG] Sending kill message to Html Report plugin.
18-06-2026 09:22:33.011 [Gauge] [INFO] Specifications:	5 executed	5 passed	0 failed	0 skipped
18-06-2026 09:22:33.011 [Gauge] [INFO] Scenarios:	8 executed	8 passed	0 failed	0 skipped
18-06-2026 09:22:33.011 [Gauge] [INFO] 
Total time taken: 2.743s
18-06-2026 09:54:55.700 [Gauge] [DEBUG] Created gauge_screenshots_dir at /Users/yasuikendo/morrow-world/study_app/e2e/.gauge/screenshots
18-06-2026 09:54:55.700 [Gauge] [DEBUG] Plugin html-report is already installed.
18-06-2026 09:54:55.701 [Gauge] [DEBUG] Plugin ts is already installed.
18-06-2026 09:54:55.701 [Gauge] [DEBUG] Parsing started.
18-06-2026 09:54:55.701 [Gauge] [DEBUG] Started concepts parsing.
18-06-2026 09:54:55.702 [Gauge] [DEBUG] 0 concepts parsing completed.
18-06-2026 09:54:55.702 [Gauge] [DEBUG] Started specifications parsing.
18-06-2026 09:54:55.705 [Gauge] [DEBUG] 5 specifications parsing completed.
18-06-2026 09:54:55.705 [Gauge] [DEBUG] Parsing completed.
18-06-2026 09:54:55.739 [ts] [ERROR] (node:90327) [DEP0190] DeprecationWarning: Passing args to a child process with shell option true can lead to security vulnerabilities, as the arguments are not escaped, only concatenated.
18-06-2026 09:54:55.739 [ts] [ERROR] (Use `node --trace-deprecation ...` to show where the warning was created)
18-06-2026 09:54:56.710 [ts] [ERROR] (node:90366) [DEP0180] DeprecationWarning: fs.Stats constructor is deprecated.
18-06-2026 09:54:56.710 [ts] [ERROR] (Use `node --trace-deprecation ...` to show where the warning was created)
18-06-2026 09:54:56.716 [Gauge] [DEBUG] Attempting to connect to grpc server at port: 61461
18-06-2026 09:54:56.716 [Gauge] [DEBUG] Successfully made the connection with runner with port: 61461
18-06-2026 09:54:56.716 [Gauge] [DEBUG] Validation started.
18-06-2026 09:54:56.736 [Gauge] [DEBUG] Validation completed.
18-06-2026 09:54:56.736 [Gauge] [DEBUG] Run started
18-06-2026 09:54:56.736 [Gauge] [DEBUG] Starting Html Report plugin
18-06-2026 09:54:56.738 [Gauge] [DEBUG] Checking updates...
18-06-2026 09:54:56.738 [Gauge] [DEBUG] Downloading https://downloads.gauge.org/plugin/html-report?l=ts&p=html-report,screenshot,ts&o=darwin&a=arm64
18-06-2026 09:54:56.775 [html-report] [DEBUG] Setting MaxRecvMsgSize = 1024 MB
18-06-2026 09:54:56.776 [Gauge] [DEBUG] Attempting to connect to grpc server at port: 61464
18-06-2026 09:54:56.776 [Gauge] [DEBUG] Successfully made the connection with plugin with port: 61464
18-06-2026 09:54:56.776 [Gauge] [DEBUG] Initialising suite data store.
18-06-2026 09:54:57.000 [ts] [ERROR] tests/StepImplementation.ts(689,20): error TS2584: Cannot find name 'document'. Do you need to change your target library? Try changing the 'lib' compiler option to include 'dom'.
18-06-2026 09:54:57.000 [ts] [ERROR] tests/StepImplementation.ts(692,24): error TS2304: Cannot find name 'HTMLElement'.
18-06-2026 09:54:57.009 [Gauge] [INFO] # 会員ログイン
18-06-2026 09:54:57.011 [Gauge] [INFO] ## 会員が正常にログインして会員ダッシュボードに遷移する
18-06-2026 09:54:57.014 [Gauge] [DEBUG] * ログインページを開く
18-06-2026 09:54:57.016 [Gauge] [ERROR] Failed Step: ログインページを開く
18-06-2026 09:54:57.016 [Gauge] [ERROR] Error Message: Step Implementation not found
18-06-2026 09:54:57.016 [Gauge] [ERROR] Specification: specs/01_member_login.spec:8
18-06-2026 09:54:57.016 [Gauge] [ERROR] Stacktrace: 
18-06-2026 09:54:57.016 [Gauge] [INFO] ## 誤ったパスワードでログインするとエラーが表示される
18-06-2026 09:54:57.017 [Gauge] [DEBUG] * ログインページを開く
18-06-2026 09:54:57.018 [Gauge] [ERROR] Failed Step: ログインページを開く
18-06-2026 09:54:57.018 [Gauge] [ERROR] Error Message: Step Implementation not found
18-06-2026 09:54:57.018 [Gauge] [ERROR] Specification: specs/01_member_login.spec:14
18-06-2026 09:54:57.018 [Gauge] [ERROR] Stacktrace: 
18-06-2026 09:54:57.018 [Gauge] [INFO] ## 未登録メールアドレスでログインするとエラーが表示される
18-06-2026 09:54:57.019 [Gauge] [DEBUG] * ログインページを開く
18-06-2026 09:54:57.020 [Gauge] [ERROR] Failed Step: ログインページを開く
18-06-2026 09:54:57.020 [Gauge] [ERROR] Error Message: Step Implementation not found
18-06-2026 09:54:57.020 [Gauge] [ERROR] Specification: specs/01_member_login.spec:20
18-06-2026 09:54:57.020 [Gauge] [ERROR] Stacktrace: 
18-06-2026 09:54:57.021 [Gauge] [INFO] # 職員（コーチ）ログイン
18-06-2026 09:54:57.022 [Gauge] [INFO] ## sessionStorage から管理画面を直接開ける
18-06-2026 09:54:57.022 [Gauge] [DEBUG] * 職員としてセッションを設定して管理画面を開く
18-06-2026 09:54:57.023 [Gauge] [ERROR] Failed Step: 職員としてセッションを設定して管理画面を開く
18-06-2026 09:54:57.023 [Gauge] [ERROR] Error Message: Step Implementation not found
18-06-2026 09:54:57.023 [Gauge] [ERROR] Specification: specs/02_staff_login.spec:7
18-06-2026 09:54:57.023 [Gauge] [ERROR] Stacktrace: 
18-06-2026 09:54:57.024 [Gauge] [INFO] # 学習記録の入力
18-06-2026 09:54:57.025 [Gauge] [INFO] ## 会員が学習記録を入力して保存できる
18-06-2026 09:54:57.025 [Gauge] [DEBUG] * 会員としてセッションを設定して会員画面を開く
18-06-2026 09:54:57.026 [Gauge] [ERROR] Failed Step: 会員としてセッションを設定して会員画面を開く
18-06-2026 09:54:57.026 [Gauge] [ERROR] Error Message: Step Implementation not found
18-06-2026 09:54:57.026 [Gauge] [ERROR] Specification: specs/03_learning_log.spec:8
18-06-2026 09:54:57.026 [Gauge] [ERROR] Stacktrace: 
18-06-2026 09:54:57.027 [Gauge] [INFO] # 会員一覧の検索
18-06-2026 09:54:57.027 [Gauge] [INFO] ## キーワードで会員を検索できる
18-06-2026 09:54:57.028 [Gauge] [DEBUG] * 職員としてセッションを設定して管理画面を開く
18-06-2026 09:54:57.029 [Gauge] [ERROR] Failed Step: 職員としてセッションを設定して管理画面を開く
18-06-2026 09:54:57.029 [Gauge] [ERROR] Error Message: Step Implementation not found
18-06-2026 09:54:57.029 [Gauge] [ERROR] Specification: specs/04_member_search.spec:8
18-06-2026 09:54:57.029 [Gauge] [ERROR] Stacktrace: 
18-06-2026 09:54:57.029 [Gauge] [INFO] ## 存在しないキーワードで検索すると該当なしになる
18-06-2026 09:54:57.029 [Gauge] [DEBUG] * 職員としてセッションを設定して管理画面を開く
18-06-2026 09:54:57.030 [Gauge] [ERROR] Failed Step: 職員としてセッションを設定して管理画面を開く
18-06-2026 09:54:57.030 [Gauge] [ERROR] Error Message: Step Implementation not found
18-06-2026 09:54:57.030 [Gauge] [ERROR] Specification: specs/04_member_search.spec:15
18-06-2026 09:54:57.030 [Gauge] [ERROR] Stacktrace: 
18-06-2026 09:54:57.031 [Gauge] [INFO] # ログアウト
18-06-2026 09:54:57.031 [Gauge] [INFO] ## 職員がログアウトすると login.html に戻る
18-06-2026 09:54:57.032 [Gauge] [DEBUG] * 職員としてセッションを設定して管理画面を開く
18-06-2026 09:54:57.033 [Gauge] [ERROR] Failed Step: 職員としてセッションを設定して管理画面を開く
18-06-2026 09:54:57.033 [Gauge] [ERROR] Error Message: Step Implementation not found
18-06-2026 09:54:57.033 [Gauge] [ERROR] Specification: specs/05_logout.spec:7
18-06-2026 09:54:57.033 [Gauge] [ERROR] Stacktrace: 
18-06-2026 09:54:57.035 [html-report] [DEBUG] Transformed SuiteResult to report structure
18-06-2026 09:54:57.045 [html-report] [INFO] Successfully generated html-report to => /Users/yasuikendo/morrow-world/study_app/e2e/reports/html-report/index.html
18-06-2026 09:54:57.045 [html-report] [DEBUG] Done generating HTML report using theme from /Users/yasuikendo/.gauge/plugins/html-report/4.4.5/themes/default
18-06-2026 09:54:57.045 [Gauge] [DEBUG] Sending kill message to Html Report plugin.
18-06-2026 09:54:57.045 [Gauge] [INFO] Specifications:	5 executed	0 passed	5 failed	0 skipped
18-06-2026 09:54:57.045 [Gauge] [INFO] Scenarios:	8 executed	0 passed	8 failed	0 skipped
18-06-2026 09:54:57.045 [Gauge] [INFO] 
Total time taken: 298ms
18-06-2026 09:55:12.437 [Gauge] [DEBUG] Created gauge_screenshots_dir at /Users/yasuikendo/morrow-world/study_app/e2e/.gauge/screenshots
18-06-2026 09:55:12.437 [Gauge] [DEBUG] Plugin ts is already installed.
18-06-2026 09:55:12.438 [Gauge] [DEBUG] Plugin html-report is already installed.
18-06-2026 09:55:12.438 [Gauge] [DEBUG] Parsing started.
18-06-2026 09:55:12.438 [Gauge] [DEBUG] Started concepts parsing.
18-06-2026 09:55:12.439 [Gauge] [DEBUG] 0 concepts parsing completed.
18-06-2026 09:55:12.439 [Gauge] [DEBUG] Started specifications parsing.
18-06-2026 09:55:12.439 [Gauge] [DEBUG] 5 specifications parsing completed.
18-06-2026 09:55:12.439 [Gauge] [DEBUG] Parsing completed.
18-06-2026 09:55:12.484 [ts] [ERROR] (node:90543) [DEP0190] DeprecationWarning: Passing args to a child process with shell option true can lead to security vulnerabilities, as the arguments are not escaped, only concatenated.
18-06-2026 09:55:12.484 [ts] [ERROR] (Use `node --trace-deprecation ...` to show where the warning was created)
18-06-2026 09:55:12.832 [Gauge] [DEBUG] Checking updates...
18-06-2026 09:55:12.832 [Gauge] [DEBUG] Downloading https://downloads.gauge.org/plugin/html-report?l=ts&p=html-report,screenshot,ts&o=darwin&a=arm64
18-06-2026 09:55:13.200 [Gauge] [DEBUG] Downloading https://downloads.gauge.org/plugin/screenshot?l=ts&p=html-report,screenshot,ts&o=darwin&a=arm64
18-06-2026 09:55:13.272 [ts] [ERROR] (node:90571) [DEP0180] DeprecationWarning: fs.Stats constructor is deprecated.
18-06-2026 09:55:13.272 [ts] [ERROR] (Use `node --trace-deprecation ...` to show where the warning was created)
18-06-2026 09:55:13.276 [Gauge] [DEBUG] Attempting to connect to grpc server at port: 61471
18-06-2026 09:55:13.276 [Gauge] [DEBUG] Successfully made the connection with runner with port: 61471
18-06-2026 09:55:13.276 [Gauge] [DEBUG] Validation started.
18-06-2026 09:55:13.289 [Gauge] [DEBUG] Validation completed.
18-06-2026 09:55:13.289 [Gauge] [DEBUG] Run started
18-06-2026 09:55:13.290 [Gauge] [DEBUG] Starting Html Report plugin
18-06-2026 09:55:13.298 [Gauge] [DEBUG] Attempting to connect to grpc server at port: 61474
18-06-2026 09:55:13.298 [Gauge] [DEBUG] Successfully made the connection with plugin with port: 61474
18-06-2026 09:55:13.298 [Gauge] [DEBUG] Initialising suite data store.
18-06-2026 09:55:13.322 [Gauge] [DEBUG] Downloading https://downloads.gauge.org/plugin/ts?l=ts&p=html-report,screenshot,ts&o=darwin&a=arm64
18-06-2026 09:55:13.882 [Gauge] [INFO] # 会員ログイン
18-06-2026 09:55:13.883 [Gauge] [INFO] ## 会員が正常にログインして会員ダッシュボードに遷移する
18-06-2026 09:55:14.123 [Gauge] [DEBUG] * ログインページを開く
18-06-2026 09:55:14.221 [Gauge] [DEBUG] * 会員 "student_10001@example.jp" / "student10001" でログインする
18-06-2026 09:55:14.312 [Gauge] [DEBUG] * 会員ダッシュボード（ホーム画面）が表示される

18-06-2026 09:55:14.349 [Gauge] [INFO] ## 誤ったパスワードでログインするとエラーが表示される
18-06-2026 09:55:14.384 [Gauge] [DEBUG] * ログインページを開く
18-06-2026 09:55:14.410 [Gauge] [DEBUG] * 会員 "student_10001@example.jp" / "wrongpassword" でログインする
18-06-2026 09:55:14.464 [Gauge] [DEBUG] * ログインエラーメッセージが表示される

18-06-2026 09:55:14.469 [Gauge] [INFO] ## 未登録メールアドレスでログインするとエラーが表示される
18-06-2026 09:55:14.503 [Gauge] [DEBUG] * ログインページを開く
18-06-2026 09:55:14.529 [Gauge] [DEBUG] * 会員 "unknown@example.jp" / "anypassword" でログインする
18-06-2026 09:55:14.579 [Gauge] [DEBUG] * ログインエラーメッセージが表示される
18-06-2026 09:55:14.585 [Gauge] [INFO] # 職員（コーチ）ログイン
18-06-2026 09:55:14.586 [Gauge] [INFO] ## sessionStorage から管理画面を直接開ける
18-06-2026 09:55:14.619 [Gauge] [DEBUG] * 職員としてセッションを設定して管理画面を開く
18-06-2026 09:55:14.728 [Gauge] [DEBUG] * 管理画面（ダッシュボード）が表示される
18-06-2026 09:55:14.734 [Gauge] [DEBUG] * サイドバーが表示される
18-06-2026 09:55:14.740 [Gauge] [INFO] # 学習記録の入力
18-06-2026 09:55:14.741 [Gauge] [INFO] ## 会員が学習記録を入力して保存できる
18-06-2026 09:55:14.774 [Gauge] [DEBUG] * 会員としてセッションを設定して会員画面を開く
18-06-2026 09:55:14.842 [Gauge] [DEBUG] * 学習記録ボタンをクリックする
18-06-2026 09:55:14.890 [Gauge] [DEBUG] * 学習日 "2026-06-01" を入力する
18-06-2026 09:55:14.894 [Gauge] [DEBUG] * 教材を選択する
18-06-2026 09:55:14.909 [Gauge] [DEBUG] * 学習時間 "30" 分を選択する
18-06-2026 09:55:14.913 [Gauge] [DEBUG] * 記録を保存する
18-06-2026 09:55:14.946 [Gauge] [DEBUG] * 学習記録が localStorage に保存されている
18-06-2026 09:55:14.952 [Gauge] [INFO] # 会員一覧の検索
18-06-2026 09:55:14.953 [Gauge] [INFO] ## キーワードで会員を検索できる
18-06-2026 09:55:14.985 [Gauge] [DEBUG] * 職員としてセッションを設定して管理画面を開く
18-06-2026 09:55:15.084 [Gauge] [DEBUG] * 会員管理メニューをクリックする
18-06-2026 09:55:15.118 [Gauge] [DEBUG] * 会員検索欄に "見本一郎" と入力する
18-06-2026 09:55:15.448 [Gauge] [DEBUG] * 会員一覧に "見本一郎" が表示される

18-06-2026 09:55:15.456 [Gauge] [INFO] ## 存在しないキーワードで検索すると該当なしになる
18-06-2026 09:55:15.495 [Gauge] [DEBUG] * 職員としてセッションを設定して管理画面を開く
18-06-2026 09:55:15.595 [Gauge] [DEBUG] * 会員管理メニューをクリックする
18-06-2026 09:55:15.634 [Gauge] [DEBUG] * 会員検索欄に "zzznotexist" と入力する
18-06-2026 09:55:15.966 [Gauge] [DEBUG] * 会員一覧に "見本一郎" が表示されない
18-06-2026 09:55:16.288 [Gauge] [INFO] # ログアウト
18-06-2026 09:55:16.290 [Gauge] [INFO] ## 職員がログアウトすると login.html に戻る
18-06-2026 09:55:16.335 [Gauge] [DEBUG] * 職員としてセッションを設定して管理画面を開く
18-06-2026 09:55:16.437 [Gauge] [DEBUG] * 管理画面でログアウトする
18-06-2026 09:55:16.484 [Gauge] [DEBUG] * ログインページにリダイレクトされる
18-06-2026 09:55:16.506 [html-report] [DEBUG] Transformed SuiteResult to report structure
18-06-2026 09:55:16.515 [html-report] [INFO] Successfully generated html-report to => /Users/yasuikendo/morrow-world/study_app/e2e/reports/html-report/index.html
18-06-2026 09:55:16.515 [html-report] [DEBUG] Done generating HTML report using theme from /Users/yasuikendo/.gauge/plugins/html-report/4.4.5/themes/default
18-06-2026 09:55:16.515 [Gauge] [DEBUG] Sending kill message to Html Report plugin.
18-06-2026 09:55:16.516 [Gauge] [INFO] Specifications:	5 executed	5 passed	0 failed	0 skipped
18-06-2026 09:55:16.516 [Gauge] [INFO] Scenarios:	8 executed	8 passed	0 failed	0 skipped
18-06-2026 09:55:16.516 [Gauge] [INFO] 
Total time taken: 3.216s
18-06-2026 09:55:24.625 [Gauge] [DEBUG] Created gauge_screenshots_dir at /Users/yasuikendo/morrow-world/study_app/e2e/.gauge/screenshots
18-06-2026 09:55:24.625 [Gauge] [DEBUG] Plugin ts is already installed.
18-06-2026 09:55:24.625 [Gauge] [DEBUG] Plugin html-report is already installed.
18-06-2026 09:55:24.625 [Gauge] [DEBUG] Parsing started.
18-06-2026 09:55:24.625 [Gauge] [DEBUG] Started concepts parsing.
18-06-2026 09:55:24.626 [Gauge] [DEBUG] 0 concepts parsing completed.
18-06-2026 09:55:24.626 [Gauge] [DEBUG] Started specifications parsing.
18-06-2026 09:55:24.626 [Gauge] [DEBUG] 1 specifications parsing completed.
18-06-2026 09:55:24.626 [Gauge] [DEBUG] Parsing completed.
18-06-2026 09:55:24.673 [ts] [ERROR] (node:90696) [DEP0190] DeprecationWarning: Passing args to a child process with shell option true can lead to security vulnerabilities, as the arguments are not escaped, only concatenated.
18-06-2026 09:55:24.673 [ts] [ERROR] (Use `node --trace-deprecation ...` to show where the warning was created)
18-06-2026 09:55:24.906 [Gauge] [DEBUG] Checking updates...
18-06-2026 09:55:24.907 [Gauge] [DEBUG] Downloading https://downloads.gauge.org/plugin/html-report?l=ts&p=html-report,screenshot,ts&o=darwin&a=arm64
18-06-2026 09:55:25.473 [ts] [ERROR] (node:90735) [DEP0180] DeprecationWarning: fs.Stats constructor is deprecated.
18-06-2026 09:55:25.473 [ts] [ERROR] (Use `node --trace-deprecation ...` to show where the warning was created)
18-06-2026 09:55:25.478 [Gauge] [DEBUG] Attempting to connect to grpc server at port: 61509
18-06-2026 09:55:25.478 [Gauge] [DEBUG] Successfully made the connection with runner with port: 61509
18-06-2026 09:55:25.478 [Gauge] [DEBUG] Validation started.
18-06-2026 09:55:25.487 [Gauge] [DEBUG] Validation completed.
18-06-2026 09:55:25.487 [Gauge] [DEBUG] Run started
18-06-2026 09:55:25.487 [Gauge] [DEBUG] Starting Html Report plugin
18-06-2026 09:55:25.495 [html-report] [DEBUG] Setting MaxRecvMsgSize = 1024 MB
18-06-2026 09:55:25.495 [Gauge] [DEBUG] Attempting to connect to grpc server at port: 61512
18-06-2026 09:55:25.495 [Gauge] [DEBUG] Successfully made the connection with plugin with port: 61512
18-06-2026 09:55:25.495 [Gauge] [DEBUG] Initialising suite data store.
18-06-2026 09:55:25.548 [Gauge] [DEBUG] Downloading https://downloads.gauge.org/plugin/screenshot?l=ts&p=html-report,screenshot,ts&o=darwin&a=arm64
18-06-2026 09:55:25.709 [Gauge] [DEBUG] Downloading https://downloads.gauge.org/plugin/ts?l=ts&p=html-report,screenshot,ts&o=darwin&a=arm64
18-06-2026 09:55:25.918 [Gauge] [INFO] # 新規会員登録
18-06-2026 09:55:25.921 [Gauge] [INFO] ## 新規会員を登録するとリロード後に詳細パネルで確認できる
18-06-2026 09:55:25.964 [Gauge] [DEBUG] * 職員としてセッションを設定して管理画面を開く（localStorageなし）
18-06-2026 09:55:26.078 [Gauge] [DEBUG] * 会員管理メニューをクリックする
18-06-2026 09:55:26.118 [Gauge] [DEBUG] * 新規会員登録ボタンをクリックする
18-06-2026 09:55:26.153 [Gauge] [DEBUG] * 新規会員フォームに最小限の情報を入力する
18-06-2026 09:55:26.195 [Gauge] [DEBUG] * 新規会員フォームを保存する
18-06-2026 09:55:26.240 [Gauge] [DEBUG] * 管理画面をリロードする
18-06-2026 09:55:26.266 [Gauge] [DEBUG] * 会員管理メニューをクリックする
18-06-2026 09:55:26.296 [Gauge] [DEBUG] * 会員 "テスト 太郎" の行をクリックする
18-06-2026 09:55:26.334 [Gauge] [DEBUG] * 詳細パネルの "em-email" が "e2etest@example.jp" と表示される
18-06-2026 09:55:26.340 [Gauge] [DEBUG] * 詳細パネルの "em-id" が "99990" と表示される
18-06-2026 09:55:26.365 [html-report] [DEBUG] Transformed SuiteResult to report structure
18-06-2026 09:55:26.369 [html-report] [INFO] Successfully generated html-report to => /Users/yasuikendo/morrow-world/study_app/e2e/reports/html-report/index.html
18-06-2026 09:55:26.369 [html-report] [DEBUG] Done generating HTML report using theme from /Users/yasuikendo/.gauge/plugins/html-report/4.4.5/themes/default
18-06-2026 09:55:26.369 [Gauge] [DEBUG] Sending kill message to Html Report plugin.
18-06-2026 09:55:26.369 [Gauge] [INFO] Specifications:	1 executed	1 passed	0 failed	0 skipped
18-06-2026 09:55:26.369 [Gauge] [INFO] Scenarios:	1 executed	1 passed	0 failed	0 skipped
18-06-2026 09:55:26.369 [Gauge] [INFO] 
Total time taken: 877ms
18-06-2026 09:55:34.673 [Gauge] [DEBUG] Created gauge_screenshots_dir at /Users/yasuikendo/morrow-world/study_app/e2e/.gauge/screenshots
18-06-2026 09:55:34.674 [Gauge] [DEBUG] Plugin html-report is already installed.
18-06-2026 09:55:34.674 [Gauge] [DEBUG] Plugin ts is already installed.
18-06-2026 09:55:34.674 [Gauge] [DEBUG] Parsing started.
18-06-2026 09:55:34.674 [Gauge] [DEBUG] Started concepts parsing.
18-06-2026 09:55:34.675 [Gauge] [DEBUG] 0 concepts parsing completed.
18-06-2026 09:55:34.675 [Gauge] [DEBUG] Started specifications parsing.
18-06-2026 09:55:34.675 [Gauge] [DEBUG] 4 specifications parsing completed.
18-06-2026 09:55:34.675 [Gauge] [DEBUG] Parsing completed.
18-06-2026 09:55:34.718 [ts] [ERROR] (node:90830) [DEP0190] DeprecationWarning: Passing args to a child process with shell option true can lead to security vulnerabilities, as the arguments are not escaped, only concatenated.
18-06-2026 09:55:34.718 [ts] [ERROR] (Use `node --trace-deprecation ...` to show where the warning was created)
18-06-2026 09:55:35.502 [ts] [ERROR] (node:90858) [DEP0180] DeprecationWarning: fs.Stats constructor is deprecated.
18-06-2026 09:55:35.502 [ts] [ERROR] (Use `node --trace-deprecation ...` to show where the warning was created)
18-06-2026 09:55:35.515 [Gauge] [DEBUG] Attempting to connect to grpc server at port: 61523
18-06-2026 09:55:35.515 [Gauge] [DEBUG] Successfully made the connection with runner with port: 61523
18-06-2026 09:55:35.515 [Gauge] [DEBUG] Validation started.
18-06-2026 09:55:35.533 [Gauge] [DEBUG] Validation completed.
18-06-2026 09:55:35.533 [Gauge] [DEBUG] Run started
18-06-2026 09:55:35.535 [Gauge] [DEBUG] Starting Html Report plugin
18-06-2026 09:55:35.542 [Gauge] [DEBUG] Attempting to connect to grpc server at port: 61526
18-06-2026 09:55:35.542 [Gauge] [DEBUG] Successfully made the connection with plugin with port: 61526
18-06-2026 09:55:35.542 [Gauge] [DEBUG] Initialising suite data store.
18-06-2026 09:55:35.979 [Gauge] [INFO] # 会員情報編集
18-06-2026 09:55:35.982 [Gauge] [INFO] ## 会員のプランを変更するとリロード後に詳細パネルに反映される
18-06-2026 09:55:36.026 [Gauge] [DEBUG] * 職員としてセッションを設定して管理画面を開く（localStorageなし）
18-06-2026 09:55:36.134 [Gauge] [DEBUG] * localStorageに会員データを注入してリロードする
18-06-2026 09:55:36.162 [Gauge] [DEBUG] * 会員管理メニューをクリックする
18-06-2026 09:55:36.201 [Gauge] [DEBUG] * 会員 "見本一郎" の行をクリックする
18-06-2026 09:55:36.236 [Gauge] [DEBUG] * 詳細パネルの "em-plan" を "給付金6ヶ月プラン" に変更する
18-06-2026 09:55:36.243 [Gauge] [DEBUG] * 詳細パネルの変更を保存する
18-06-2026 09:55:36.719 [Gauge] [DEBUG] Checking updates...
18-06-2026 09:55:36.719 [Gauge] [DEBUG] Downloading https://downloads.gauge.org/plugin/html-report?l=ts&p=html-report,screenshot,ts&o=darwin&a=arm64
18-06-2026 09:55:38.983 [Gauge] [DEBUG] Downloading https://downloads.gauge.org/plugin/screenshot?l=ts&p=html-report,screenshot,ts&o=darwin&a=arm64
18-06-2026 09:55:39.603 [Gauge] [DEBUG] Downloading https://downloads.gauge.org/plugin/ts?l=ts&p=html-report,screenshot,ts&o=darwin&a=arm64
18-06-2026 09:55:46.814 [Gauge] [ERROR] Failed Step: 詳細パネルの変更を保存する
18-06-2026 09:55:46.814 [Gauge] [ERROR] Error Message: locator.waitFor: Timeout 10000ms exceeded.
Call log:
[2m  - waiting for locator('#em-email') to be hidden[22m
[2m    24 × locator resolved to visible <input required="" type="email" id="em-email" class="form-input" value="student_10001@example.jp"/>[22m
18-06-2026 09:55:46.814 [Gauge] [ERROR] Specification: specs/07_member_edit.spec:12
18-06-2026 09:55:46.814 [Gauge] [ERROR] Stacktrace: 
locator.waitFor: Timeout 10000ms exceeded.
Call log:
[2m  - waiting for locator('#em-email') to be hidden[22m
[2m    24 × locator resolved to visible <input required="" type="email" id="em-email" class="form-input" value="student_10001@example.jp"/>[22m

    at StepImplementation.<anonymous> (/Users/yasuikendo/morrow-world/study_app/e2e/tests/StepImplementation.ts:366:36)
    at fulfilled (/Users/yasuikendo/morrow-world/study_app/e2e/tests/StepImplementation.ts:14:58)
18-06-2026 09:55:46.820 [Gauge] [INFO] # コーチング記録
18-06-2026 09:55:46.821 [Gauge] [INFO] ## 通常コーチング記録を作成するとリロード後に詳細パネルに表示される
18-06-2026 09:55:46.862 [Gauge] [DEBUG] * 職員としてセッションを設定して管理画面を開く（localStorageなし）
18-06-2026 09:55:46.964 [Gauge] [DEBUG] * localStorageに会員データを注入してリロードする
18-06-2026 09:55:46.993 [Gauge] [DEBUG] * 会員管理メニューをクリックする
18-06-2026 09:55:47.035 [Gauge] [DEBUG] * 会員 "見本一郎" の行をクリックする
18-06-2026 09:55:47.072 [Gauge] [DEBUG] * コーチング記録追加ボタンをクリックする
18-06-2026 09:56:17.250 [Gauge] [ERROR] Failed Step: コーチング記録追加ボタンをクリックする
18-06-2026 09:56:17.250 [Gauge] [ERROR] Error Message: locator.click: Timeout 30000ms exceeded.
Call log:
[2m  - waiting for locator('button[onclick*="openCoachingRecordModal"][onclick*="null"]').first()[22m
[2m    - locator resolved to <button class="primary-btn share-hide" onclick="openCoachingRecordModal('10001', null)">＋ コーチングを記録</button>[22m
[2m  - attempting click action[22m
[2m    2 × waiting for element to be visible, enabled and stable[22m
[2m      - element is not visible[22m
[2m    - retrying click action[22m
[2m    - waiting 20ms[22m
[2m    2 × waiting for element to be visible, enabled and stable[22m
[2m      - element is not visible[22m
[2m    - retrying click action[22m
[2m      - waiting 100ms[22m
[2m    57 × waiting for element to be visible, enabled and stable[22m
[2m       - element is not visible[22m
[2m     - retrying click action[22m
[2m       - waiting 500ms[22m
18-06-2026 09:56:17.250 [Gauge] [ERROR] Specification: specs/08_coaching_record.spec:11
18-06-2026 09:56:17.250 [Gauge] [ERROR] Stacktrace: 
locator.click: Timeout 30000ms exceeded.
Call log:
[2m  - waiting for locator('button[onclick*="openCoachingRecordModal"][onclick*="null"]').first()[22m
[2m    - locator resolved to <button class="primary-btn share-hide" onclick="openCoachingRecordModal('10001', null)">＋ コーチングを記録</button>[22m
[2m  - attempting click action[22m
[2m    2 × waiting for element to be visible, enabled and stable[22m
[2m      - element is not visible[22m
[2m    - retrying click action[22m
[2m    - waiting 20ms[22m
[2m    2 × waiting for element to be visible, enabled and stable[22m
[2m      - element is not visible[22m
[2m    - retrying click action[22m
[2m      - waiting 100ms[22m
[2m    57 × waiting for element to be visible, enabled and stable[22m
[2m       - element is not visible[22m
[2m     - retrying click action[22m
[2m       - waiting 500ms[22m

    at StepImplementation.<anonymous> (/Users/yasuikendo/morrow-world/study_app/e2e/tests/StepImplementation.ts:442:94)
    at /Users/yasuikendo/morrow-world/study_app/e2e/tests/StepImplementation.ts:17:71
    at __awaiter (/Users/yasuikendo/morrow-world/study_app/e2e/tests/StepImplementation.ts:13:12)
    at StepImplementation.clickAddCoachingRecord (/Users/yasuikendo/morrow-world/study_app/e2e/tests/StepImplementation.ts:443:16)
    at StepExecutionProcessor.executeMethod (/Users/yasuikendo/morrow-world/study_app/node_modules/.pnpm/gauge-ts@0.3.0_@types+node@25.9.3/node_modules/gauge-ts/dist/processors/ExecutionProcessor.js:12:22)
    at StepExecutionProcessor.execute (/Users/yasuikendo/morrow-world/study_app/node_modules/.pnpm/gauge-ts@0.3.0_@types+node@25.9.3/node_modules/gauge-ts/dist/processors/StepExecutionProcessor.js:35:24)
    at StepExecutionProcessor.process (/Users/yasuikendo/morrow-world/study_app/node_modules/.pnpm/gauge-ts@0.3.0_@types+node@25.9.3/node_modules/gauge-ts/dist/processors/StepExecutionProcessor.js:16:35)
    at RunnerServer.executeStep (/Users/yasuikendo/morrow-world/study_app/node_modules/.pnpm/gauge-ts@0.3.0_@types+node@25.9.3/node_modules/gauge-ts/dist/RunnerServer.js:139:14)
    at Object.onReceiveHalfClose (/Users/yasuikendo/morrow-world/study_app/node_modules/.pnpm/@grpc+grpc-js@1.14.4/node_modules/@grpc/grpc-js/src/server.ts:2053:17)
    at BaseServerInterceptingCall.maybePushNextMessage (/Users/yasuikendo/morrow-world/study_app/node_modules/.pnpm/@grpc+grpc-js@1.14.4/node_modules/@grpc/grpc-js/src/server-interceptors.ts:815:23)
    at BaseServerInterceptingCall.handleEndEvent (/Users/yasuikendo/morrow-world/study_app/node_modules/.pnpm/@grpc+grpc-js@1.14.4/node_modules/@grpc/grpc-js/src/server-interceptors.ts:857:10)
    at ServerHttp2Stream.<anonymous> (/Users/yasuikendo/morrow-world/study_app/node_modules/.pnpm/@grpc+grpc-js@1.14.4/node_modules/@grpc/grpc-js/src/server-interceptors.ts:584:12)
18-06-2026 09:56:17.255 [Gauge] [INFO] # PROGOSスコア登録
18-06-2026 09:56:17.256 [Gauge] [INFO] ## PROGOSスコアを登録するとリロード後に詳細パネルに表示される
18-06-2026 09:56:17.292 [Gauge] [DEBUG] * 職員としてセッションを設定して管理画面を開く（localStorageなし）
18-06-2026 09:56:17.394 [Gauge] [DEBUG] * localStorageに会員データを注入してリロードする
18-06-2026 09:56:17.423 [Gauge] [DEBUG] * 会員管理メニューをクリックする
18-06-2026 09:56:17.469 [Gauge] [DEBUG] * 会員 "見本一郎" の行をクリックする
18-06-2026 09:56:17.505 [Gauge] [DEBUG] * PROGOSスコア登録ボタンをクリックする
18-06-2026 09:56:47.678 [Gauge] [ERROR] Failed Step: PROGOSスコア登録ボタンをクリックする
18-06-2026 09:56:47.678 [Gauge] [ERROR] Error Message: locator.click: Timeout 30000ms exceeded.
Call log:
[2m  - waiting for locator('button[onclick*="openProgosEntryModal(\'10001\')"]').first()[22m
[2m    - locator resolved to <button class="primary-btn share-hide" onclick="openProgosEntryModal('10001')">＋ スコアを登録</button>[22m
[2m  - attempting click action[22m
[2m    2 × waiting for element to be visible, enabled and stable[22m
[2m      - element is not visible[22m
[2m    - retrying click action[22m
[2m    - waiting 20ms[22m
[2m    2 × waiting for element to be visible, enabled and stable[22m
[2m      - element is not visible[22m
[2m    - retrying click action[22m
[2m      - waiting 100ms[22m
[2m    57 × waiting for element to be visible, enabled and stable[22m
[2m       - element is not visible[22m
[2m     - retrying click action[22m
[2m       - waiting 500ms[22m
18-06-2026 09:56:47.678 [Gauge] [ERROR] Specification: specs/09_progos_score.spec:11
18-06-2026 09:56:47.678 [Gauge] [ERROR] Stacktrace: 
locator.click: Timeout 30000ms exceeded.
Call log:
[2m  - waiting for locator('button[onclick*="openProgosEntryModal(\'10001\')"]').first()[22m
[2m    - locator resolved to <button class="primary-btn share-hide" onclick="openProgosEntryModal('10001')">＋ スコアを登録</button>[22m
[2m  - attempting click action[22m
[2m    2 × waiting for element to be visible, enabled and stable[22m
[2m      - element is not visible[22m
[2m    - retrying click action[22m
[2m    - waiting 20ms[22m
[2m    2 × waiting for element to be visible, enabled and stable[22m
[2m      - element is not visible[22m
[2m    - retrying click action[22m
[2m      - waiting 100ms[22m
[2m    57 × waiting for element to be visible, enabled and stable[22m
[2m       - element is not visible[22m
[2m     - retrying click action[22m
[2m       - waiting 500ms[22m

    at StepImplementation.<anonymous> (/Users/yasuikendo/morrow-world/study_app/e2e/tests/StepImplementation.ts:470:98)
    at /Users/yasuikendo/morrow-world/study_app/e2e/tests/StepImplementation.ts:17:71
    at __awaiter (/Users/yasuikendo/morrow-world/study_app/e2e/tests/StepImplementation.ts:13:12)
    at StepImplementation.clickAddProgosButton (/Users/yasuikendo/morrow-world/study_app/e2e/tests/StepImplementation.ts:470:16)
    at StepExecutionProcessor.executeMethod (/Users/yasuikendo/morrow-world/study_app/node_modules/.pnpm/gauge-ts@0.3.0_@types+node@25.9.3/node_modules/gauge-ts/dist/processors/ExecutionProcessor.js:12:22)
    at StepExecutionProcessor.execute (/Users/yasuikendo/morrow-world/study_app/node_modules/.pnpm/gauge-ts@0.3.0_@types+node@25.9.3/node_modules/gauge-ts/dist/processors/StepExecutionProcessor.js:35:24)
    at StepExecutionProcessor.process (/Users/yasuikendo/morrow-world/study_app/node_modules/.pnpm/gauge-ts@0.3.0_@types+node@25.9.3/node_modules/gauge-ts/dist/processors/StepExecutionProcessor.js:16:35)
    at RunnerServer.executeStep (/Users/yasuikendo/morrow-world/study_app/node_modules/.pnpm/gauge-ts@0.3.0_@types+node@25.9.3/node_modules/gauge-ts/dist/RunnerServer.js:139:14)
    at Object.onReceiveHalfClose (/Users/yasuikendo/morrow-world/study_app/node_modules/.pnpm/@grpc+grpc-js@1.14.4/node_modules/@grpc/grpc-js/src/server.ts:2053:17)
    at BaseServerInterceptingCall.maybePushNextMessage (/Users/yasuikendo/morrow-world/study_app/node_modules/.pnpm/@grpc+grpc-js@1.14.4/node_modules/@grpc/grpc-js/src/server-interceptors.ts:815:23)
    at BaseServerInterceptingCall.handleEndEvent (/Users/yasuikendo/morrow-world/study_app/node_modules/.pnpm/@grpc+grpc-js@1.14.4/node_modules/@grpc/grpc-js/src/server-interceptors.ts:857:10)
    at ServerHttp2Stream.<anonymous> (/Users/yasuikendo/morrow-world/study_app/node_modules/.pnpm/@grpc+grpc-js@1.14.4/node_modules/@grpc/grpc-js/src/server-interceptors.ts:584:12)
18-06-2026 09:56:47.682 [Gauge] [INFO] # 継続プラン管理
18-06-2026 09:56:47.683 [Gauge] [INFO] ## 継続プランを追加するとリロード後に詳細パネルに表示される
18-06-2026 09:56:47.717 [Gauge] [DEBUG] * 職員としてセッションを設定して管理画面を開く（localStorageなし）
18-06-2026 09:56:47.820 [Gauge] [DEBUG] * localStorageに会員データを注入してリロードする
18-06-2026 09:56:47.850 [Gauge] [DEBUG] * 会員管理メニューをクリックする
18-06-2026 09:56:47.885 [Gauge] [DEBUG] * 会員 "見本一郎" の行をクリックする
18-06-2026 09:56:47.952 [Gauge] [DEBUG] * 継続プラン追加ボタンをクリックする
18-06-2026 09:56:48.330 [Gauge] [DEBUG] * 継続プランフォームに最小限の情報を入力する
18-06-2026 09:56:48.544 [Gauge] [DEBUG] * 継続プランを保存する
18-06-2026 09:56:48.569 [Gauge] [DEBUG] * 管理画面をリロードする
18-06-2026 09:56:48.601 [Gauge] [DEBUG] * 会員管理メニューをクリックする
18-06-2026 09:56:48.630 [Gauge] [DEBUG] * 会員 "見本一郎" の行をクリックする
18-06-2026 09:56:48.666 [Gauge] [DEBUG] * 継続プランが表示される
18-06-2026 09:56:48.688 [html-report] [DEBUG] Transformed SuiteResult to report structure
18-06-2026 09:56:48.696 [html-report] [INFO] Successfully generated html-report to => /Users/yasuikendo/morrow-world/study_app/e2e/reports/html-report/index.html
18-06-2026 09:56:48.696 [html-report] [DEBUG] Done generating HTML report using theme from /Users/yasuikendo/.gauge/plugins/html-report/4.4.5/themes/default
18-06-2026 09:56:48.696 [Gauge] [DEBUG] Sending kill message to Html Report plugin.
18-06-2026 09:56:48.697 [Gauge] [INFO] Specifications:	4 executed	1 passed	3 failed	0 skipped
18-06-2026 09:56:48.697 [Gauge] [INFO] Scenarios:	4 executed	1 passed	3 failed	0 skipped
18-06-2026 09:56:48.697 [Gauge] [INFO] 
Total time taken: 1m13.154s
18-06-2026 10:01:49.059 [Gauge] [DEBUG] Created gauge_screenshots_dir at /Users/yasuikendo/morrow-world/study_app/e2e/.gauge/screenshots
18-06-2026 10:01:49.059 [Gauge] [DEBUG] Plugin ts is already installed.
18-06-2026 10:01:49.059 [Gauge] [DEBUG] Plugin html-report is already installed.
18-06-2026 10:01:49.059 [Gauge] [DEBUG] Parsing started.
18-06-2026 10:01:49.060 [Gauge] [DEBUG] Started concepts parsing.
18-06-2026 10:01:49.060 [Gauge] [DEBUG] 0 concepts parsing completed.
18-06-2026 10:01:49.060 [Gauge] [DEBUG] Started specifications parsing.
18-06-2026 10:01:49.060 [Gauge] [DEBUG] 3 specifications parsing completed.
18-06-2026 10:01:49.060 [Gauge] [DEBUG] Parsing completed.
18-06-2026 10:01:49.099 [ts] [ERROR] (node:94093) [DEP0190] DeprecationWarning: Passing args to a child process with shell option true can lead to security vulnerabilities, as the arguments are not escaped, only concatenated.
18-06-2026 10:01:49.099 [ts] [ERROR] (Use `node --trace-deprecation ...` to show where the warning was created)
18-06-2026 10:01:49.889 [ts] [ERROR] (node:94121) [DEP0180] DeprecationWarning: fs.Stats constructor is deprecated.
18-06-2026 10:01:49.889 [ts] [ERROR] (Use `node --trace-deprecation ...` to show where the warning was created)
18-06-2026 10:01:49.902 [Gauge] [DEBUG] Attempting to connect to grpc server at port: 61577
18-06-2026 10:01:49.902 [Gauge] [DEBUG] Successfully made the connection with runner with port: 61577
18-06-2026 10:01:49.902 [Gauge] [DEBUG] Validation started.
18-06-2026 10:01:49.919 [Gauge] [DEBUG] Validation completed.
18-06-2026 10:01:49.919 [Gauge] [DEBUG] Run started
18-06-2026 10:01:49.920 [Gauge] [DEBUG] Starting Html Report plugin
18-06-2026 10:01:49.929 [Gauge] [DEBUG] Attempting to connect to grpc server at port: 61580
18-06-2026 10:01:49.929 [Gauge] [DEBUG] Successfully made the connection with plugin with port: 61580
18-06-2026 10:01:49.929 [Gauge] [DEBUG] Initialising suite data store.
18-06-2026 10:01:50.015 [Gauge] [DEBUG] Checking updates...
18-06-2026 10:01:50.015 [Gauge] [DEBUG] Downloading https://downloads.gauge.org/plugin/html-report?l=ts&p=html-report,screenshot,ts&o=darwin&a=arm64
18-06-2026 10:01:50.359 [Gauge] [INFO] # 会員情報編集
18-06-2026 10:01:50.362 [Gauge] [INFO] ## 会員のプランを変更するとリロード後に詳細パネルに反映される
18-06-2026 10:01:50.403 [Gauge] [DEBUG] * 職員としてセッションを設定して管理画面を開く（localStorageなし）
18-06-2026 10:01:50.430 [Gauge] [DEBUG] Downloading https://downloads.gauge.org/plugin/screenshot?l=ts&p=html-report,screenshot,ts&o=darwin&a=arm64
18-06-2026 10:01:50.514 [Gauge] [DEBUG] * localStorageに会員データを注入してリロードする
18-06-2026 10:01:50.543 [Gauge] [DEBUG] * 会員管理メニューをクリックする
18-06-2026 10:01:50.553 [Gauge] [DEBUG] Downloading https://downloads.gauge.org/plugin/ts?l=ts&p=html-report,screenshot,ts&o=darwin&a=arm64
18-06-2026 10:01:50.584 [Gauge] [DEBUG] * 会員 "見本一郎" の行をクリックする
18-06-2026 10:01:50.618 [Gauge] [DEBUG] * 詳細パネルの "em-plan" を "給付金6ヶ月プラン" に変更する
18-06-2026 10:01:50.625 [Gauge] [DEBUG] * 詳細パネルの変更を保存する
18-06-2026 10:01:52.526 [Gauge] [DEBUG] * 会員管理メニューをクリックする
18-06-2026 10:02:22.728 [Gauge] [ERROR] Failed Step: 会員管理メニューをクリックする
18-06-2026 10:02:22.728 [Gauge] [ERROR] Error Message: page.click: Timeout 30000ms exceeded.
Call log:
[2m  - waiting for locator('[data-screen="members"]')[22m
[2m    - locator resolved to <li data-screen="members" class="nav-item active" onclick="switchScreen('members')">…</li>[22m
[2m  - attempting click action[22m
[2m    2 × waiting for element to be visible, enabled and stable[22m
[2m      - element is visible, enabled and stable[22m
[2m      - scrolling into view if needed[22m
[2m      - done scrolling[22m
[2m      - <div id="overlay" class="overlay show" onclick="closeMemberPanel()"></div> intercepts pointer events[22m
[2m    - retrying click action[22m
[2m    - waiting 20ms[22m
[2m    2 × waiting for element to be visible, enabled and stable[22m
[2m      - element is visible, enabled and stable[22m
[2m      - scrolling into view if needed[22m
[2m      - done scrolling[22m
[2m      - <div id="overlay" class="overlay show" onclick="closeMemberPanel()"></div> intercepts pointer events[22m
[2m    - retrying click action[22m
[2m      - waiting 100ms[22m
[2m    56 × waiting for element to be visible, enabled and stable[22m
[2m       - element is visible, enabled and stable[22m
[2m       - scrolling into view if needed[22m
[2m       - done scrolling[22m
[2m       - <div id="overlay" class="overlay show" onclick="closeMemberPanel()"></div> intercepts pointer events[22m
[2m     - retrying click action[22m
[2m       - waiting 500ms[22m
18-06-2026 10:02:22.728 [Gauge] [ERROR] Specification: specs/07_member_edit.spec:13
18-06-2026 10:02:22.728 [Gauge] [ERROR] Stacktrace: 
page.click: Timeout 30000ms exceeded.
Call log:
[2m  - waiting for locator('[data-screen="members"]')[22m
[2m    - locator resolved to <li data-screen="members" class="nav-item active" onclick="switchScreen('members')">…</li>[22m
[2m  - attempting click action[22m
[2m    2 × waiting for element to be visible, enabled and stable[22m
[2m      - element is visible, enabled and stable[22m
[2m      - scrolling into view if needed[22m
[2m      - done scrolling[22m
[2m      - <div id="overlay" class="overlay show" onclick="closeMemberPanel()"></div> intercepts pointer events[22m
[2m    - retrying click action[22m
[2m    - waiting 20ms[22m
[2m    2 × waiting for element to be visible, enabled and stable[22m
[2m      - element is visible, enabled and stable[22m
[2m      - scrolling into view if needed[22m
[2m      - done scrolling[22m
[2m      - <div id="overlay" class="overlay show" onclick="closeMemberPanel()"></div> intercepts pointer events[22m
[2m    - retrying click action[22m
[2m      - waiting 100ms[22m
[2m    56 × waiting for element to be visible, enabled and stable[22m
[2m       - element is visible, enabled and stable[22m
[2m       - scrolling into view if needed[22m
[2m       - done scrolling[22m
[2m       - <div id="overlay" class="overlay show" onclick="closeMemberPanel()"></div> intercepts pointer events[22m
[2m     - retrying click action[22m
[2m       - waiting 500ms[22m

    at StepImplementation.<anonymous> (/Users/yasuikendo/morrow-world/study_app/e2e/tests/StepImplementation.ts:270:15)
    at /Users/yasuikendo/morrow-world/study_app/e2e/tests/StepImplementation.ts:17:71
    at __awaiter (/Users/yasuikendo/morrow-world/study_app/e2e/tests/StepImplementation.ts:13:12)
    at StepImplementation.clickMembersNav (/Users/yasuikendo/morrow-world/study_app/e2e/tests/StepImplementation.ts:272:16)
    at StepExecutionProcessor.executeMethod (/Users/yasuikendo/morrow-world/study_app/node_modules/.pnpm/gauge-ts@0.3.0_@types+node@25.9.3/node_modules/gauge-ts/dist/processors/ExecutionProcessor.js:12:22)
    at StepExecutionProcessor.execute (/Users/yasuikendo/morrow-world/study_app/node_modules/.pnpm/gauge-ts@0.3.0_@types+node@25.9.3/node_modules/gauge-ts/dist/processors/StepExecutionProcessor.js:35:24)
    at StepExecutionProcessor.process (/Users/yasuikendo/morrow-world/study_app/node_modules/.pnpm/gauge-ts@0.3.0_@types+node@25.9.3/node_modules/gauge-ts/dist/processors/StepExecutionProcessor.js:16:35)
    at RunnerServer.executeStep (/Users/yasuikendo/morrow-world/study_app/node_modules/.pnpm/gauge-ts@0.3.0_@types+node@25.9.3/node_modules/gauge-ts/dist/RunnerServer.js:139:14)
    at Object.onReceiveHalfClose (/Users/yasuikendo/morrow-world/study_app/node_modules/.pnpm/@grpc+grpc-js@1.14.4/node_modules/@grpc/grpc-js/src/server.ts:2053:17)
    at BaseServerInterceptingCall.maybePushNextMessage (/Users/yasuikendo/morrow-world/study_app/node_modules/.pnpm/@grpc+grpc-js@1.14.4/node_modules/@grpc/grpc-js/src/server-interceptors.ts:815:23)
    at BaseServerInterceptingCall.handleEndEvent (/Users/yasuikendo/morrow-world/study_app/node_modules/.pnpm/@grpc+grpc-js@1.14.4/node_modules/@grpc/grpc-js/src/server-interceptors.ts:857:10)
    at ServerHttp2Stream.<anonymous> (/Users/yasuikendo/morrow-world/study_app/node_modules/.pnpm/@grpc+grpc-js@1.14.4/node_modules/@grpc/grpc-js/src/server-interceptors.ts:584:12)
18-06-2026 10:02:22.732 [Gauge] [INFO] # コーチング記録
18-06-2026 10:02:22.733 [Gauge] [INFO] ## 通常コーチング記録を作成するとリロード後に詳細パネルに表示される
18-06-2026 10:02:22.782 [Gauge] [DEBUG] * 職員としてセッションを設定して管理画面を開く（localStorageなし）
18-06-2026 10:02:22.884 [Gauge] [DEBUG] * localStorageに会員データを注入してリロードする
18-06-2026 10:02:22.913 [Gauge] [DEBUG] * 会員管理メニューをクリックする
18-06-2026 10:02:22.948 [Gauge] [DEBUG] * 会員 "見本一郎" の行をクリックする
18-06-2026 10:02:22.984 [Gauge] [DEBUG] * コーチング記録追加ボタンをクリックする
18-06-2026 10:02:53.174 [Gauge] [ERROR] Failed Step: コーチング記録追加ボタンをクリックする
18-06-2026 10:02:53.174 [Gauge] [ERROR] Error Message: locator.scrollIntoViewIfNeeded: Timeout 29997.770000000004ms exceeded.
Call log:
[2m  - attempting scroll into view action[22m
[2m    2 × waiting for element to be stable[22m
[2m      - element is not visible[22m
[2m    - retrying scroll into view action[22m
[2m    - waiting 20ms[22m
[2m    2 × waiting for element to be stable[22m
[2m      - element is not visible[22m
[2m    - retrying scroll into view action[22m
[2m      - waiting 100ms[22m
[2m    56 × waiting for element to be stable[22m
[2m       - element is not visible[22m
[2m     - retrying scroll into view action[22m
[2m       - waiting 500ms[22m
18-06-2026 10:02:53.174 [Gauge] [ERROR] Specification: specs/08_coaching_record.spec:11
18-06-2026 10:02:53.174 [Gauge] [ERROR] Stacktrace: 
locator.scrollIntoViewIfNeeded: Timeout 29997.770000000004ms exceeded.
Call log:
[2m  - attempting scroll into view action[22m
[2m    2 × waiting for element to be stable[22m
[2m      - element is not visible[22m
[2m    - retrying scroll into view action[22m
[2m    - waiting 20ms[22m
[2m    2 × waiting for element to be stable[22m
[2m      - element is not visible[22m
[2m    - retrying scroll into view action[22m
[2m      - waiting 100ms[22m
[2m    56 × waiting for element to be stable[22m
[2m       - element is not visible[22m
[2m     - retrying scroll into view action[22m
[2m       - waiting 500ms[22m

    at StepImplementation.<anonymous> (/Users/yasuikendo/morrow-world/study_app/e2e/tests/StepImplementation.ts:443:15)
    at /Users/yasuikendo/morrow-world/study_app/e2e/tests/StepImplementation.ts:17:71
    at __awaiter (/Users/yasuikendo/morrow-world/study_app/e2e/tests/StepImplementation.ts:13:12)
    at StepImplementation.clickAddCoachingRecord (/Users/yasuikendo/morrow-world/study_app/e2e/tests/StepImplementation.ts:443:16)
    at StepExecutionProcessor.executeMethod (/Users/yasuikendo/morrow-world/study_app/node_modules/.pnpm/gauge-ts@0.3.0_@types+node@25.9.3/node_modules/gauge-ts/dist/processors/ExecutionProcessor.js:12:22)
    at StepExecutionProcessor.execute (/Users/yasuikendo/morrow-world/study_app/node_modules/.pnpm/gauge-ts@0.3.0_@types+node@25.9.3/node_modules/gauge-ts/dist/processors/StepExecutionProcessor.js:35:24)
    at StepExecutionProcessor.process (/Users/yasuikendo/morrow-world/study_app/node_modules/.pnpm/gauge-ts@0.3.0_@types+node@25.9.3/node_modules/gauge-ts/dist/processors/StepExecutionProcessor.js:16:35)
    at RunnerServer.executeStep (/Users/yasuikendo/morrow-world/study_app/node_modules/.pnpm/gauge-ts@0.3.0_@types+node@25.9.3/node_modules/gauge-ts/dist/RunnerServer.js:139:14)
    at Object.onReceiveHalfClose (/Users/yasuikendo/morrow-world/study_app/node_modules/.pnpm/@grpc+grpc-js@1.14.4/node_modules/@grpc/grpc-js/src/server.ts:2053:17)
    at BaseServerInterceptingCall.maybePushNextMessage (/Users/yasuikendo/morrow-world/study_app/node_modules/.pnpm/@grpc+grpc-js@1.14.4/node_modules/@grpc/grpc-js/src/server-interceptors.ts:815:23)
    at BaseServerInterceptingCall.handleEndEvent (/Users/yasuikendo/morrow-world/study_app/node_modules/.pnpm/@grpc+grpc-js@1.14.4/node_modules/@grpc/grpc-js/src/server-interceptors.ts:857:10)
    at ServerHttp2Stream.<anonymous> (/Users/yasuikendo/morrow-world/study_app/node_modules/.pnpm/@grpc+grpc-js@1.14.4/node_modules/@grpc/grpc-js/src/server-interceptors.ts:584:12)
18-06-2026 10:02:53.178 [Gauge] [INFO] # PROGOSスコア登録
18-06-2026 10:02:53.178 [Gauge] [INFO] ## PROGOSスコアを登録するとリロード後に詳細パネルに表示される
18-06-2026 10:02:53.213 [Gauge] [DEBUG] * 職員としてセッションを設定して管理画面を開く（localStorageなし）
18-06-2026 10:02:53.314 [Gauge] [DEBUG] * localStorageに会員データを注入してリロードする
18-06-2026 10:02:53.343 [Gauge] [DEBUG] * 会員管理メニューをクリックする
18-06-2026 10:02:53.382 [Gauge] [DEBUG] * 会員 "見本一郎" の行をクリックする
18-06-2026 10:02:53.418 [Gauge] [DEBUG] * PROGOSスコア登録ボタンをクリックする
18-06-2026 10:03:23.671 [Gauge] [ERROR] Failed Step: PROGOSスコア登録ボタンをクリックする
18-06-2026 10:03:23.671 [Gauge] [ERROR] Error Message: locator.scrollIntoViewIfNeeded: Timeout 29997.979ms exceeded.
Call log:
[2m  - attempting scroll into view action[22m
[2m    2 × waiting for element to be stable[22m
[2m      - element is not visible[22m
[2m    - retrying scroll into view action[22m
[2m    - waiting 20ms[22m
[2m    2 × waiting for element to be stable[22m
[2m      - element is not visible[22m
[2m    - retrying scroll into view action[22m
[2m      - waiting 100ms[22m
[2m    56 × waiting for element to be stable[22m
[2m       - element is not visible[22m
[2m     - retrying scroll into view action[22m
[2m       - waiting 500ms[22m
18-06-2026 10:03:23.671 [Gauge] [ERROR] Specification: specs/09_progos_score.spec:11
18-06-2026 10:03:23.671 [Gauge] [ERROR] Stacktrace: 
locator.scrollIntoViewIfNeeded: Timeout 29997.979ms exceeded.
Call log:
[2m  - attempting scroll into view action[22m
[2m    2 × waiting for element to be stable[22m
[2m      - element is not visible[22m
[2m    - retrying scroll into view action[22m
[2m    - waiting 20ms[22m
[2m    2 × waiting for element to be stable[22m
[2m      - element is not visible[22m
[2m    - retrying scroll into view action[22m
[2m      - waiting 100ms[22m
[2m    56 × waiting for element to be stable[22m
[2m       - element is not visible[22m
[2m     - retrying scroll into view action[22m
[2m       - waiting 500ms[22m

    at StepImplementation.<anonymous> (/Users/yasuikendo/morrow-world/study_app/e2e/tests/StepImplementation.ts:473:15)
    at /Users/yasuikendo/morrow-world/study_app/e2e/tests/StepImplementation.ts:17:71
    at __awaiter (/Users/yasuikendo/morrow-world/study_app/e2e/tests/StepImplementation.ts:13:12)
    at StepImplementation.clickAddProgosButton (/Users/yasuikendo/morrow-world/study_app/e2e/tests/StepImplementation.ts:472:16)
    at StepExecutionProcessor.executeMethod (/Users/yasuikendo/morrow-world/study_app/node_modules/.pnpm/gauge-ts@0.3.0_@types+node@25.9.3/node_modules/gauge-ts/dist/processors/ExecutionProcessor.js:12:22)
    at StepExecutionProcessor.execute (/Users/yasuikendo/morrow-world/study_app/node_modules/.pnpm/gauge-ts@0.3.0_@types+node@25.9.3/node_modules/gauge-ts/dist/processors/StepExecutionProcessor.js:35:24)
    at StepExecutionProcessor.process (/Users/yasuikendo/morrow-world/study_app/node_modules/.pnpm/gauge-ts@0.3.0_@types+node@25.9.3/node_modules/gauge-ts/dist/processors/StepExecutionProcessor.js:16:35)
    at RunnerServer.executeStep (/Users/yasuikendo/morrow-world/study_app/node_modules/.pnpm/gauge-ts@0.3.0_@types+node@25.9.3/node_modules/gauge-ts/dist/RunnerServer.js:139:14)
    at Object.onReceiveHalfClose (/Users/yasuikendo/morrow-world/study_app/node_modules/.pnpm/@grpc+grpc-js@1.14.4/node_modules/@grpc/grpc-js/src/server.ts:2053:17)
    at BaseServerInterceptingCall.maybePushNextMessage (/Users/yasuikendo/morrow-world/study_app/node_modules/.pnpm/@grpc+grpc-js@1.14.4/node_modules/@grpc/grpc-js/src/server-interceptors.ts:815:23)
    at BaseServerInterceptingCall.handleEndEvent (/Users/yasuikendo/morrow-world/study_app/node_modules/.pnpm/@grpc+grpc-js@1.14.4/node_modules/@grpc/grpc-js/src/server-interceptors.ts:857:10)
    at ServerHttp2Stream.<anonymous> (/Users/yasuikendo/morrow-world/study_app/node_modules/.pnpm/@grpc+grpc-js@1.14.4/node_modules/@grpc/grpc-js/src/server-interceptors.ts:584:12)
18-06-2026 10:03:23.690 [html-report] [DEBUG] Transformed SuiteResult to report structure
18-06-2026 10:03:23.698 [html-report] [INFO] Successfully generated html-report to => /Users/yasuikendo/morrow-world/study_app/e2e/reports/html-report/index.html
18-06-2026 10:03:23.698 [html-report] [DEBUG] Done generating HTML report using theme from /Users/yasuikendo/.gauge/plugins/html-report/4.4.5/themes/default
18-06-2026 10:03:23.698 [Gauge] [DEBUG] Sending kill message to Html Report plugin.
18-06-2026 10:03:23.699 [Gauge] [INFO] Specifications:	3 executed	0 passed	3 failed	0 skipped
18-06-2026 10:03:23.699 [Gauge] [INFO] Scenarios:	3 executed	0 passed	3 failed	0 skipped
18-06-2026 10:03:23.699 [Gauge] [INFO] 
Total time taken: 1m33.714s
18-06-2026 10:03:29.476 [Gauge] [DEBUG] Created gauge_screenshots_dir at /Users/yasuikendo/morrow-world/study_app/e2e/.gauge/screenshots
18-06-2026 10:03:29.476 [Gauge] [DEBUG] Plugin ts is already installed.
18-06-2026 10:03:29.477 [Gauge] [DEBUG] Plugin html-report is already installed.
18-06-2026 10:03:29.477 [Gauge] [DEBUG] Parsing started.
18-06-2026 10:03:29.477 [Gauge] [DEBUG] Started concepts parsing.
18-06-2026 10:03:29.477 [Gauge] [DEBUG] 0 concepts parsing completed.
18-06-2026 10:03:29.477 [Gauge] [DEBUG] Started specifications parsing.
18-06-2026 10:03:29.477 [Gauge] [DEBUG] 2 specifications parsing completed.
18-06-2026 10:03:29.477 [Gauge] [DEBUG] Parsing completed.
18-06-2026 10:03:29.514 [ts] [ERROR] (node:95104) [DEP0190] DeprecationWarning: Passing args to a child process with shell option true can lead to security vulnerabilities, as the arguments are not escaped, only concatenated.
18-06-2026 10:03:29.515 [ts] [ERROR] (Use `node --trace-deprecation ...` to show where the warning was created)
18-06-2026 10:03:30.313 [ts] [ERROR] (node:95132) [DEP0180] DeprecationWarning: fs.Stats constructor is deprecated.
18-06-2026 10:03:30.313 [ts] [ERROR] (Use `node --trace-deprecation ...` to show where the warning was created)
18-06-2026 10:03:30.318 [Gauge] [DEBUG] Attempting to connect to grpc server at port: 61609
18-06-2026 10:03:30.318 [Gauge] [DEBUG] Successfully made the connection with runner with port: 61609
18-06-2026 10:03:30.318 [Gauge] [DEBUG] Validation started.
18-06-2026 10:03:30.328 [Gauge] [DEBUG] Validation completed.
18-06-2026 10:03:30.328 [Gauge] [DEBUG] Run started
18-06-2026 10:03:30.329 [Gauge] [DEBUG] Starting Html Report plugin
18-06-2026 10:03:30.336 [html-report] [DEBUG] Setting MaxRecvMsgSize = 1024 MB
18-06-2026 10:03:30.336 [Gauge] [DEBUG] Attempting to connect to grpc server at port: 61612
18-06-2026 10:03:30.336 [Gauge] [DEBUG] Successfully made the connection with plugin with port: 61612
18-06-2026 10:03:30.336 [Gauge] [DEBUG] Initialising suite data store.
18-06-2026 10:03:30.451 [Gauge] [DEBUG] Checking updates...
18-06-2026 10:03:30.451 [Gauge] [DEBUG] Downloading https://downloads.gauge.org/plugin/html-report?l=ts&p=html-report,screenshot,ts&o=darwin&a=arm64
18-06-2026 10:03:30.772 [Gauge] [INFO] # 会員情報編集
18-06-2026 10:03:30.773 [Gauge] [INFO] ## 会員のプランを変更するとリロード後に詳細パネルに反映される
18-06-2026 10:03:30.822 [Gauge] [DEBUG] * 職員としてセッションを設定して管理画面を開く（localStorageなし）
18-06-2026 10:03:30.857 [Gauge] [DEBUG] Downloading https://downloads.gauge.org/plugin/screenshot?l=ts&p=html-report,screenshot,ts&o=darwin&a=arm64
18-06-2026 10:03:30.932 [Gauge] [DEBUG] * localStorageに会員データを注入してリロードする
18-06-2026 10:03:30.961 [Gauge] [DEBUG] * 会員管理メニューをクリックする
18-06-2026 10:03:30.976 [Gauge] [DEBUG] Downloading https://downloads.gauge.org/plugin/ts?l=ts&p=html-report,screenshot,ts&o=darwin&a=arm64
18-06-2026 10:03:31.006 [Gauge] [DEBUG] * 会員 "見本一郎" の行をクリックする
18-06-2026 10:03:31.041 [Gauge] [DEBUG] * 詳細パネルの "em-plan" を "給付金6ヶ月プラン" に変更する
18-06-2026 10:03:31.049 [Gauge] [DEBUG] * 詳細パネルの変更を保存する
18-06-2026 10:03:32.943 [Gauge] [DEBUG] * 会員管理メニューをクリックする
18-06-2026 10:04:03.113 [Gauge] [ERROR] Failed Step: 会員管理メニューをクリックする
18-06-2026 10:04:03.113 [Gauge] [ERROR] Error Message: page.click: Timeout 30000ms exceeded.
Call log:
[2m  - waiting for locator('[data-screen="members"]')[22m
[2m    - locator resolved to <li data-screen="members" class="nav-item active" onclick="switchScreen('members')">…</li>[22m
[2m  - attempting click action[22m
[2m    2 × waiting for element to be visible, enabled and stable[22m
[2m      - element is visible, enabled and stable[22m
[2m      - scrolling into view if needed[22m
[2m      - done scrolling[22m
[2m      - <div id="overlay" class="overlay show" onclick="closeMemberPanel()"></div> intercepts pointer events[22m
[2m    - retrying click action[22m
[2m    - waiting 20ms[22m
[2m    2 × waiting for element to be visible, enabled and stable[22m
[2m      - element is visible, enabled and stable[22m
[2m      - scrolling into view if needed[22m
[2m      - done scrolling[22m
[2m      - <div id="overlay" class="overlay show" onclick="closeMemberPanel()"></div> intercepts pointer events[22m
[2m    - retrying click action[22m
[2m      - waiting 100ms[22m
[2m    56 × waiting for element to be visible, enabled and stable[22m
[2m       - element is visible, enabled and stable[22m
[2m       - scrolling into view if needed[22m
[2m       - done scrolling[22m
[2m       - <div id="overlay" class="overlay show" onclick="closeMemberPanel()"></div> intercepts pointer events[22m
[2m     - retrying click action[22m
[2m       - waiting 500ms[22m
18-06-2026 10:04:03.113 [Gauge] [ERROR] Specification: specs/07_member_edit.spec:13
18-06-2026 10:04:03.113 [Gauge] [ERROR] Stacktrace: 
page.click: Timeout 30000ms exceeded.
Call log:
[2m  - waiting for locator('[data-screen="members"]')[22m
[2m    - locator resolved to <li data-screen="members" class="nav-item active" onclick="switchScreen('members')">…</li>[22m
[2m  - attempting click action[22m
[2m    2 × waiting for element to be visible, enabled and stable[22m
[2m      - element is visible, enabled and stable[22m
[2m      - scrolling into view if needed[22m
[2m      - done scrolling[22m
[2m      - <div id="overlay" class="overlay show" onclick="closeMemberPanel()"></div> intercepts pointer events[22m
[2m    - retrying click action[22m
[2m    - waiting 20ms[22m
[2m    2 × waiting for element to be visible, enabled and stable[22m
[2m      - element is visible, enabled and stable[22m
[2m      - scrolling into view if needed[22m
[2m      - done scrolling[22m
[2m      - <div id="overlay" class="overlay show" onclick="closeMemberPanel()"></div> intercepts pointer events[22m
[2m    - retrying click action[22m
[2m      - waiting 100ms[22m
[2m    56 × waiting for element to be visible, enabled and stable[22m
[2m       - element is visible, enabled and stable[22m
[2m       - scrolling into view if needed[22m
[2m       - done scrolling[22m
[2m       - <div id="overlay" class="overlay show" onclick="closeMemberPanel()"></div> intercepts pointer events[22m
[2m     - retrying click action[22m
[2m       - waiting 500ms[22m

    at StepImplementation.<anonymous> (/Users/yasuikendo/morrow-world/study_app/e2e/tests/StepImplementation.ts:270:15)
    at /Users/yasuikendo/morrow-world/study_app/e2e/tests/StepImplementation.ts:17:71
    at __awaiter (/Users/yasuikendo/morrow-world/study_app/e2e/tests/StepImplementation.ts:13:12)
    at StepImplementation.clickMembersNav (/Users/yasuikendo/morrow-world/study_app/e2e/tests/StepImplementation.ts:272:16)
    at StepExecutionProcessor.executeMethod (/Users/yasuikendo/morrow-world/study_app/node_modules/.pnpm/gauge-ts@0.3.0_@types+node@25.9.3/node_modules/gauge-ts/dist/processors/ExecutionProcessor.js:12:22)
    at StepExecutionProcessor.execute (/Users/yasuikendo/morrow-world/study_app/node_modules/.pnpm/gauge-ts@0.3.0_@types+node@25.9.3/node_modules/gauge-ts/dist/processors/StepExecutionProcessor.js:35:24)
    at StepExecutionProcessor.process (/Users/yasuikendo/morrow-world/study_app/node_modules/.pnpm/gauge-ts@0.3.0_@types+node@25.9.3/node_modules/gauge-ts/dist/processors/StepExecutionProcessor.js:16:35)
    at RunnerServer.executeStep (/Users/yasuikendo/morrow-world/study_app/node_modules/.pnpm/gauge-ts@0.3.0_@types+node@25.9.3/node_modules/gauge-ts/dist/RunnerServer.js:139:14)
    at Object.onReceiveHalfClose (/Users/yasuikendo/morrow-world/study_app/node_modules/.pnpm/@grpc+grpc-js@1.14.4/node_modules/@grpc/grpc-js/src/server.ts:2053:17)
    at BaseServerInterceptingCall.maybePushNextMessage (/Users/yasuikendo/morrow-world/study_app/node_modules/.pnpm/@grpc+grpc-js@1.14.4/node_modules/@grpc/grpc-js/src/server-interceptors.ts:815:23)
    at BaseServerInterceptingCall.handleEndEvent (/Users/yasuikendo/morrow-world/study_app/node_modules/.pnpm/@grpc+grpc-js@1.14.4/node_modules/@grpc/grpc-js/src/server-interceptors.ts:857:10)
    at ServerHttp2Stream.<anonymous> (/Users/yasuikendo/morrow-world/study_app/node_modules/.pnpm/@grpc+grpc-js@1.14.4/node_modules/@grpc/grpc-js/src/server-interceptors.ts:584:12)
18-06-2026 10:04:03.117 [Gauge] [INFO] # コーチング記録
18-06-2026 10:04:03.118 [Gauge] [INFO] ## 通常コーチング記録を作成するとリロード後に詳細パネルに表示される
18-06-2026 10:04:03.155 [Gauge] [DEBUG] * 職員としてセッションを設定して管理画面を開く（localStorageなし）
18-06-2026 10:04:03.253 [Gauge] [DEBUG] * localStorageに会員データを注入してリロードする
18-06-2026 10:04:03.282 [Gauge] [DEBUG] * 会員管理メニューをクリックする
18-06-2026 10:04:03.322 [Gauge] [DEBUG] * 会員 "見本一郎" の行をクリックする
18-06-2026 10:04:03.359 [Gauge] [DEBUG] * コーチング記録追加ボタンをクリックする
18-06-2026 10:04:33.545 [Gauge] [ERROR] Failed Step: コーチング記録追加ボタンをクリックする
18-06-2026 10:04:33.545 [Gauge] [ERROR] Error Message: locator.scrollIntoViewIfNeeded: Timeout 29996.437000000005ms exceeded.
Call log:
[2m  - attempting scroll into view action[22m
[2m    2 × waiting for element to be stable[22m
[2m      - element is not visible[22m
[2m    - retrying scroll into view action[22m
[2m    - waiting 20ms[22m
[2m    2 × waiting for element to be stable[22m
[2m      - element is not visible[22m
[2m    - retrying scroll into view action[22m
[2m      - waiting 100ms[22m
[2m    56 × waiting for element to be stable[22m
[2m       - element is not visible[22m
[2m     - retrying scroll into view action[22m
[2m       - waiting 500ms[22m
18-06-2026 10:04:33.545 [Gauge] [ERROR] Specification: specs/08_coaching_record.spec:11
18-06-2026 10:04:33.545 [Gauge] [ERROR] Stacktrace: 
locator.scrollIntoViewIfNeeded: Timeout 29996.437000000005ms exceeded.
Call log:
[2m  - attempting scroll into view action[22m
[2m    2 × waiting for element to be stable[22m
[2m      - element is not visible[22m
[2m    - retrying scroll into view action[22m
[2m    - waiting 20ms[22m
[2m    2 × waiting for element to be stable[22m
[2m      - element is not visible[22m
[2m    - retrying scroll into view action[22m
[2m      - waiting 100ms[22m
[2m    56 × waiting for element to be stable[22m
[2m       - element is not visible[22m
[2m     - retrying scroll into view action[22m
[2m       - waiting 500ms[22m

    at StepImplementation.<anonymous> (/Users/yasuikendo/morrow-world/study_app/e2e/tests/StepImplementation.ts:443:15)
    at /Users/yasuikendo/morrow-world/study_app/e2e/tests/StepImplementation.ts:17:71
    at __awaiter (/Users/yasuikendo/morrow-world/study_app/e2e/tests/StepImplementation.ts:13:12)
    at StepImplementation.clickAddCoachingRecord (/Users/yasuikendo/morrow-world/study_app/e2e/tests/StepImplementation.ts:443:16)
    at StepExecutionProcessor.executeMethod (/Users/yasuikendo/morrow-world/study_app/node_modules/.pnpm/gauge-ts@0.3.0_@types+node@25.9.3/node_modules/gauge-ts/dist/processors/ExecutionProcessor.js:12:22)
    at StepExecutionProcessor.execute (/Users/yasuikendo/morrow-world/study_app/node_modules/.pnpm/gauge-ts@0.3.0_@types+node@25.9.3/node_modules/gauge-ts/dist/processors/StepExecutionProcessor.js:35:24)
    at StepExecutionProcessor.process (/Users/yasuikendo/morrow-world/study_app/node_modules/.pnpm/gauge-ts@0.3.0_@types+node@25.9.3/node_modules/gauge-ts/dist/processors/StepExecutionProcessor.js:16:35)
    at RunnerServer.executeStep (/Users/yasuikendo/morrow-world/study_app/node_modules/.pnpm/gauge-ts@0.3.0_@types+node@25.9.3/node_modules/gauge-ts/dist/RunnerServer.js:139:14)
    at Object.onReceiveHalfClose (/Users/yasuikendo/morrow-world/study_app/node_modules/.pnpm/@grpc+grpc-js@1.14.4/node_modules/@grpc/grpc-js/src/server.ts:2053:17)
    at BaseServerInterceptingCall.maybePushNextMessage (/Users/yasuikendo/morrow-world/study_app/node_modules/.pnpm/@grpc+grpc-js@1.14.4/node_modules/@grpc/grpc-js/src/server-interceptors.ts:815:23)
    at BaseServerInterceptingCall.handleEndEvent (/Users/yasuikendo/morrow-world/study_app/node_modules/.pnpm/@grpc+grpc-js@1.14.4/node_modules/@grpc/grpc-js/src/server-interceptors.ts:857:10)
    at ServerHttp2Stream.<anonymous> (/Users/yasuikendo/morrow-world/study_app/node_modules/.pnpm/@grpc+grpc-js@1.14.4/node_modules/@grpc/grpc-js/src/server-interceptors.ts:584:12)
18-06-2026 10:04:33.573 [html-report] [DEBUG] Transformed SuiteResult to report structure
18-06-2026 10:04:33.578 [html-report] [INFO] Successfully generated html-report to => /Users/yasuikendo/morrow-world/study_app/e2e/reports/html-report/index.html
18-06-2026 10:04:33.578 [html-report] [DEBUG] Done generating HTML report using theme from /Users/yasuikendo/.gauge/plugins/html-report/4.4.5/themes/default
18-06-2026 10:04:33.578 [Gauge] [DEBUG] Sending kill message to Html Report plugin.
18-06-2026 10:04:33.579 [Gauge] [INFO] Specifications:	2 executed	0 passed	2 failed	0 skipped
18-06-2026 10:04:33.579 [Gauge] [INFO] Scenarios:	2 executed	0 passed	2 failed	0 skipped
18-06-2026 10:04:33.579 [Gauge] [INFO] 
Total time taken: 1m3.243s
18-06-2026 11:54:07.825 [Gauge] [DEBUG] Created gauge_screenshots_dir at /Users/yasuikendo/morrow-world/study_app/e2e/.gauge/screenshots
18-06-2026 11:54:07.825 [Gauge] [DEBUG] Plugin ts is already installed.
18-06-2026 11:54:07.825 [Gauge] [DEBUG] Plugin html-report is already installed.
18-06-2026 11:54:07.825 [Gauge] [DEBUG] Parsing started.
18-06-2026 11:54:07.825 [Gauge] [DEBUG] Started concepts parsing.
18-06-2026 11:54:07.826 [Gauge] [DEBUG] 0 concepts parsing completed.
18-06-2026 11:54:07.826 [Gauge] [DEBUG] Started specifications parsing.
18-06-2026 11:54:07.826 [Gauge] [DEBUG] 1 specifications parsing completed.
18-06-2026 11:54:07.826 [Gauge] [DEBUG] Parsing completed.
18-06-2026 11:54:07.863 [ts] [ERROR] (node:52218) [DEP0190] DeprecationWarning: Passing args to a child process with shell option true can lead to security vulnerabilities, as the arguments are not escaped, only concatenated.
18-06-2026 11:54:07.863 [ts] [ERROR] (Use `node --trace-deprecation ...` to show where the warning was created)
18-06-2026 11:54:08.645 [ts] [ERROR] (node:52246) [DEP0180] DeprecationWarning: fs.Stats constructor is deprecated.
18-06-2026 11:54:08.645 [ts] [ERROR] (Use `node --trace-deprecation ...` to show where the warning was created)
18-06-2026 11:54:08.659 [Gauge] [DEBUG] Attempting to connect to grpc server at port: 62097
18-06-2026 11:54:08.659 [Gauge] [DEBUG] Successfully made the connection with runner with port: 62097
18-06-2026 11:54:08.659 [Gauge] [DEBUG] Validation started.
18-06-2026 11:54:08.669 [Gauge] [DEBUG] Validation completed.
18-06-2026 11:54:08.669 [Gauge] [DEBUG] Run started
18-06-2026 11:54:08.670 [Gauge] [DEBUG] Starting Html Report plugin
18-06-2026 11:54:08.679 [Gauge] [DEBUG] Attempting to connect to grpc server at port: 62100
18-06-2026 11:54:08.680 [Gauge] [DEBUG] Successfully made the connection with plugin with port: 62100
18-06-2026 11:54:08.680 [Gauge] [DEBUG] Initialising suite data store.
18-06-2026 11:54:08.813 [Gauge] [DEBUG] Checking updates...
18-06-2026 11:54:08.813 [Gauge] [DEBUG] Downloading https://downloads.gauge.org/plugin/html-report?l=ts&p=html-report,screenshot,ts&o=darwin&a=arm64
18-06-2026 11:54:09.137 [Gauge] [INFO] # 会員情報編集
18-06-2026 11:54:09.140 [Gauge] [INFO] ## 会員のプランを変更するとリロード後に詳細パネルに反映される
18-06-2026 11:54:09.188 [Gauge] [DEBUG] * 職員としてセッションを設定して管理画面を開く（localStorageなし）
18-06-2026 11:54:09.293 [Gauge] [DEBUG] * localStorageに会員データを注入してリロードする
18-06-2026 11:54:09.322 [Gauge] [DEBUG] * 会員管理メニューをクリックする
18-06-2026 11:54:09.356 [Gauge] [DEBUG] * 会員 "見本一郎" の行をクリックする
18-06-2026 11:54:09.391 [Gauge] [DEBUG] * 詳細パネルの "em-plan" を "給付金6ヶ月プラン" に変更する
18-06-2026 11:54:09.399 [Gauge] [DEBUG] * 詳細パネルの変更を保存する
18-06-2026 11:54:09.619 [Gauge] [DEBUG] Downloading https://downloads.gauge.org/plugin/screenshot?l=ts&p=html-report,screenshot,ts&o=darwin&a=arm64
18-06-2026 11:54:09.782 [Gauge] [DEBUG] Downloading https://downloads.gauge.org/plugin/ts?l=ts&p=html-report,screenshot,ts&o=darwin&a=arm64
18-06-2026 11:54:11.297 [Gauge] [DEBUG] * 会員管理メニューをクリックする
18-06-2026 11:54:11.350 [Gauge] [DEBUG] * 会員 "見本一郎" の行をクリックする
18-06-2026 11:54:41.531 [Gauge] [ERROR] Failed Step: 会員 "見本一郎" の行をクリックする
18-06-2026 11:54:41.531 [Gauge] [ERROR] Error Message: locator.click: Timeout 30000ms exceeded.
Call log:
[2m  - waiting for locator('#members-tbody tr:has-text("見本一郎")').first()[22m
18-06-2026 11:54:41.531 [Gauge] [ERROR] Specification: specs/07_member_edit.spec:14
18-06-2026 11:54:41.531 [Gauge] [ERROR] Stacktrace: 
locator.click: Timeout 30000ms exceeded.
Call log:
[2m  - waiting for locator('#members-tbody tr:has-text("見本一郎")').first()[22m

    at StepImplementation.<anonymous> (/Users/yasuikendo/morrow-world/study_app/e2e/tests/StepImplementation.ts:325:76)
    at /Users/yasuikendo/morrow-world/study_app/e2e/tests/StepImplementation.ts:17:71
    at __awaiter (/Users/yasuikendo/morrow-world/study_app/e2e/tests/StepImplementation.ts:13:12)
    at StepImplementation.clickMemberRow (/Users/yasuikendo/morrow-world/study_app/e2e/tests/StepImplementation.ts:325:16)
    at StepExecutionProcessor.executeMethod (/Users/yasuikendo/morrow-world/study_app/node_modules/.pnpm/gauge-ts@0.3.0_@types+node@25.9.3/node_modules/gauge-ts/dist/processors/ExecutionProcessor.js:12:22)
    at StepExecutionProcessor.execute (/Users/yasuikendo/morrow-world/study_app/node_modules/.pnpm/gauge-ts@0.3.0_@types+node@25.9.3/node_modules/gauge-ts/dist/processors/StepExecutionProcessor.js:35:24)
    at StepExecutionProcessor.process (/Users/yasuikendo/morrow-world/study_app/node_modules/.pnpm/gauge-ts@0.3.0_@types+node@25.9.3/node_modules/gauge-ts/dist/processors/StepExecutionProcessor.js:16:35)
    at RunnerServer.executeStep (/Users/yasuikendo/morrow-world/study_app/node_modules/.pnpm/gauge-ts@0.3.0_@types+node@25.9.3/node_modules/gauge-ts/dist/RunnerServer.js:139:14)
    at Object.onReceiveHalfClose (/Users/yasuikendo/morrow-world/study_app/node_modules/.pnpm/@grpc+grpc-js@1.14.4/node_modules/@grpc/grpc-js/src/server.ts:2053:17)
    at BaseServerInterceptingCall.maybePushNextMessage (/Users/yasuikendo/morrow-world/study_app/node_modules/.pnpm/@grpc+grpc-js@1.14.4/node_modules/@grpc/grpc-js/src/server-interceptors.ts:815:23)
    at BaseServerInterceptingCall.handleEndEvent (/Users/yasuikendo/morrow-world/study_app/node_modules/.pnpm/@grpc+grpc-js@1.14.4/node_modules/@grpc/grpc-js/src/server-interceptors.ts:857:10)
    at ServerHttp2Stream.<anonymous> (/Users/yasuikendo/morrow-world/study_app/node_modules/.pnpm/@grpc+grpc-js@1.14.4/node_modules/@grpc/grpc-js/src/server-interceptors.ts:584:12)
18-06-2026 11:54:41.554 [html-report] [DEBUG] Transformed SuiteResult to report structure
18-06-2026 11:54:41.558 [html-report] [INFO] Successfully generated html-report to => /Users/yasuikendo/morrow-world/study_app/e2e/reports/html-report/index.html
18-06-2026 11:54:41.558 [html-report] [DEBUG] Done generating HTML report using theme from /Users/yasuikendo/.gauge/plugins/html-report/4.4.5/themes/default
18-06-2026 11:54:41.558 [Gauge] [DEBUG] Sending kill message to Html Report plugin.
18-06-2026 11:54:41.559 [Gauge] [INFO] Specifications:	1 executed	0 passed	1 failed	0 skipped
18-06-2026 11:54:41.559 [Gauge] [INFO] Scenarios:	1 executed	0 passed	1 failed	0 skipped
18-06-2026 11:54:41.559 [Gauge] [INFO] 
Total time taken: 32.884s
18-06-2026 11:58:02.743 [Gauge] [DEBUG] Created gauge_screenshots_dir at /Users/yasuikendo/morrow-world/study_app/e2e/.gauge/screenshots
18-06-2026 11:58:02.744 [Gauge] [DEBUG] Plugin ts is already installed.
18-06-2026 11:58:02.744 [Gauge] [DEBUG] Plugin html-report is already installed.
18-06-2026 11:58:02.744 [Gauge] [DEBUG] Parsing started.
18-06-2026 11:58:02.744 [Gauge] [DEBUG] Started concepts parsing.
18-06-2026 11:58:02.745 [Gauge] [DEBUG] 0 concepts parsing completed.
18-06-2026 11:58:02.745 [Gauge] [DEBUG] Started specifications parsing.
18-06-2026 11:58:02.745 [Gauge] [DEBUG] 1 specifications parsing completed.
18-06-2026 11:58:02.745 [Gauge] [DEBUG] Parsing completed.
18-06-2026 11:58:02.782 [ts] [ERROR] (node:54280) [DEP0190] DeprecationWarning: Passing args to a child process with shell option true can lead to security vulnerabilities, as the arguments are not escaped, only concatenated.
18-06-2026 11:58:02.782 [ts] [ERROR] (Use `node --trace-deprecation ...` to show where the warning was created)
18-06-2026 11:58:03.258 [Gauge] [DEBUG] Checking updates...
18-06-2026 11:58:03.259 [Gauge] [DEBUG] Downloading https://downloads.gauge.org/plugin/html-report?l=ts&p=html-report,screenshot,ts&o=darwin&a=arm64
18-06-2026 11:58:03.760 [Gauge] [DEBUG] Downloading https://downloads.gauge.org/plugin/screenshot?l=ts&p=html-report,screenshot,ts&o=darwin&a=arm64
18-06-2026 11:58:03.820 [ts] [ERROR] (node:54310) [DEP0180] DeprecationWarning: fs.Stats constructor is deprecated.
18-06-2026 11:58:03.820 [ts] [ERROR] (Use `node --trace-deprecation ...` to show where the warning was created)
18-06-2026 11:58:03.825 [Gauge] [DEBUG] Attempting to connect to grpc server at port: 62143
18-06-2026 11:58:03.825 [Gauge] [DEBUG] Successfully made the connection with runner with port: 62143
18-06-2026 11:58:03.825 [Gauge] [DEBUG] Validation started.
18-06-2026 11:58:03.833 [Gauge] [DEBUG] Validation completed.
18-06-2026 11:58:03.833 [Gauge] [DEBUG] Run started
18-06-2026 11:58:03.834 [Gauge] [DEBUG] Starting Html Report plugin
18-06-2026 11:58:03.874 [Gauge] [DEBUG] Attempting to connect to grpc server at port: 62146
18-06-2026 11:58:03.874 [Gauge] [DEBUG] Successfully made the connection with plugin with port: 62146
18-06-2026 11:58:03.874 [Gauge] [DEBUG] Initialising suite data store.
18-06-2026 11:58:04.018 [Gauge] [DEBUG] Downloading https://downloads.gauge.org/plugin/ts?l=ts&p=html-report,screenshot,ts&o=darwin&a=arm64
18-06-2026 11:58:07.037 [Gauge] [INFO] # 会員情報編集
18-06-2026 11:58:07.041 [Gauge] [INFO] ## 会員のプランを変更するとリロード後に詳細パネルに反映される
18-06-2026 11:58:07.922 [Gauge] [DEBUG] * 職員としてセッションを設定して管理画面を開く（localStorageなし）
18-06-2026 11:58:08.592 [Gauge] [DEBUG] * localStorageに会員データを注入してリロードする
18-06-2026 11:58:08.951 [Gauge] [DEBUG] * 会員管理メニューをクリックする
18-06-2026 11:58:09.549 [Gauge] [DEBUG] * 会員 "見本一郎" の行をクリックする
18-06-2026 11:58:10.001 [Gauge] [DEBUG] * 詳細パネルの "em-plan" を "給付金6ヶ月プラン" に変更する
18-06-2026 11:58:10.314 [Gauge] [DEBUG] * 詳細パネルの変更を保存する
18-06-2026 11:58:12.187 [Gauge] [DEBUG] * 会員管理メニューをクリックする
18-06-2026 11:58:12.533 [Gauge] [DEBUG] * 会員 "見本一郎" の行をクリックする
18-06-2026 11:58:43.024 [Gauge] [ERROR] Failed Step: 会員 "見本一郎" の行をクリックする
18-06-2026 11:58:43.024 [Gauge] [ERROR] Error Message: locator.click: Timeout 30000ms exceeded.
Call log:
[2m  - waiting for locator('#members-tbody tr:has-text("見本一郎")').first()[22m
18-06-2026 11:58:43.024 [Gauge] [ERROR] Specification: specs/07_member_edit.spec:14
18-06-2026 11:58:43.024 [Gauge] [ERROR] Stacktrace: 
locator.click: Timeout 30000ms exceeded.
Call log:
[2m  - waiting for locator('#members-tbody tr:has-text("見本一郎")').first()[22m

    at StepImplementation.<anonymous> (/Users/yasuikendo/morrow-world/study_app/e2e/tests/StepImplementation.ts:325:76)
    at /Users/yasuikendo/morrow-world/study_app/e2e/tests/StepImplementation.ts:17:71
    at __awaiter (/Users/yasuikendo/morrow-world/study_app/e2e/tests/StepImplementation.ts:13:12)
    at StepImplementation.clickMemberRow (/Users/yasuikendo/morrow-world/study_app/e2e/tests/StepImplementation.ts:325:16)
    at StepExecutionProcessor.executeMethod (/Users/yasuikendo/morrow-world/study_app/node_modules/.pnpm/gauge-ts@0.3.0_@types+node@25.9.3/node_modules/gauge-ts/dist/processors/ExecutionProcessor.js:12:22)
    at StepExecutionProcessor.execute (/Users/yasuikendo/morrow-world/study_app/node_modules/.pnpm/gauge-ts@0.3.0_@types+node@25.9.3/node_modules/gauge-ts/dist/processors/StepExecutionProcessor.js:35:24)
    at StepExecutionProcessor.process (/Users/yasuikendo/morrow-world/study_app/node_modules/.pnpm/gauge-ts@0.3.0_@types+node@25.9.3/node_modules/gauge-ts/dist/processors/StepExecutionProcessor.js:16:35)
    at RunnerServer.executeStep (/Users/yasuikendo/morrow-world/study_app/node_modules/.pnpm/gauge-ts@0.3.0_@types+node@25.9.3/node_modules/gauge-ts/dist/RunnerServer.js:139:14)
    at Object.onReceiveHalfClose (/Users/yasuikendo/morrow-world/study_app/node_modules/.pnpm/@grpc+grpc-js@1.14.4/node_modules/@grpc/grpc-js/src/server.ts:2053:17)
    at BaseServerInterceptingCall.maybePushNextMessage (/Users/yasuikendo/morrow-world/study_app/node_modules/.pnpm/@grpc+grpc-js@1.14.4/node_modules/@grpc/grpc-js/src/server-interceptors.ts:815:23)
    at BaseServerInterceptingCall.handleEndEvent (/Users/yasuikendo/morrow-world/study_app/node_modules/.pnpm/@grpc+grpc-js@1.14.4/node_modules/@grpc/grpc-js/src/server-interceptors.ts:857:10)
    at ServerHttp2Stream.<anonymous> (/Users/yasuikendo/morrow-world/study_app/node_modules/.pnpm/@grpc+grpc-js@1.14.4/node_modules/@grpc/grpc-js/src/server-interceptors.ts:584:12)
18-06-2026 11:58:43.104 [html-report] [DEBUG] Transformed SuiteResult to report structure
18-06-2026 11:58:43.113 [html-report] [INFO] Successfully generated html-report to => /Users/yasuikendo/morrow-world/study_app/e2e/reports/html-report/index.html
18-06-2026 11:58:43.113 [html-report] [DEBUG] Done generating HTML report using theme from /Users/yasuikendo/.gauge/plugins/html-report/4.4.5/themes/default
18-06-2026 11:58:43.113 [Gauge] [DEBUG] Sending kill message to Html Report plugin.
18-06-2026 11:58:43.114 [Gauge] [INFO] Specifications:	1 executed	0 passed	1 failed	0 skipped
18-06-2026 11:58:43.114 [Gauge] [INFO] Scenarios:	1 executed	0 passed	1 failed	0 skipped
18-06-2026 11:58:43.114 [Gauge] [INFO] 
Total time taken: 39.27s
18-06-2026 12:02:11.587 [Gauge] [DEBUG] Created gauge_screenshots_dir at /Users/yasuikendo/morrow-world/study_app/e2e/.gauge/screenshots
18-06-2026 12:02:11.587 [Gauge] [DEBUG] Plugin ts is already installed.
18-06-2026 12:02:11.587 [Gauge] [DEBUG] Plugin html-report is already installed.
18-06-2026 12:02:11.587 [Gauge] [DEBUG] Parsing started.
18-06-2026 12:02:11.587 [Gauge] [DEBUG] Started concepts parsing.
18-06-2026 12:02:11.588 [Gauge] [DEBUG] 0 concepts parsing completed.
18-06-2026 12:02:11.588 [Gauge] [DEBUG] Started specifications parsing.
18-06-2026 12:02:11.588 [Gauge] [DEBUG] 1 specifications parsing completed.
18-06-2026 12:02:11.588 [Gauge] [DEBUG] Parsing completed.
18-06-2026 12:02:11.623 [ts] [ERROR] (node:56424) [DEP0190] DeprecationWarning: Passing args to a child process with shell option true can lead to security vulnerabilities, as the arguments are not escaped, only concatenated.
18-06-2026 12:02:11.623 [ts] [ERROR] (Use `node --trace-deprecation ...` to show where the warning was created)
18-06-2026 12:02:11.977 [Gauge] [DEBUG] Checking updates...
18-06-2026 12:02:11.977 [Gauge] [DEBUG] Downloading https://downloads.gauge.org/plugin/html-report?l=ts&p=html-report,screenshot,ts&o=darwin&a=arm64
18-06-2026 12:02:12.391 [Gauge] [DEBUG] Downloading https://downloads.gauge.org/plugin/screenshot?l=ts&p=html-report,screenshot,ts&o=darwin&a=arm64
18-06-2026 12:02:12.490 [ts] [ERROR] (node:56452) [DEP0180] DeprecationWarning: fs.Stats constructor is deprecated.
18-06-2026 12:02:12.490 [ts] [ERROR] (Use `node --trace-deprecation ...` to show where the warning was created)
18-06-2026 12:02:12.503 [Gauge] [DEBUG] Attempting to connect to grpc server at port: 62198
18-06-2026 12:02:12.503 [Gauge] [DEBUG] Successfully made the connection with runner with port: 62198
18-06-2026 12:02:12.503 [Gauge] [DEBUG] Validation started.
18-06-2026 12:02:12.512 [Gauge] [DEBUG] Validation completed.
18-06-2026 12:02:12.512 [Gauge] [DEBUG] Run started
18-06-2026 12:02:12.513 [Gauge] [DEBUG] Starting Html Report plugin
18-06-2026 12:02:12.518 [Gauge] [DEBUG] Downloading https://downloads.gauge.org/plugin/ts?l=ts&p=html-report,screenshot,ts&o=darwin&a=arm64
18-06-2026 12:02:12.522 [Gauge] [DEBUG] Attempting to connect to grpc server at port: 62201
18-06-2026 12:02:12.522 [Gauge] [DEBUG] Successfully made the connection with plugin with port: 62201
18-06-2026 12:02:12.522 [Gauge] [DEBUG] Initialising suite data store.
18-06-2026 12:02:13.102 [Gauge] [INFO] # 会員情報編集
18-06-2026 12:02:13.104 [Gauge] [INFO] ## 会員のプランを変更するとリロード後に詳細パネルに反映される
18-06-2026 12:02:13.296 [Gauge] [DEBUG] * 職員としてセッションを設定して管理画面を開く（localStorageなし）
18-06-2026 12:02:13.477 [Gauge] [DEBUG] * localStorageに会員データを注入してリロードする
18-06-2026 12:02:13.511 [Gauge] [DEBUG] * 会員管理メニューをクリックする
18-06-2026 12:02:13.574 [Gauge] [DEBUG] * 会員 "見本一郎" の行をクリックする
18-06-2026 12:02:13.620 [Gauge] [DEBUG] * 詳細パネルの "em-plan" を "給付金6ヶ月プラン" に変更する
18-06-2026 12:02:13.627 [Gauge] [DEBUG] * 詳細パネルの変更を保存する
18-06-2026 12:02:15.512 [Gauge] [DEBUG] * 会員管理メニューをクリックする
18-06-2026 12:02:15.541 [Gauge] [DEBUG] * 会員 "見本一郎" の行をクリックする
18-06-2026 12:02:15.577 [Gauge] [DEBUG] * 詳細パネルの "em-plan" が "給付金6ヶ月プラン" と表示される
18-06-2026 12:02:15.607 [html-report] [DEBUG] Transformed SuiteResult to report structure
18-06-2026 12:02:15.611 [html-report] [INFO] Successfully generated html-report to => /Users/yasuikendo/morrow-world/study_app/e2e/reports/html-report/index.html
18-06-2026 12:02:15.611 [html-report] [DEBUG] Done generating HTML report using theme from /Users/yasuikendo/.gauge/plugins/html-report/4.4.5/themes/default
18-06-2026 12:02:15.611 [Gauge] [DEBUG] Sending kill message to Html Report plugin.
18-06-2026 12:02:15.612 [Gauge] [INFO] Specifications:	1 executed	1 passed	0 failed	0 skipped
18-06-2026 12:02:15.612 [Gauge] [INFO] Scenarios:	1 executed	1 passed	0 failed	0 skipped
18-06-2026 12:02:15.612 [Gauge] [INFO] 
Total time taken: 3.094s
18-06-2026 12:02:21.806 [Gauge] [DEBUG] Created gauge_screenshots_dir at /Users/yasuikendo/morrow-world/study_app/e2e/.gauge/screenshots
18-06-2026 12:02:21.806 [Gauge] [DEBUG] Plugin ts is already installed.
18-06-2026 12:02:21.807 [Gauge] [DEBUG] Plugin html-report is already installed.
18-06-2026 12:02:21.807 [Gauge] [DEBUG] Parsing started.
18-06-2026 12:02:21.807 [Gauge] [DEBUG] Started concepts parsing.
18-06-2026 12:02:21.807 [Gauge] [DEBUG] 0 concepts parsing completed.
18-06-2026 12:02:21.807 [Gauge] [DEBUG] Started specifications parsing.
18-06-2026 12:02:21.808 [Gauge] [DEBUG] 1 specifications parsing completed.
18-06-2026 12:02:21.808 [Gauge] [DEBUG] Parsing completed.
18-06-2026 12:02:21.844 [ts] [ERROR] (node:56548) [DEP0190] DeprecationWarning: Passing args to a child process with shell option true can lead to security vulnerabilities, as the arguments are not escaped, only concatenated.
18-06-2026 12:02:21.845 [ts] [ERROR] (Use `node --trace-deprecation ...` to show where the warning was created)
18-06-2026 12:02:22.054 [Gauge] [DEBUG] Checking updates...
18-06-2026 12:02:22.055 [Gauge] [DEBUG] Downloading https://downloads.gauge.org/plugin/html-report?l=ts&p=html-report,screenshot,ts&o=darwin&a=arm64
18-06-2026 12:02:22.576 [Gauge] [DEBUG] Downloading https://downloads.gauge.org/plugin/screenshot?l=ts&p=html-report,screenshot,ts&o=darwin&a=arm64
18-06-2026 12:02:22.616 [ts] [ERROR] (node:56576) [DEP0180] DeprecationWarning: fs.Stats constructor is deprecated.
18-06-2026 12:02:22.616 [ts] [ERROR] (Use `node --trace-deprecation ...` to show where the warning was created)
18-06-2026 12:02:22.629 [Gauge] [DEBUG] Attempting to connect to grpc server at port: 62213
18-06-2026 12:02:22.629 [Gauge] [DEBUG] Successfully made the connection with runner with port: 62213
18-06-2026 12:02:22.629 [Gauge] [DEBUG] Validation started.
18-06-2026 12:02:22.648 [Gauge] [DEBUG] Validation completed.
18-06-2026 12:02:22.648 [Gauge] [DEBUG] Run started
18-06-2026 12:02:22.649 [Gauge] [DEBUG] Starting Html Report plugin
18-06-2026 12:02:22.656 [html-report] [DEBUG] Setting MaxRecvMsgSize = 1024 MB
18-06-2026 12:02:22.656 [Gauge] [DEBUG] Attempting to connect to grpc server at port: 62216
18-06-2026 12:02:22.656 [Gauge] [DEBUG] Successfully made the connection with plugin with port: 62216
18-06-2026 12:02:22.656 [Gauge] [DEBUG] Initialising suite data store.
18-06-2026 12:02:22.726 [Gauge] [DEBUG] Downloading https://downloads.gauge.org/plugin/ts?l=ts&p=html-report,screenshot,ts&o=darwin&a=arm64
18-06-2026 12:02:23.087 [Gauge] [INFO] # コーチング記録
18-06-2026 12:02:23.089 [Gauge] [INFO] ## 通常コーチング記録を作成するとリロード後に詳細パネルに表示される
18-06-2026 12:02:23.134 [Gauge] [DEBUG] * 職員としてセッションを設定して管理画面を開く（localStorageなし）
18-06-2026 12:02:23.241 [Gauge] [DEBUG] * localStorageに会員データを注入してリロードする
18-06-2026 12:02:23.271 [Gauge] [DEBUG] * 会員管理メニューをクリックする
18-06-2026 12:02:23.312 [Gauge] [DEBUG] * 会員 "見本一郎" の行をクリックする
18-06-2026 12:02:23.379 [Gauge] [DEBUG] * コーチング記録追加ボタンをクリックする
18-06-2026 12:02:53.571 [Gauge] [ERROR] Failed Step: コーチング記録追加ボタンをクリックする
18-06-2026 12:02:53.571 [Gauge] [ERROR] Error Message: locator.scrollIntoViewIfNeeded: Timeout 29997.638000000003ms exceeded.
Call log:
[2m  - attempting scroll into view action[22m
[2m    2 × waiting for element to be stable[22m
[2m      - element is not visible[22m
[2m    - retrying scroll into view action[22m
[2m    - waiting 20ms[22m
[2m    2 × waiting for element to be stable[22m
[2m      - element is not visible[22m
[2m    - retrying scroll into view action[22m
[2m      - waiting 100ms[22m
[2m    56 × waiting for element to be stable[22m
[2m       - element is not visible[22m
[2m     - retrying scroll into view action[22m
[2m       - waiting 500ms[22m
18-06-2026 12:02:53.571 [Gauge] [ERROR] Specification: specs/08_coaching_record.spec:11
18-06-2026 12:02:53.571 [Gauge] [ERROR] Stacktrace: 
locator.scrollIntoViewIfNeeded: Timeout 29997.638000000003ms exceeded.
Call log:
[2m  - attempting scroll into view action[22m
[2m    2 × waiting for element to be stable[22m
[2m      - element is not visible[22m
[2m    - retrying scroll into view action[22m
[2m    - waiting 20ms[22m
[2m    2 × waiting for element to be stable[22m
[2m      - element is not visible[22m
[2m    - retrying scroll into view action[22m
[2m      - waiting 100ms[22m
[2m    56 × waiting for element to be stable[22m
[2m       - element is not visible[22m
[2m     - retrying scroll into view action[22m
[2m       - waiting 500ms[22m

    at StepImplementation.<anonymous> (/Users/yasuikendo/morrow-world/study_app/e2e/tests/StepImplementation.ts:454:15)
    at /Users/yasuikendo/morrow-world/study_app/e2e/tests/StepImplementation.ts:17:71
    at __awaiter (/Users/yasuikendo/morrow-world/study_app/e2e/tests/StepImplementation.ts:13:12)
    at StepImplementation.clickAddCoachingRecord (/Users/yasuikendo/morrow-world/study_app/e2e/tests/StepImplementation.ts:454:16)
    at StepExecutionProcessor.executeMethod (/Users/yasuikendo/morrow-world/study_app/node_modules/.pnpm/gauge-ts@0.3.0_@types+node@25.9.3/node_modules/gauge-ts/dist/processors/ExecutionProcessor.js:12:22)
    at StepExecutionProcessor.execute (/Users/yasuikendo/morrow-world/study_app/node_modules/.pnpm/gauge-ts@0.3.0_@types+node@25.9.3/node_modules/gauge-ts/dist/processors/StepExecutionProcessor.js:35:24)
    at StepExecutionProcessor.process (/Users/yasuikendo/morrow-world/study_app/node_modules/.pnpm/gauge-ts@0.3.0_@types+node@25.9.3/node_modules/gauge-ts/dist/processors/StepExecutionProcessor.js:16:35)
    at RunnerServer.executeStep (/Users/yasuikendo/morrow-world/study_app/node_modules/.pnpm/gauge-ts@0.3.0_@types+node@25.9.3/node_modules/gauge-ts/dist/RunnerServer.js:139:14)
    at Object.onReceiveHalfClose (/Users/yasuikendo/morrow-world/study_app/node_modules/.pnpm/@grpc+grpc-js@1.14.4/node_modules/@grpc/grpc-js/src/server.ts:2053:17)
    at BaseServerInterceptingCall.maybePushNextMessage (/Users/yasuikendo/morrow-world/study_app/node_modules/.pnpm/@grpc+grpc-js@1.14.4/node_modules/@grpc/grpc-js/src/server-interceptors.ts:815:23)
    at BaseServerInterceptingCall.handleEndEvent (/Users/yasuikendo/morrow-world/study_app/node_modules/.pnpm/@grpc+grpc-js@1.14.4/node_modules/@grpc/grpc-js/src/server-interceptors.ts:857:10)
    at ServerHttp2Stream.<anonymous> (/Users/yasuikendo/morrow-world/study_app/node_modules/.pnpm/@grpc+grpc-js@1.14.4/node_modules/@grpc/grpc-js/src/server-interceptors.ts:584:12)
18-06-2026 12:02:53.593 [html-report] [DEBUG] Transformed SuiteResult to report structure
18-06-2026 12:02:53.598 [html-report] [INFO] Successfully generated html-report to => /Users/yasuikendo/morrow-world/study_app/e2e/reports/html-report/index.html
18-06-2026 12:02:53.598 [html-report] [DEBUG] Done generating HTML report using theme from /Users/yasuikendo/.gauge/plugins/html-report/4.4.5/themes/default
18-06-2026 12:02:53.598 [Gauge] [DEBUG] Sending kill message to Html Report plugin.
18-06-2026 12:02:53.599 [Gauge] [INFO] Specifications:	1 executed	0 passed	1 failed	0 skipped
18-06-2026 12:02:53.599 [Gauge] [INFO] Scenarios:	1 executed	0 passed	1 failed	0 skipped
18-06-2026 12:02:53.599 [Gauge] [INFO] 
Total time taken: 30.944s
18-06-2026 12:09:58.015 [Gauge] [DEBUG] Created gauge_screenshots_dir at /Users/yasuikendo/morrow-world/study_app/e2e/.gauge/screenshots
18-06-2026 12:09:58.015 [Gauge] [DEBUG] Plugin ts is already installed.
18-06-2026 12:09:58.015 [Gauge] [DEBUG] Plugin html-report is already installed.
18-06-2026 12:09:58.015 [Gauge] [DEBUG] Parsing started.
18-06-2026 12:09:58.015 [Gauge] [DEBUG] Started concepts parsing.
18-06-2026 12:09:58.016 [Gauge] [DEBUG] 0 concepts parsing completed.
18-06-2026 12:09:58.016 [Gauge] [DEBUG] Started specifications parsing.
18-06-2026 12:09:58.016 [Gauge] [DEBUG] 1 specifications parsing completed.
18-06-2026 12:09:58.016 [Gauge] [DEBUG] Parsing completed.
18-06-2026 12:09:58.053 [ts] [ERROR] (node:60420) [DEP0190] DeprecationWarning: Passing args to a child process with shell option true can lead to security vulnerabilities, as the arguments are not escaped, only concatenated.
18-06-2026 12:09:58.053 [ts] [ERROR] (Use `node --trace-deprecation ...` to show where the warning was created)
18-06-2026 12:09:58.839 [ts] [ERROR] (node:60449) [DEP0180] DeprecationWarning: fs.Stats constructor is deprecated.
18-06-2026 12:09:58.839 [ts] [ERROR] (Use `node --trace-deprecation ...` to show where the warning was created)
18-06-2026 12:09:58.852 [Gauge] [DEBUG] Attempting to connect to grpc server at port: 62252
18-06-2026 12:09:58.852 [Gauge] [DEBUG] Successfully made the connection with runner with port: 62252
18-06-2026 12:09:58.852 [Gauge] [DEBUG] Validation started.
18-06-2026 12:09:58.862 [Gauge] [DEBUG] Validation completed.
18-06-2026 12:09:58.862 [Gauge] [DEBUG] Run started
18-06-2026 12:09:58.863 [Gauge] [DEBUG] Starting Html Report plugin
18-06-2026 12:09:58.872 [Gauge] [DEBUG] Attempting to connect to grpc server at port: 62255
18-06-2026 12:09:58.872 [Gauge] [DEBUG] Successfully made the connection with plugin with port: 62255
18-06-2026 12:09:58.872 [Gauge] [DEBUG] Initialising suite data store.
18-06-2026 12:09:59.181 [Gauge] [DEBUG] Checking updates...
18-06-2026 12:09:59.181 [Gauge] [DEBUG] Downloading https://downloads.gauge.org/plugin/html-report?l=ts&p=html-report,screenshot,ts&o=darwin&a=arm64
18-06-2026 12:09:59.307 [Gauge] [INFO] # コーチング記録
18-06-2026 12:09:59.309 [Gauge] [INFO] ## 通常コーチング記録を作成するとリロード後に詳細パネルに表示される
18-06-2026 12:09:59.362 [Gauge] [DEBUG] * 職員としてセッションを設定して管理画面を開く（localStorageなし）
18-06-2026 12:09:59.469 [Gauge] [DEBUG] * localStorageに会員データを注入してリロードする
18-06-2026 12:09:59.498 [Gauge] [DEBUG] * 会員カルテメニューをクリックする
18-06-2026 12:09:59.552 [Gauge] [DEBUG] * コーチング記録追加ボタンをクリックする
18-06-2026 12:09:59.632 [Gauge] [DEBUG] * コーチング種別を "通常コーチング" に選択する
18-06-2026 12:09:59.686 [Gauge] [DEBUG] Downloading https://downloads.gauge.org/plugin/screenshot?l=ts&p=html-report,screenshot,ts&o=darwin&a=arm64
18-06-2026 12:09:59.817 [Gauge] [DEBUG] Downloading https://downloads.gauge.org/plugin/ts?l=ts&p=html-report,screenshot,ts&o=darwin&a=arm64
18-06-2026 12:09:59.939 [Gauge] [DEBUG] * コーチング日付に今日を入力する
18-06-2026 12:09:59.952 [Gauge] [DEBUG] * コーチング記録を保存する
18-06-2026 12:09:59.994 [Gauge] [DEBUG] * 管理画面をリロードする
18-06-2026 12:10:00.020 [Gauge] [DEBUG] * 会員カルテメニューをクリックする
18-06-2026 12:10:00.064 [Gauge] [DEBUG] * コーチング記録 "通常コーチング" が表示される
18-06-2026 12:10:00.094 [html-report] [DEBUG] Transformed SuiteResult to report structure
18-06-2026 12:10:00.097 [html-report] [INFO] Successfully generated html-report to => /Users/yasuikendo/morrow-world/study_app/e2e/reports/html-report/index.html
18-06-2026 12:10:00.097 [html-report] [DEBUG] Done generating HTML report using theme from /Users/yasuikendo/.gauge/plugins/html-report/4.4.5/themes/default
18-06-2026 12:10:00.097 [Gauge] [DEBUG] Sending kill message to Html Report plugin.
18-06-2026 12:10:00.098 [Gauge] [INFO] Specifications:	1 executed	1 passed	0 failed	0 skipped
18-06-2026 12:10:00.098 [Gauge] [INFO] Scenarios:	1 executed	1 passed	0 failed	0 skipped
18-06-2026 12:10:00.098 [Gauge] [INFO] 
Total time taken: 1.231s
18-06-2026 12:10:36.608 [Gauge] [DEBUG] Created gauge_screenshots_dir at /Users/yasuikendo/morrow-world/study_app/e2e/.gauge/screenshots
18-06-2026 12:10:36.609 [Gauge] [DEBUG] Plugin ts is already installed.
18-06-2026 12:10:36.609 [Gauge] [DEBUG] Plugin html-report is already installed.
18-06-2026 12:10:36.609 [Gauge] [DEBUG] Parsing started.
18-06-2026 12:10:36.609 [Gauge] [DEBUG] Started concepts parsing.
18-06-2026 12:10:36.610 [Gauge] [DEBUG] 0 concepts parsing completed.
18-06-2026 12:10:36.610 [Gauge] [DEBUG] Started specifications parsing.
18-06-2026 12:10:36.610 [Gauge] [DEBUG] 1 specifications parsing completed.
18-06-2026 12:10:36.610 [Gauge] [DEBUG] Parsing completed.
18-06-2026 12:10:36.645 [ts] [ERROR] (node:60799) [DEP0190] DeprecationWarning: Passing args to a child process with shell option true can lead to security vulnerabilities, as the arguments are not escaped, only concatenated.
18-06-2026 12:10:36.645 [ts] [ERROR] (Use `node --trace-deprecation ...` to show where the warning was created)
18-06-2026 12:10:37.010 [Gauge] [DEBUG] Checking updates...
18-06-2026 12:10:37.011 [Gauge] [DEBUG] Downloading https://downloads.gauge.org/plugin/html-report?l=ts&p=html-report,screenshot,ts&o=darwin&a=arm64
18-06-2026 12:10:37.411 [ts] [ERROR] (node:60827) [DEP0180] DeprecationWarning: fs.Stats constructor is deprecated.
18-06-2026 12:10:37.411 [ts] [ERROR] (Use `node --trace-deprecation ...` to show where the warning was created)
18-06-2026 12:10:37.424 [Gauge] [DEBUG] Attempting to connect to grpc server at port: 62271
18-06-2026 12:10:37.424 [Gauge] [DEBUG] Successfully made the connection with runner with port: 62271
18-06-2026 12:10:37.424 [Gauge] [DEBUG] Validation started.
18-06-2026 12:10:37.433 [Gauge] [DEBUG] Validation completed.
18-06-2026 12:10:37.433 [Gauge] [DEBUG] Run started
18-06-2026 12:10:37.434 [Gauge] [DEBUG] Starting Html Report plugin
18-06-2026 12:10:37.444 [Gauge] [DEBUG] Attempting to connect to grpc server at port: 62274
18-06-2026 12:10:37.444 [Gauge] [DEBUG] Successfully made the connection with plugin with port: 62274
18-06-2026 12:10:37.444 [Gauge] [DEBUG] Initialising suite data store.
18-06-2026 12:10:37.495 [Gauge] [DEBUG] Downloading https://downloads.gauge.org/plugin/screenshot?l=ts&p=html-report,screenshot,ts&o=darwin&a=arm64
18-06-2026 12:10:37.650 [Gauge] [DEBUG] Downloading https://downloads.gauge.org/plugin/ts?l=ts&p=html-report,screenshot,ts&o=darwin&a=arm64
18-06-2026 12:10:37.876 [Gauge] [INFO] # PROGOSスコア登録
18-06-2026 12:10:37.879 [Gauge] [INFO] ## PROGOSスコアを登録するとリロード後に詳細パネルに表示される
18-06-2026 12:10:37.925 [Gauge] [DEBUG] * 職員としてセッションを設定して管理画面を開く（localStorageなし）
18-06-2026 12:10:38.033 [Gauge] [DEBUG] * localStorageに会員データを注入してリロードする
18-06-2026 12:10:38.061 [Gauge] [DEBUG] * 会員カルテメニューをクリックする
18-06-2026 12:10:38.121 [Gauge] [DEBUG] * PROGOSスコア登録ボタンをクリックする
18-06-2026 12:10:38.198 [Gauge] [DEBUG] * PROGOSフォームに最小限の情報を入力する
18-06-2026 12:10:38.440 [Gauge] [DEBUG] * PROGOSスコアを保存する
18-06-2026 12:10:38.484 [Gauge] [DEBUG] * 管理画面をリロードする
18-06-2026 12:10:38.512 [Gauge] [DEBUG] * 会員カルテメニューをクリックする
18-06-2026 12:10:38.546 [Gauge] [DEBUG] * PROGOSスコアが表示される
18-06-2026 12:10:38.574 [html-report] [DEBUG] Transformed SuiteResult to report structure
18-06-2026 12:10:38.579 [html-report] [INFO] Successfully generated html-report to => /Users/yasuikendo/morrow-world/study_app/e2e/reports/html-report/index.html
18-06-2026 12:10:38.579 [html-report] [DEBUG] Done generating HTML report using theme from /Users/yasuikendo/.gauge/plugins/html-report/4.4.5/themes/default
18-06-2026 12:10:38.579 [Gauge] [DEBUG] Sending kill message to Html Report plugin.
18-06-2026 12:10:38.580 [Gauge] [INFO] Specifications:	1 executed	1 passed	0 failed	0 skipped
18-06-2026 12:10:38.580 [Gauge] [INFO] Scenarios:	1 executed	1 passed	0 failed	0 skipped
18-06-2026 12:10:38.580 [Gauge] [INFO] 
Total time taken: 1.141s
18-06-2026 12:10:49.603 [Gauge] [DEBUG] Created gauge_screenshots_dir at /Users/yasuikendo/morrow-world/study_app/e2e/.gauge/screenshots
18-06-2026 12:10:49.603 [Gauge] [DEBUG] Plugin html-report is already installed.
18-06-2026 12:10:49.604 [Gauge] [DEBUG] Plugin ts is already installed.
18-06-2026 12:10:49.604 [Gauge] [DEBUG] Parsing started.
18-06-2026 12:10:49.604 [Gauge] [DEBUG] Started concepts parsing.
18-06-2026 12:10:49.604 [Gauge] [DEBUG] 0 concepts parsing completed.
18-06-2026 12:10:49.604 [Gauge] [DEBUG] Started specifications parsing.
18-06-2026 12:10:49.606 [Gauge] [DEBUG] 3 specifications parsing completed.
18-06-2026 12:10:49.606 [Gauge] [DEBUG] Parsing completed.
18-06-2026 12:10:49.640 [ts] [ERROR] (node:60944) [DEP0190] DeprecationWarning: Passing args to a child process with shell option true can lead to security vulnerabilities, as the arguments are not escaped, only concatenated.
18-06-2026 12:10:49.640 [ts] [ERROR] (Use `node --trace-deprecation ...` to show where the warning was created)
18-06-2026 12:10:49.914 [Gauge] [DEBUG] Checking updates...
18-06-2026 12:10:49.914 [Gauge] [DEBUG] Downloading https://downloads.gauge.org/plugin/html-report?l=ts&p=html-report,screenshot,ts&o=darwin&a=arm64
18-06-2026 12:10:50.312 [Gauge] [DEBUG] Downloading https://downloads.gauge.org/plugin/screenshot?l=ts&p=html-report,screenshot,ts&o=darwin&a=arm64
18-06-2026 12:10:50.415 [ts] [ERROR] (node:60972) [DEP0180] DeprecationWarning: fs.Stats constructor is deprecated.
18-06-2026 12:10:50.415 [ts] [ERROR] (Use `node --trace-deprecation ...` to show where the warning was created)
18-06-2026 12:10:50.428 [Gauge] [DEBUG] Attempting to connect to grpc server at port: 62288
18-06-2026 12:10:50.428 [Gauge] [DEBUG] Successfully made the connection with runner with port: 62288
18-06-2026 12:10:50.428 [Gauge] [DEBUG] Validation started.
18-06-2026 12:10:50.443 [Gauge] [DEBUG] Validation completed.
18-06-2026 12:10:50.444 [Gauge] [DEBUG] Run started
18-06-2026 12:10:50.445 [Gauge] [DEBUG] Starting Html Report plugin
18-06-2026 12:10:50.451 [Gauge] [DEBUG] Downloading https://downloads.gauge.org/plugin/ts?l=ts&p=html-report,screenshot,ts&o=darwin&a=arm64
18-06-2026 12:10:50.454 [html-report] [DEBUG] Setting MaxRecvMsgSize = 1024 MB
18-06-2026 12:10:50.454 [Gauge] [DEBUG] Attempting to connect to grpc server at port: 62291
18-06-2026 12:10:50.454 [Gauge] [DEBUG] Successfully made the connection with plugin with port: 62291
18-06-2026 12:10:50.454 [Gauge] [DEBUG] Initialising suite data store.
18-06-2026 12:10:50.880 [Gauge] [INFO] # 休会設定
18-06-2026 12:10:50.883 [Gauge] [INFO] ## 休会期間を設定するとリロード後にステータスが休会中になる
18-06-2026 12:10:50.927 [Gauge] [DEBUG] * 職員としてセッションを設定して管理画面を開く（localStorageなし）
18-06-2026 12:10:51.033 [Gauge] [DEBUG] * localStorageに会員データを注入してリロードする
18-06-2026 12:10:51.062 [Gauge] [DEBUG] * 会員管理メニューをクリックする
18-06-2026 12:10:51.099 [Gauge] [DEBUG] * 会員 "見本一郎" の行をクリックする
18-06-2026 12:10:51.150 [Gauge] [DEBUG] * 休会設定ボタンをクリックする
18-06-2026 12:10:51.516 [Gauge] [DEBUG] * 休会フォームに今日から "30" 日間の期間を入力する
18-06-2026 12:10:51.740 [Gauge] [DEBUG] * 休会設定を保存する
18-06-2026 12:10:51.769 [Gauge] [DEBUG] * 管理画面をリロードする
18-06-2026 12:10:51.802 [Gauge] [DEBUG] * 会員管理メニューをクリックする
18-06-2026 12:10:51.845 [Gauge] [DEBUG] * 会員 "見本一郎" の行をクリックする
18-06-2026 12:10:51.881 [Gauge] [DEBUG] * 詳細パネルのステータスが "休会中" と表示される
18-06-2026 12:10:51.889 [Gauge] [INFO] # 自動ステータス切り替え
18-06-2026 12:10:51.889 [Gauge] [INFO] ## 卒業日が昨日の会員は管理画面ロード時に卒業ステータスになる
18-06-2026 12:10:51.924 [Gauge] [DEBUG] * 卒業日が昨日の会員データを注入して管理画面を開く
18-06-2026 12:10:52.023 [Gauge] [DEBUG] * 会員管理メニューをクリックする
18-06-2026 12:10:52.064 [Gauge] [DEBUG] * 会員 "見本一郎" の行をクリックする
18-06-2026 12:10:52.099 [Gauge] [DEBUG] * 詳細パネルのステータスが "卒業" と表示される

18-06-2026 12:10:52.105 [Gauge] [INFO] ## 今日が休会期間内の会員は管理画面ロード時に休会中ステータスになる
18-06-2026 12:10:52.139 [Gauge] [DEBUG] * 今日が休会期間内の会員データを注入して管理画面を開く
18-06-2026 12:10:52.238 [Gauge] [DEBUG] * 会員管理メニューをクリックする
18-06-2026 12:10:52.282 [Gauge] [DEBUG] * 会員 "見本一郎" の行をクリックする
18-06-2026 12:10:52.333 [Gauge] [DEBUG] * 詳細パネルのステータスが "休会中" と表示される
18-06-2026 12:10:52.340 [Gauge] [INFO] # 会員ダッシュボード表示値検証
18-06-2026 12:10:52.341 [Gauge] [INFO] ## 3日連続の学習記録があるとストリークが3と表示される
18-06-2026 12:10:52.374 [Gauge] [DEBUG] * "3" 日分の連続学習記録を注入して会員画面を開く
18-06-2026 12:10:52.445 [Gauge] [DEBUG] * ストリーク表示が "3" 日と表示される

18-06-2026 12:10:52.454 [Gauge] [INFO] ## 今日の目標を達成するとグラフが100%!と(MISSING)表示される
18-06-2026 12:10:52.488 [Gauge] [DEBUG] * 今日 "60" 分の学習記録と目標 "60" 分を注入して会員画面を開く
18-06-2026 12:10:52.557 [Gauge] [DEBUG] * 目標円グラフが "100" %!と(MISSING)表示される

18-06-2026 12:10:52.566 [Gauge] [INFO] ## 卒業日が設定されていると卒業カウントダウンが正しく表示される
18-06-2026 12:10:52.601 [Gauge] [DEBUG] * "13" 日後の卒業日で会員データを注入して会員画面を開く
18-06-2026 12:10:52.670 [Gauge] [DEBUG] * 卒業カウントダウンが "13" 日と表示される
18-06-2026 12:10:52.694 [html-report] [DEBUG] Transformed SuiteResult to report structure
18-06-2026 12:10:52.700 [html-report] [INFO] Successfully generated html-report to => /Users/yasuikendo/morrow-world/study_app/e2e/reports/html-report/index.html
18-06-2026 12:10:52.700 [html-report] [DEBUG] Done generating HTML report using theme from /Users/yasuikendo/.gauge/plugins/html-report/4.4.5/themes/default
18-06-2026 12:10:52.700 [Gauge] [DEBUG] Sending kill message to Html Report plugin.
18-06-2026 12:10:52.701 [Gauge] [INFO] Specifications:	3 executed	3 passed	0 failed	0 skipped
18-06-2026 12:10:52.701 [Gauge] [INFO] Scenarios:	6 executed	6 passed	0 failed	0 skipped
18-06-2026 12:10:52.701 [Gauge] [INFO] 
Total time taken: 2.25s
18-06-2026 12:10:59.162 [Gauge] [DEBUG] Created gauge_screenshots_dir at /Users/yasuikendo/morrow-world/study_app/e2e/.gauge/screenshots
18-06-2026 12:10:59.162 [Gauge] [DEBUG] Plugin ts is already installed.
18-06-2026 12:10:59.163 [Gauge] [DEBUG] Plugin html-report is already installed.
18-06-2026 12:10:59.163 [Gauge] [DEBUG] Parsing started.
18-06-2026 12:10:59.163 [Gauge] [DEBUG] Started concepts parsing.
18-06-2026 12:10:59.163 [Gauge] [DEBUG] 0 concepts parsing completed.
18-06-2026 12:10:59.163 [Gauge] [DEBUG] Started specifications parsing.
18-06-2026 12:10:59.164 [Gauge] [DEBUG] 4 specifications parsing completed.
18-06-2026 12:10:59.164 [Gauge] [DEBUG] Parsing completed.
18-06-2026 12:10:59.200 [ts] [ERROR] (node:61078) [DEP0190] DeprecationWarning: Passing args to a child process with shell option true can lead to security vulnerabilities, as the arguments are not escaped, only concatenated.
18-06-2026 12:10:59.200 [ts] [ERROR] (Use `node --trace-deprecation ...` to show where the warning was created)
18-06-2026 12:10:59.471 [Gauge] [DEBUG] Checking updates...
18-06-2026 12:10:59.471 [Gauge] [DEBUG] Downloading https://downloads.gauge.org/plugin/html-report?l=ts&p=html-report,screenshot,ts&o=darwin&a=arm64
18-06-2026 12:10:59.821 [Gauge] [DEBUG] Downloading https://downloads.gauge.org/plugin/screenshot?l=ts&p=html-report,screenshot,ts&o=darwin&a=arm64
18-06-2026 12:10:59.959 [Gauge] [DEBUG] Downloading https://downloads.gauge.org/plugin/ts?l=ts&p=html-report,screenshot,ts&o=darwin&a=arm64
18-06-2026 12:10:59.975 [ts] [ERROR] (node:61114) [DEP0180] DeprecationWarning: fs.Stats constructor is deprecated.
18-06-2026 12:10:59.975 [ts] [ERROR] (Use `node --trace-deprecation ...` to show where the warning was created)
18-06-2026 12:10:59.988 [Gauge] [DEBUG] Attempting to connect to grpc server at port: 62322
18-06-2026 12:10:59.988 [Gauge] [DEBUG] Successfully made the connection with runner with port: 62322
18-06-2026 12:10:59.988 [Gauge] [DEBUG] Validation started.
18-06-2026 12:11:00.007 [Gauge] [DEBUG] Validation completed.
18-06-2026 12:11:00.007 [Gauge] [DEBUG] Run started
18-06-2026 12:11:00.009 [Gauge] [DEBUG] Starting Html Report plugin
18-06-2026 12:11:00.016 [html-report] [DEBUG] Setting MaxRecvMsgSize = 1024 MB
18-06-2026 12:11:00.017 [Gauge] [DEBUG] Attempting to connect to grpc server at port: 62325
18-06-2026 12:11:00.017 [Gauge] [DEBUG] Successfully made the connection with plugin with port: 62325
18-06-2026 12:11:00.017 [Gauge] [DEBUG] Initialising suite data store.
18-06-2026 12:11:00.448 [Gauge] [INFO] # 教材進捗・コーチングリマインダー
18-06-2026 12:11:00.452 [Gauge] [INFO] ## 教材選定済みの会員は会員画面に教材進捗が表示される
18-06-2026 12:11:00.495 [Gauge] [DEBUG] * 教材選定済みの会員データを注入して会員画面を開く
18-06-2026 12:11:00.576 [Gauge] [DEBUG] * 教材進捗エリアに教材が表示される

18-06-2026 12:11:00.586 [Gauge] [INFO] ## 最後のコーチングから31日以上経過するとリマインダーが表示される
18-06-2026 12:11:00.622 [Gauge] [DEBUG] * "31" 日前のコーチング記録を持つ会員データを注入して会員画面を開く
18-06-2026 12:11:00.692 [Gauge] [DEBUG] * コーチングリマインダーが表示される
18-06-2026 12:11:00.702 [Gauge] [INFO] # 達成率グラフ
18-06-2026 12:11:00.703 [Gauge] [INFO] ## 学習記録があると達成率グラフが表示される
18-06-2026 12:11:00.736 [Gauge] [DEBUG] * 学習記録を "60" 分注入して会員画面を開く
18-06-2026 12:11:00.805 [Gauge] [DEBUG] * 達成率グラフが表示される

18-06-2026 12:11:00.814 [Gauge] [INFO] ## 期間タブを今週に切り替えてもグラフが表示される
18-06-2026 12:11:00.847 [Gauge] [DEBUG] * 学習記録を "60" 分注入して会員画面を開く
18-06-2026 12:11:00.923 [Gauge] [DEBUG] * 達成率グラフの "week" タブに切り替える
18-06-2026 12:11:01.268 [Gauge] [DEBUG] * 達成率グラフが表示される
18-06-2026 12:11:01.283 [Gauge] [INFO] # 学習履歴カレンダー
18-06-2026 12:11:01.284 [Gauge] [INFO] ## 今日の目標を達成した場合カレンダーに緑セルが表示される
18-06-2026 12:11:01.327 [Gauge] [DEBUG] * 今日 "60" 分の学習記録と目標 "60" 分を注入して会員画面を開く
18-06-2026 12:11:01.400 [Gauge] [DEBUG] * 学習カレンダーに達成済みセルが表示される
18-06-2026 12:11:01.556 [Gauge] [ERROR] Failed Step: 学習カレンダーに達成済みセルが表示される
18-06-2026 12:11:01.556 [Gauge] [ERROR] Error Message: 達成済みの緑セルが見つからない
18-06-2026 12:11:01.556 [Gauge] [ERROR] Specification: specs/16_calendar.spec:8
18-06-2026 12:11:01.556 [Gauge] [ERROR] Stacktrace: 
Error: 達成済みの緑セルが見つからない
    at StepImplementation.<anonymous> (/Users/yasuikendo/morrow-world/study_app/e2e/tests/StepImplementation.ts:743:27)
    at Generator.next (<anonymous>)
    at fulfilled (/Users/yasuikendo/morrow-world/study_app/e2e/tests/StepImplementation.ts:14:58)
18-06-2026 12:11:01.560 [Gauge] [INFO] # 学習記録の編集・削除
18-06-2026 12:11:01.561 [Gauge] [INFO] ## 学習記録を編集するとリロード後も変更が保持される
18-06-2026 12:11:01.599 [Gauge] [DEBUG] * 学習記録を "30" 分注入して会員画面を開く
18-06-2026 12:11:01.669 [Gauge] [DEBUG] * 今日のカレンダーセルをクリックする
18-06-2026 12:11:01.711 [Gauge] [DEBUG] * 学習記録の編集ボタンをクリックする
18-06-2026 12:11:31.895 [Gauge] [ERROR] Failed Step: 学習記録の編集ボタンをクリックする
18-06-2026 12:11:31.895 [Gauge] [ERROR] Error Message: locator.click: Timeout 30000ms exceeded.
Call log:
[2m  - waiting for locator('[onclick*="calConfirmEdit"]').first()[22m
18-06-2026 12:11:31.895 [Gauge] [ERROR] Specification: specs/17_log_edit_delete.spec:9
18-06-2026 12:11:31.895 [Gauge] [ERROR] Stacktrace: 
locator.click: Timeout 30000ms exceeded.
Call log:
[2m  - waiting for locator('[onclick*="calConfirmEdit"]').first()[22m

    at StepImplementation.<anonymous> (/Users/yasuikendo/morrow-world/study_app/e2e/tests/StepImplementation.ts:799:62)
    at /Users/yasuikendo/morrow-world/study_app/e2e/tests/StepImplementation.ts:17:71
    at __awaiter (/Users/yasuikendo/morrow-world/study_app/e2e/tests/StepImplementation.ts:13:12)
    at StepImplementation.clickLogEditButton (/Users/yasuikendo/morrow-world/study_app/e2e/tests/StepImplementation.ts:799:16)
    at StepExecutionProcessor.executeMethod (/Users/yasuikendo/morrow-world/study_app/node_modules/.pnpm/gauge-ts@0.3.0_@types+node@25.9.3/node_modules/gauge-ts/dist/processors/ExecutionProcessor.js:12:22)
    at StepExecutionProcessor.execute (/Users/yasuikendo/morrow-world/study_app/node_modules/.pnpm/gauge-ts@0.3.0_@types+node@25.9.3/node_modules/gauge-ts/dist/processors/StepExecutionProcessor.js:35:24)
    at StepExecutionProcessor.process (/Users/yasuikendo/morrow-world/study_app/node_modules/.pnpm/gauge-ts@0.3.0_@types+node@25.9.3/node_modules/gauge-ts/dist/processors/StepExecutionProcessor.js:16:35)
    at RunnerServer.executeStep (/Users/yasuikendo/morrow-world/study_app/node_modules/.pnpm/gauge-ts@0.3.0_@types+node@25.9.3/node_modules/gauge-ts/dist/RunnerServer.js:139:14)
    at Object.onReceiveHalfClose (/Users/yasuikendo/morrow-world/study_app/node_modules/.pnpm/@grpc+grpc-js@1.14.4/node_modules/@grpc/grpc-js/src/server.ts:2053:17)
    at BaseServerInterceptingCall.maybePushNextMessage (/Users/yasuikendo/morrow-world/study_app/node_modules/.pnpm/@grpc+grpc-js@1.14.4/node_modules/@grpc/grpc-js/src/server-interceptors.ts:815:23)
    at BaseServerInterceptingCall.handleEndEvent (/Users/yasuikendo/morrow-world/study_app/node_modules/.pnpm/@grpc+grpc-js@1.14.4/node_modules/@grpc/grpc-js/src/server-interceptors.ts:857:10)
    at ServerHttp2Stream.<anonymous> (/Users/yasuikendo/morrow-world/study_app/node_modules/.pnpm/@grpc+grpc-js@1.14.4/node_modules/@grpc/grpc-js/src/server-interceptors.ts:584:12)
18-06-2026 12:11:31.899 [Gauge] [INFO] ## 学習記録を削除するとリロード後も削除が保持される
18-06-2026 12:11:31.933 [Gauge] [DEBUG] * 学習記録を "30" 分注入して会員画面を開く
18-06-2026 12:11:32.011 [Gauge] [DEBUG] * 今日のカレンダーセルをクリックする
18-06-2026 12:11:32.044 [Gauge] [DEBUG] * 学習記録の削除ボタンをクリックする
18-06-2026 12:12:02.328 [Gauge] [ERROR] Failed Step: 学習記録の削除ボタンをクリックする
18-06-2026 12:12:02.328 [Gauge] [ERROR] Error Message: locator.click: Timeout 30000ms exceeded.
Call log:
[2m  - waiting for locator('[onclick*="calConfirmDelete"]').first()[22m
18-06-2026 12:12:02.328 [Gauge] [ERROR] Specification: specs/17_log_edit_delete.spec:19
18-06-2026 12:12:02.328 [Gauge] [ERROR] Stacktrace: 
locator.click: Timeout 30000ms exceeded.
Call log:
[2m  - waiting for locator('[onclick*="calConfirmDelete"]').first()[22m

    at StepImplementation.<anonymous> (/Users/yasuikendo/morrow-world/study_app/e2e/tests/StepImplementation.ts:812:64)
    at /Users/yasuikendo/morrow-world/study_app/e2e/tests/StepImplementation.ts:17:71
    at __awaiter (/Users/yasuikendo/morrow-world/study_app/e2e/tests/StepImplementation.ts:13:12)
    at StepImplementation.clickLogDeleteButton (/Users/yasuikendo/morrow-world/study_app/e2e/tests/StepImplementation.ts:811:16)
    at StepExecutionProcessor.executeMethod (/Users/yasuikendo/morrow-world/study_app/node_modules/.pnpm/gauge-ts@0.3.0_@types+node@25.9.3/node_modules/gauge-ts/dist/processors/ExecutionProcessor.js:12:22)
    at StepExecutionProcessor.execute (/Users/yasuikendo/morrow-world/study_app/node_modules/.pnpm/gauge-ts@0.3.0_@types+node@25.9.3/node_modules/gauge-ts/dist/processors/StepExecutionProcessor.js:35:24)
    at StepExecutionProcessor.process (/Users/yasuikendo/morrow-world/study_app/node_modules/.pnpm/gauge-ts@0.3.0_@types+node@25.9.3/node_modules/gauge-ts/dist/processors/StepExecutionProcessor.js:16:35)
    at RunnerServer.executeStep (/Users/yasuikendo/morrow-world/study_app/node_modules/.pnpm/gauge-ts@0.3.0_@types+node@25.9.3/node_modules/gauge-ts/dist/RunnerServer.js:139:14)
    at Object.onReceiveHalfClose (/Users/yasuikendo/morrow-world/study_app/node_modules/.pnpm/@grpc+grpc-js@1.14.4/node_modules/@grpc/grpc-js/src/server.ts:2053:17)
    at BaseServerInterceptingCall.maybePushNextMessage (/Users/yasuikendo/morrow-world/study_app/node_modules/.pnpm/@grpc+grpc-js@1.14.4/node_modules/@grpc/grpc-js/src/server-interceptors.ts:815:23)
    at BaseServerInterceptingCall.handleEndEvent (/Users/yasuikendo/morrow-world/study_app/node_modules/.pnpm/@grpc+grpc-js@1.14.4/node_modules/@grpc/grpc-js/src/server-interceptors.ts:857:10)
    at ServerHttp2Stream.<anonymous> (/Users/yasuikendo/morrow-world/study_app/node_modules/.pnpm/@grpc+grpc-js@1.14.4/node_modules/@grpc/grpc-js/src/server-interceptors.ts:584:12)
18-06-2026 12:12:02.347 [html-report] [DEBUG] Transformed SuiteResult to report structure
18-06-2026 12:12:02.358 [html-report] [INFO] Successfully generated html-report to => /Users/yasuikendo/morrow-world/study_app/e2e/reports/html-report/index.html
18-06-2026 12:12:02.358 [html-report] [DEBUG] Done generating HTML report using theme from /Users/yasuikendo/.gauge/plugins/html-report/4.4.5/themes/default
18-06-2026 12:12:02.358 [Gauge] [DEBUG] Sending kill message to Html Report plugin.
18-06-2026 12:12:02.359 [Gauge] [INFO] Specifications:	4 executed	2 passed	2 failed	0 skipped
18-06-2026 12:12:02.359 [Gauge] [INFO] Scenarios:	7 executed	4 passed	3 failed	0 skipped
18-06-2026 12:12:02.359 [Gauge] [INFO] 
Total time taken: 1m2.339s
18-06-2026 12:14:14.730 [Gauge] [DEBUG] Created gauge_screenshots_dir at /Users/yasuikendo/morrow-world/study_app/e2e/.gauge/screenshots
18-06-2026 12:14:14.730 [Gauge] [DEBUG] Plugin ts is already installed.
18-06-2026 12:14:14.731 [Gauge] [DEBUG] Plugin html-report is already installed.
18-06-2026 12:14:14.731 [Gauge] [DEBUG] Parsing started.
18-06-2026 12:14:14.731 [Gauge] [DEBUG] Started concepts parsing.
18-06-2026 12:14:14.731 [Gauge] [DEBUG] 0 concepts parsing completed.
18-06-2026 12:14:14.731 [Gauge] [DEBUG] Started specifications parsing.
18-06-2026 12:14:14.731 [Gauge] [DEBUG] 1 specifications parsing completed.
18-06-2026 12:14:14.731 [Gauge] [DEBUG] Parsing completed.
18-06-2026 12:14:14.768 [ts] [ERROR] (node:62858) [DEP0190] DeprecationWarning: Passing args to a child process with shell option true can lead to security vulnerabilities, as the arguments are not escaped, only concatenated.
18-06-2026 12:14:14.768 [ts] [ERROR] (Use `node --trace-deprecation ...` to show where the warning was created)
18-06-2026 12:14:15.690 [Gauge] [DEBUG] Checking updates...
18-06-2026 12:14:15.691 [Gauge] [DEBUG] Downloading https://downloads.gauge.org/plugin/html-report?l=ts&p=html-report,screenshot,ts&o=darwin&a=arm64
18-06-2026 12:14:15.793 [ts] [ERROR] (node:62897) [DEP0180] DeprecationWarning: fs.Stats constructor is deprecated.
18-06-2026 12:14:15.793 [ts] [ERROR] (Use `node --trace-deprecation ...` to show where the warning was created)
18-06-2026 12:14:15.797 [Gauge] [DEBUG] Attempting to connect to grpc server at port: 62375
18-06-2026 12:14:15.797 [Gauge] [DEBUG] Successfully made the connection with runner with port: 62375
18-06-2026 12:14:15.797 [Gauge] [DEBUG] Validation started.
18-06-2026 12:14:15.806 [Gauge] [DEBUG] Validation completed.
18-06-2026 12:14:15.806 [Gauge] [DEBUG] Run started
18-06-2026 12:14:15.806 [Gauge] [DEBUG] Starting Html Report plugin
18-06-2026 12:14:15.814 [html-report] [DEBUG] Setting MaxRecvMsgSize = 1024 MB
18-06-2026 12:14:15.814 [Gauge] [DEBUG] Attempting to connect to grpc server at port: 62378
18-06-2026 12:14:15.814 [Gauge] [DEBUG] Successfully made the connection with plugin with port: 62378
18-06-2026 12:14:15.814 [Gauge] [DEBUG] Initialising suite data store.
18-06-2026 12:14:16.252 [Gauge] [DEBUG] Downloading https://downloads.gauge.org/plugin/screenshot?l=ts&p=html-report,screenshot,ts&o=darwin&a=arm64
18-06-2026 12:14:16.265 [Gauge] [INFO] # 学習記録の編集・削除
18-06-2026 12:14:16.269 [Gauge] [INFO] ## 学習記録を編集するとリロード後も変更が保持される
18-06-2026 12:14:16.321 [Gauge] [DEBUG] * 学習記録を "30" 分注入して会員画面を開く
18-06-2026 12:14:16.379 [Gauge] [DEBUG] Downloading https://downloads.gauge.org/plugin/ts?l=ts&p=html-report,screenshot,ts&o=darwin&a=arm64
18-06-2026 12:14:16.408 [Gauge] [DEBUG] * 今日のカレンダーセルをクリックする
18-06-2026 12:14:16.492 [Gauge] [DEBUG] * 学習記録の編集ボタンをクリックする
18-06-2026 12:14:16.532 [Gauge] [DEBUG] * 学習時間を "1" 時間 "0" 分に変更する
18-06-2026 12:14:16.537 [Gauge] [DEBUG] * 記録を保存する
18-06-2026 12:14:16.564 [Gauge] [DEBUG] * 会員画面をリロードする
18-06-2026 12:14:16.581 [Gauge] [DEBUG] * 今日の学習記録が "60" 分で保存されている

18-06-2026 12:14:16.774 [Gauge] [ERROR] Failed Step: 今日の学習記録が "60" 分で保存されている
18-06-2026 12:14:16.774 [Gauge] [ERROR] Error Message: today minutes: expected 60 but got 30
18-06-2026 12:14:16.774 [Gauge] [ERROR] Specification: specs/17_log_edit_delete.spec:13
18-06-2026 12:14:16.774 [Gauge] [ERROR] Stacktrace: 
Error: today minutes: expected 60 but got 30
    at StepImplementation.<anonymous> (/Users/yasuikendo/morrow-world/study_app/e2e/tests/StepImplementation.ts:853:13)
    at Generator.next (<anonymous>)
    at fulfilled (/Users/yasuikendo/morrow-world/study_app/e2e/tests/StepImplementation.ts:14:58)
    at runNextTicks (node:internal/process/task_queues:65:5)
    at processImmediate (node:internal/timers:472:9)
18-06-2026 12:14:16.778 [Gauge] [INFO] ## 学習記録を削除するとリロード後も削除が保持される
18-06-2026 12:14:16.816 [Gauge] [DEBUG] * 学習記録を "30" 分注入して会員画面を開く
18-06-2026 12:14:16.887 [Gauge] [DEBUG] * 今日のカレンダーセルをクリックする
18-06-2026 12:14:16.976 [Gauge] [DEBUG] * 学習記録の削除ボタンをクリックする
18-06-2026 12:14:17.517 [Gauge] [DEBUG] * 会員画面をリロードする
18-06-2026 12:14:17.553 [Gauge] [DEBUG] * 学習記録が "0" 件保存されている
18-06-2026 12:14:17.753 [Gauge] [ERROR] Failed Step: 学習記録が "0" 件保存されている
18-06-2026 12:14:17.753 [Gauge] [ERROR] Error Message: log count: expected 0 but got 1
18-06-2026 12:14:17.753 [Gauge] [ERROR] Specification: specs/17_log_edit_delete.spec:21
18-06-2026 12:14:17.753 [Gauge] [ERROR] Stacktrace: 
Error: log count: expected 0 but got 1
    at StepImplementation.<anonymous> (/Users/yasuikendo/morrow-world/study_app/e2e/tests/StepImplementation.ts:839:35)
    at Generator.next (<anonymous>)
    at fulfilled (/Users/yasuikendo/morrow-world/study_app/e2e/tests/StepImplementation.ts:14:58)
18-06-2026 12:14:17.773 [html-report] [DEBUG] Transformed SuiteResult to report structure
18-06-2026 12:14:17.781 [html-report] [INFO] Successfully generated html-report to => /Users/yasuikendo/morrow-world/study_app/e2e/reports/html-report/index.html
18-06-2026 12:14:17.781 [html-report] [DEBUG] Done generating HTML report using theme from /Users/yasuikendo/.gauge/plugins/html-report/4.4.5/themes/default
18-06-2026 12:14:17.781 [Gauge] [DEBUG] Sending kill message to Html Report plugin.
18-06-2026 12:14:17.782 [Gauge] [INFO] Specifications:	1 executed	0 passed	1 failed	0 skipped
18-06-2026 12:14:17.782 [Gauge] [INFO] Scenarios:	2 executed	0 passed	2 failed	0 skipped
18-06-2026 12:14:17.782 [Gauge] [INFO] 
Total time taken: 1.966s
18-06-2026 12:14:53.895 [Gauge] [DEBUG] Created gauge_screenshots_dir at /Users/yasuikendo/morrow-world/study_app/e2e/.gauge/screenshots
18-06-2026 12:14:53.895 [Gauge] [DEBUG] Plugin ts is already installed.
18-06-2026 12:14:53.895 [Gauge] [DEBUG] Plugin html-report is already installed.
18-06-2026 12:14:53.895 [Gauge] [DEBUG] Parsing started.
18-06-2026 12:14:53.895 [Gauge] [DEBUG] Started concepts parsing.
18-06-2026 12:14:53.896 [Gauge] [DEBUG] 0 concepts parsing completed.
18-06-2026 12:14:53.896 [Gauge] [DEBUG] Started specifications parsing.
18-06-2026 12:14:53.896 [Gauge] [DEBUG] 1 specifications parsing completed.
18-06-2026 12:14:53.896 [Gauge] [DEBUG] Parsing completed.
18-06-2026 12:14:53.935 [ts] [ERROR] (node:63299) [DEP0190] DeprecationWarning: Passing args to a child process with shell option true can lead to security vulnerabilities, as the arguments are not escaped, only concatenated.
18-06-2026 12:14:53.935 [ts] [ERROR] (Use `node --trace-deprecation ...` to show where the warning was created)
18-06-2026 12:14:54.401 [Gauge] [DEBUG] Checking updates...
18-06-2026 12:14:54.402 [Gauge] [DEBUG] Downloading https://downloads.gauge.org/plugin/html-report?l=ts&p=html-report,screenshot,ts&o=darwin&a=arm64
18-06-2026 12:14:54.744 [ts] [ERROR] (node:63327) [DEP0180] DeprecationWarning: fs.Stats constructor is deprecated.
18-06-2026 12:14:54.744 [ts] [ERROR] (Use `node --trace-deprecation ...` to show where the warning was created)
18-06-2026 12:14:54.759 [Gauge] [DEBUG] Attempting to connect to grpc server at port: 62393
18-06-2026 12:14:54.759 [Gauge] [DEBUG] Successfully made the connection with runner with port: 62393
18-06-2026 12:14:54.759 [Gauge] [DEBUG] Validation started.
18-06-2026 12:14:54.768 [Gauge] [DEBUG] Validation completed.
18-06-2026 12:14:54.768 [Gauge] [DEBUG] Run started
18-06-2026 12:14:54.769 [Gauge] [DEBUG] Starting Html Report plugin
18-06-2026 12:14:54.778 [html-report] [DEBUG] Setting MaxRecvMsgSize = 1024 MB
18-06-2026 12:14:54.778 [Gauge] [DEBUG] Attempting to connect to grpc server at port: 62396
18-06-2026 12:14:54.779 [Gauge] [DEBUG] Successfully made the connection with plugin with port: 62396
18-06-2026 12:14:54.779 [Gauge] [DEBUG] Initialising suite data store.
18-06-2026 12:14:54.823 [Gauge] [DEBUG] Downloading https://downloads.gauge.org/plugin/screenshot?l=ts&p=html-report,screenshot,ts&o=darwin&a=arm64
18-06-2026 12:14:54.999 [Gauge] [DEBUG] Downloading https://downloads.gauge.org/plugin/ts?l=ts&p=html-report,screenshot,ts&o=darwin&a=arm64
18-06-2026 12:14:55.229 [Gauge] [INFO] # 学習記録の編集・削除
18-06-2026 12:14:55.231 [Gauge] [INFO] ## 学習記録を編集するとリロード後も変更が保持される
18-06-2026 12:14:55.302 [Gauge] [DEBUG] * 学習記録を "30" 分注入して会員画面を開く
18-06-2026 12:14:55.396 [Gauge] [DEBUG] * 今日のカレンダーセルをクリックする
18-06-2026 12:14:55.479 [Gauge] [DEBUG] * 学習記録の編集ボタンをクリックする
18-06-2026 12:14:55.517 [Gauge] [DEBUG] * 学習時間を "1" 時間 "0" 分に変更する
18-06-2026 12:14:55.526 [Gauge] [DEBUG] * 記録を保存する
18-06-2026 12:14:55.564 [Gauge] [DEBUG] * 会員画面をリロードする
18-06-2026 12:14:55.588 [Gauge] [DEBUG] * 今日の学習記録が "60" 分で保存されている

18-06-2026 12:14:55.846 [Gauge] [ERROR] Failed Step: 今日の学習記録が "60" 分で保存されている
18-06-2026 12:14:55.846 [Gauge] [ERROR] Error Message: today minutes: expected 60 but got 30
18-06-2026 12:14:55.846 [Gauge] [ERROR] Specification: specs/17_log_edit_delete.spec:13
18-06-2026 12:14:55.846 [Gauge] [ERROR] Stacktrace: 
Error: today minutes: expected 60 but got 30
    at StepImplementation.<anonymous> (/Users/yasuikendo/morrow-world/study_app/e2e/tests/StepImplementation.ts:853:13)
    at Generator.next (<anonymous>)
    at fulfilled (/Users/yasuikendo/morrow-world/study_app/e2e/tests/StepImplementation.ts:14:58)
    at runNextTicks (node:internal/process/task_queues:65:5)
    at processImmediate (node:internal/timers:472:9)
18-06-2026 12:14:55.850 [Gauge] [INFO] ## 学習記録を削除するとリロード後も削除が保持される
18-06-2026 12:14:55.887 [Gauge] [DEBUG] * 学習記録を "30" 分注入して会員画面を開く
18-06-2026 12:14:55.962 [Gauge] [DEBUG] * 今日のカレンダーセルをクリックする
18-06-2026 12:14:56.045 [Gauge] [DEBUG] * 学習記録の削除ボタンをクリックする
18-06-2026 12:14:56.083 [ts] [ERROR] /Users/yasuikendo/morrow-world/study_app/e2e/tests/StepImplementation.ts:814
18-06-2026 12:14:56.083 [ts] [ERROR] p().once('dialog', dialog => dialog.accept());
18-06-2026 12:14:56.083 [ts] [ERROR] ^
18-06-2026 12:14:56.083 [ts] [ERROR] dialog.accept: Cannot accept dialog which is already handled!
18-06-2026 12:14:56.083 [ts] [ERROR] at _Page.<anonymous> (/Users/yasuikendo/morrow-world/study_app/e2e/tests/StepImplementation.ts:814:41) {
18-06-2026 12:14:56.083 [ts] [ERROR] log: [],
18-06-2026 12:14:56.083 [ts] [ERROR] name: 'Error'
18-06-2026 12:14:56.083 [ts] [ERROR] }
18-06-2026 12:14:56.099 [Gauge] [ERROR] Failed Step: 学習記録の削除ボタンをクリックする
18-06-2026 12:14:56.099 [Gauge] [ERROR] Error Message: error reading from server: EOF
18-06-2026 12:14:56.099 [Gauge] [ERROR] Specification: specs/17_log_edit_delete.spec:19
18-06-2026 12:14:56.099 [Gauge] [ERROR] Stacktrace: 
18-06-2026 12:14:56.099 [Gauge] [ERROR] Error Message: Runner is not Alive
18-06-2026 12:14:56.099 [Gauge] [ERROR] Stacktrace: 
18-06-2026 12:14:56.099 [Gauge] [ERROR] Error Message: Runner is not Alive
18-06-2026 12:14:56.099 [Gauge] [ERROR] Stacktrace: 
18-06-2026 12:14:56.100 [Gauge] [ERROR] Error Message: Runner is not Alive
18-06-2026 12:14:56.100 [Gauge] [ERROR] Stacktrace: 
18-06-2026 12:14:56.100 [Gauge] [ERROR] Error Message: Runner is not Alive
18-06-2026 12:14:56.100 [Gauge] [ERROR] Stacktrace: 
18-06-2026 12:14:56.100 [html-report] [DEBUG] Transformed SuiteResult to report structure
18-06-2026 12:14:56.108 [html-report] [INFO] Successfully generated html-report to => /Users/yasuikendo/morrow-world/study_app/e2e/reports/html-report/index.html
18-06-2026 12:14:56.108 [html-report] [DEBUG] Done generating HTML report using theme from /Users/yasuikendo/.gauge/plugins/html-report/4.4.5/themes/default
18-06-2026 12:14:56.108 [Gauge] [DEBUG] Sending kill message to Html Report plugin.
18-06-2026 12:14:56.109 [Gauge] [INFO] Specifications:	1 executed	0 passed	1 failed	0 skipped
18-06-2026 12:14:56.109 [Gauge] [INFO] Scenarios:	2 executed	0 passed	2 failed	0 skipped
18-06-2026 12:14:56.109 [Gauge] [INFO] 
Total time taken: 1.331s
18-06-2026 12:15:17.329 [Gauge] [DEBUG] Created gauge_screenshots_dir at /Users/yasuikendo/morrow-world/study_app/e2e/.gauge/screenshots
18-06-2026 12:15:17.329 [Gauge] [DEBUG] Plugin ts is already installed.
18-06-2026 12:15:17.329 [Gauge] [DEBUG] Plugin html-report is already installed.
18-06-2026 12:15:17.329 [Gauge] [DEBUG] Parsing started.
18-06-2026 12:15:17.329 [Gauge] [DEBUG] Started concepts parsing.
18-06-2026 12:15:17.330 [Gauge] [DEBUG] 0 concepts parsing completed.
18-06-2026 12:15:17.330 [Gauge] [DEBUG] Started specifications parsing.
18-06-2026 12:15:17.330 [Gauge] [DEBUG] 1 specifications parsing completed.
18-06-2026 12:15:17.330 [Gauge] [DEBUG] Parsing completed.
18-06-2026 12:15:17.368 [ts] [ERROR] (node:63577) [DEP0190] DeprecationWarning: Passing args to a child process with shell option true can lead to security vulnerabilities, as the arguments are not escaped, only concatenated.
18-06-2026 12:15:17.368 [ts] [ERROR] (Use `node --trace-deprecation ...` to show where the warning was created)
18-06-2026 12:15:18.160 [ts] [ERROR] (node:63605) [DEP0180] DeprecationWarning: fs.Stats constructor is deprecated.
18-06-2026 12:15:18.160 [ts] [ERROR] (Use `node --trace-deprecation ...` to show where the warning was created)
18-06-2026 12:15:18.164 [Gauge] [DEBUG] Attempting to connect to grpc server at port: 62408
18-06-2026 12:15:18.164 [Gauge] [DEBUG] Successfully made the connection with runner with port: 62408
18-06-2026 12:15:18.164 [Gauge] [DEBUG] Validation started.
18-06-2026 12:15:18.173 [Gauge] [DEBUG] Validation completed.
18-06-2026 12:15:18.173 [Gauge] [DEBUG] Run started
18-06-2026 12:15:18.174 [Gauge] [DEBUG] Starting Html Report plugin
18-06-2026 12:15:18.181 [html-report] [DEBUG] Setting MaxRecvMsgSize = 1024 MB
18-06-2026 12:15:18.181 [Gauge] [DEBUG] Attempting to connect to grpc server at port: 62411
18-06-2026 12:15:18.181 [Gauge] [DEBUG] Successfully made the connection with plugin with port: 62411
18-06-2026 12:15:18.181 [Gauge] [DEBUG] Initialising suite data store.
18-06-2026 12:15:18.226 [Gauge] [DEBUG] Checking updates...
18-06-2026 12:15:18.226 [Gauge] [DEBUG] Downloading https://downloads.gauge.org/plugin/html-report?l=ts&p=html-report,screenshot,ts&o=darwin&a=arm64
18-06-2026 12:15:18.617 [Gauge] [INFO] # 学習記録の編集・削除
18-06-2026 12:15:18.620 [Gauge] [INFO] ## 学習記録を編集するとリロード後も変更が保持される
18-06-2026 12:15:18.663 [Gauge] [DEBUG] * 学習記録を "30" 分注入して会員画面を開く
18-06-2026 12:15:18.695 [Gauge] [DEBUG] Downloading https://downloads.gauge.org/plugin/screenshot?l=ts&p=html-report,screenshot,ts&o=darwin&a=arm64
18-06-2026 12:15:18.742 [Gauge] [DEBUG] * 今日のカレンダーセルをクリックする
18-06-2026 12:15:18.813 [Gauge] [DEBUG] Downloading https://downloads.gauge.org/plugin/ts?l=ts&p=html-report,screenshot,ts&o=darwin&a=arm64
18-06-2026 12:15:18.824 [Gauge] [DEBUG] * 学習記録の編集ボタンをクリックする
18-06-2026 12:15:18.866 [Gauge] [DEBUG] * 学習時間を "1" 時間 "0" 分に変更する
18-06-2026 12:15:18.872 [Gauge] [DEBUG] * 記録を保存する
18-06-2026 12:15:18.897 [Gauge] [DEBUG] * 会員画面をリロードする
18-06-2026 12:15:18.913 [Gauge] [DEBUG] * 今日の学習記録が "60" 分で保存されている

18-06-2026 12:15:19.088 [Gauge] [ERROR] Failed Step: 今日の学習記録が "60" 分で保存されている
18-06-2026 12:15:19.088 [Gauge] [ERROR] Error Message: today minutes: expected 60 but got 30
18-06-2026 12:15:19.088 [Gauge] [ERROR] Specification: specs/17_log_edit_delete.spec:13
18-06-2026 12:15:19.088 [Gauge] [ERROR] Stacktrace: 
Error: today minutes: expected 60 but got 30
    at StepImplementation.<anonymous> (/Users/yasuikendo/morrow-world/study_app/e2e/tests/StepImplementation.ts:854:13)
    at Generator.next (<anonymous>)
    at fulfilled (/Users/yasuikendo/morrow-world/study_app/e2e/tests/StepImplementation.ts:14:58)
    at runNextTicks (node:internal/process/task_queues:65:5)
    at processImmediate (node:internal/timers:472:9)
18-06-2026 12:15:19.091 [Gauge] [INFO] ## 学習記録を削除するとリロード後も削除が保持される
18-06-2026 12:15:19.126 [Gauge] [DEBUG] * 学習記録を "30" 分注入して会員画面を開く
18-06-2026 12:15:19.195 [Gauge] [DEBUG] * 今日のカレンダーセルをクリックする
18-06-2026 12:15:19.277 [Gauge] [DEBUG] * 学習記録の削除ボタンをクリックする
18-06-2026 12:15:19.815 [Gauge] [DEBUG] * 会員画面をリロードする
18-06-2026 12:15:19.846 [Gauge] [DEBUG] * 学習記録が "0" 件保存されている
18-06-2026 12:15:20.030 [Gauge] [ERROR] Failed Step: 学習記録が "0" 件保存されている
18-06-2026 12:15:20.030 [Gauge] [ERROR] Error Message: log count: expected 0 but got 1
18-06-2026 12:15:20.030 [Gauge] [ERROR] Specification: specs/17_log_edit_delete.spec:21
18-06-2026 12:15:20.030 [Gauge] [ERROR] Stacktrace: 
Error: log count: expected 0 but got 1
    at StepImplementation.<anonymous> (/Users/yasuikendo/morrow-world/study_app/e2e/tests/StepImplementation.ts:840:35)
    at Generator.next (<anonymous>)
    at fulfilled (/Users/yasuikendo/morrow-world/study_app/e2e/tests/StepImplementation.ts:14:58)
18-06-2026 12:15:20.048 [html-report] [DEBUG] Transformed SuiteResult to report structure
18-06-2026 12:15:20.055 [html-report] [INFO] Successfully generated html-report to => /Users/yasuikendo/morrow-world/study_app/e2e/reports/html-report/index.html
18-06-2026 12:15:20.055 [html-report] [DEBUG] Done generating HTML report using theme from /Users/yasuikendo/.gauge/plugins/html-report/4.4.5/themes/default
18-06-2026 12:15:20.055 [Gauge] [DEBUG] Sending kill message to Html Report plugin.
18-06-2026 12:15:20.056 [Gauge] [INFO] Specifications:	1 executed	0 passed	1 failed	0 skipped
18-06-2026 12:15:20.056 [Gauge] [INFO] Scenarios:	2 executed	0 passed	2 failed	0 skipped
18-06-2026 12:15:20.056 [Gauge] [INFO] 
Total time taken: 1.874s
18-06-2026 12:16:02.855 [Gauge] [DEBUG] Created gauge_screenshots_dir at /Users/yasuikendo/morrow-world/study_app/e2e/.gauge/screenshots
18-06-2026 12:16:02.855 [Gauge] [DEBUG] Plugin ts is already installed.
18-06-2026 12:16:02.855 [Gauge] [DEBUG] Plugin html-report is already installed.
18-06-2026 12:16:02.855 [Gauge] [DEBUG] Parsing started.
18-06-2026 12:16:02.855 [Gauge] [DEBUG] Started concepts parsing.
18-06-2026 12:16:02.856 [Gauge] [DEBUG] 0 concepts parsing completed.
18-06-2026 12:16:02.856 [Gauge] [DEBUG] Started specifications parsing.
18-06-2026 12:16:02.856 [Gauge] [DEBUG] 1 specifications parsing completed.
18-06-2026 12:16:02.856 [Gauge] [DEBUG] Parsing completed.
18-06-2026 12:16:02.892 [ts] [ERROR] (node:64063) [DEP0190] DeprecationWarning: Passing args to a child process with shell option true can lead to security vulnerabilities, as the arguments are not escaped, only concatenated.
18-06-2026 12:16:02.892 [ts] [ERROR] (Use `node --trace-deprecation ...` to show where the warning was created)
18-06-2026 12:16:03.672 [ts] [ERROR] (node:64093) [DEP0180] DeprecationWarning: fs.Stats constructor is deprecated.
18-06-2026 12:16:03.672 [ts] [ERROR] (Use `node --trace-deprecation ...` to show where the warning was created)
18-06-2026 12:16:03.686 [Gauge] [DEBUG] Attempting to connect to grpc server at port: 62425
18-06-2026 12:16:03.686 [Gauge] [DEBUG] Successfully made the connection with runner with port: 62425
18-06-2026 12:16:03.686 [Gauge] [DEBUG] Validation started.
18-06-2026 12:16:03.696 [Gauge] [DEBUG] Validation completed.
18-06-2026 12:16:03.696 [Gauge] [DEBUG] Run started
18-06-2026 12:16:03.697 [Gauge] [DEBUG] Starting Html Report plugin
18-06-2026 12:16:03.707 [Gauge] [DEBUG] Attempting to connect to grpc server at port: 62428
18-06-2026 12:16:03.707 [Gauge] [DEBUG] Successfully made the connection with plugin with port: 62428
18-06-2026 12:16:03.707 [Gauge] [DEBUG] Initialising suite data store.
18-06-2026 12:16:03.731 [Gauge] [DEBUG] Checking updates...
18-06-2026 12:16:03.731 [Gauge] [DEBUG] Downloading https://downloads.gauge.org/plugin/html-report?l=ts&p=html-report,screenshot,ts&o=darwin&a=arm64
18-06-2026 12:16:04.123 [Gauge] [DEBUG] Downloading https://downloads.gauge.org/plugin/screenshot?l=ts&p=html-report,screenshot,ts&o=darwin&a=arm64
18-06-2026 12:16:04.149 [Gauge] [INFO] # 学習記録の編集・削除
18-06-2026 12:16:04.151 [Gauge] [INFO] ## 学習記録を編集するとリロード後も変更が保持される
18-06-2026 12:16:04.195 [Gauge] [DEBUG] * 学習記録を "30" 分注入して会員画面を開く
18-06-2026 12:16:04.250 [Gauge] [DEBUG] Downloading https://downloads.gauge.org/plugin/ts?l=ts&p=html-report,screenshot,ts&o=darwin&a=arm64
18-06-2026 12:16:04.297 [Gauge] [DEBUG] * 今日のカレンダーセルをクリックする
18-06-2026 12:16:04.374 [Gauge] [DEBUG] * 学習記録の編集ボタンをクリックする
18-06-2026 12:16:04.417 [Gauge] [DEBUG] * 学習時間を "1" 時間 "0" 分に変更する
18-06-2026 12:16:04.422 [Gauge] [DEBUG] * 記録を保存する
18-06-2026 12:16:04.464 [Gauge] [DEBUG] * 会員画面をリロードする
18-06-2026 12:16:04.482 [Gauge] [DEBUG] * 今日の学習記録が "60" 分で保存されている

18-06-2026 12:16:04.488 [Gauge] [INFO] ## 学習記録を削除するとリロード後も削除が保持される
18-06-2026 12:16:04.523 [Gauge] [DEBUG] * 学習記録を "30" 分注入して会員画面を開く
18-06-2026 12:16:04.613 [Gauge] [DEBUG] * 今日のカレンダーセルをクリックする
18-06-2026 12:16:04.691 [Gauge] [DEBUG] * 学習記録の削除ボタンをクリックする
18-06-2026 12:16:05.231 [Gauge] [DEBUG] * 会員画面をリロードする
18-06-2026 12:16:05.253 [Gauge] [DEBUG] * 学習記録が "0" 件保存されている
18-06-2026 12:16:05.274 [html-report] [DEBUG] Transformed SuiteResult to report structure
18-06-2026 12:16:05.279 [html-report] [INFO] Successfully generated html-report to => /Users/yasuikendo/morrow-world/study_app/e2e/reports/html-report/index.html
18-06-2026 12:16:05.279 [html-report] [DEBUG] Done generating HTML report using theme from /Users/yasuikendo/.gauge/plugins/html-report/4.4.5/themes/default
18-06-2026 12:16:05.279 [Gauge] [DEBUG] Sending kill message to Html Report plugin.
18-06-2026 12:16:05.280 [Gauge] [INFO] Specifications:	1 executed	1 passed	0 failed	0 skipped
18-06-2026 12:16:05.280 [Gauge] [INFO] Scenarios:	2 executed	2 passed	0 failed	0 skipped
18-06-2026 12:16:05.280 [Gauge] [INFO] 
Total time taken: 1.578s
18-06-2026 12:16:10.467 [Gauge] [DEBUG] Created gauge_screenshots_dir at /Users/yasuikendo/morrow-world/study_app/e2e/.gauge/screenshots
18-06-2026 12:16:10.467 [Gauge] [DEBUG] Plugin ts is already installed.
18-06-2026 12:16:10.467 [Gauge] [DEBUG] Plugin html-report is already installed.
18-06-2026 12:16:10.467 [Gauge] [DEBUG] Parsing started.
18-06-2026 12:16:10.467 [Gauge] [DEBUG] Started concepts parsing.
18-06-2026 12:16:10.468 [Gauge] [DEBUG] 0 concepts parsing completed.
18-06-2026 12:16:10.468 [Gauge] [DEBUG] Started specifications parsing.
18-06-2026 12:16:10.470 [Gauge] [DEBUG] 17 specifications parsing completed.
18-06-2026 12:16:10.471 [Gauge] [DEBUG] Parsing completed.
18-06-2026 12:16:10.505 [ts] [ERROR] (node:64170) [DEP0190] DeprecationWarning: Passing args to a child process with shell option true can lead to security vulnerabilities, as the arguments are not escaped, only concatenated.
18-06-2026 12:16:10.506 [ts] [ERROR] (Use `node --trace-deprecation ...` to show where the warning was created)
18-06-2026 12:16:10.798 [Gauge] [DEBUG] Checking updates...
18-06-2026 12:16:10.798 [Gauge] [DEBUG] Downloading https://downloads.gauge.org/plugin/html-report?l=ts&p=html-report,screenshot,ts&o=darwin&a=arm64
18-06-2026 12:16:11.151 [Gauge] [DEBUG] Downloading https://downloads.gauge.org/plugin/screenshot?l=ts&p=html-report,screenshot,ts&o=darwin&a=arm64
18-06-2026 12:16:11.278 [Gauge] [DEBUG] Downloading https://downloads.gauge.org/plugin/ts?l=ts&p=html-report,screenshot,ts&o=darwin&a=arm64
18-06-2026 12:16:11.325 [ts] [ERROR] (node:64198) [DEP0180] DeprecationWarning: fs.Stats constructor is deprecated.
18-06-2026 12:16:11.325 [ts] [ERROR] (Use `node --trace-deprecation ...` to show where the warning was created)
18-06-2026 12:16:11.338 [Gauge] [DEBUG] Attempting to connect to grpc server at port: 62445
18-06-2026 12:16:11.338 [Gauge] [DEBUG] Successfully made the connection with runner with port: 62445
18-06-2026 12:16:11.338 [Gauge] [DEBUG] Validation started.
18-06-2026 12:16:11.369 [Gauge] [DEBUG] Validation completed.
18-06-2026 12:16:11.369 [Gauge] [DEBUG] Run started
18-06-2026 12:16:11.370 [Gauge] [DEBUG] Starting Html Report plugin
18-06-2026 12:16:11.377 [html-report] [DEBUG] Setting MaxRecvMsgSize = 1024 MB
18-06-2026 12:16:11.377 [Gauge] [DEBUG] Attempting to connect to grpc server at port: 62448
18-06-2026 12:16:11.377 [Gauge] [DEBUG] Successfully made the connection with plugin with port: 62448
18-06-2026 12:16:11.377 [Gauge] [DEBUG] Initialising suite data store.
18-06-2026 12:16:11.810 [Gauge] [INFO] # 会員ログイン
18-06-2026 12:16:11.812 [Gauge] [INFO] ## 会員が正常にログインして会員ダッシュボードに遷移する
18-06-2026 12:16:11.856 [Gauge] [DEBUG] * ログインページを開く
18-06-2026 12:16:11.887 [Gauge] [DEBUG] * 会員 "student_10001@example.jp" / "student10001" でログインする
18-06-2026 12:16:11.963 [Gauge] [DEBUG] * 会員ダッシュボード（ホーム画面）が表示される

18-06-2026 12:16:11.984 [Gauge] [INFO] ## 誤ったパスワードでログインするとエラーが表示される
18-06-2026 12:16:12.018 [Gauge] [DEBUG] * ログインページを開く
18-06-2026 12:16:12.043 [Gauge] [DEBUG] * 会員 "student_10001@example.jp" / "wrongpassword" でログインする
18-06-2026 12:16:12.103 [Gauge] [DEBUG] * ログインエラーメッセージが表示される

18-06-2026 12:16:12.108 [Gauge] [INFO] ## 未登録メールアドレスでログインするとエラーが表示される
18-06-2026 12:16:12.143 [Gauge] [DEBUG] * ログインページを開く
18-06-2026 12:16:12.168 [Gauge] [DEBUG] * 会員 "unknown@example.jp" / "anypassword" でログインする
18-06-2026 12:16:12.230 [Gauge] [DEBUG] * ログインエラーメッセージが表示される
18-06-2026 12:16:12.235 [Gauge] [INFO] # 職員（コーチ）ログイン
18-06-2026 12:16:12.236 [Gauge] [INFO] ## sessionStorage から管理画面を直接開ける
18-06-2026 12:16:12.269 [Gauge] [DEBUG] * 職員としてセッションを設定して管理画面を開く
18-06-2026 12:16:12.370 [Gauge] [DEBUG] * 管理画面（ダッシュボード）が表示される
18-06-2026 12:16:12.376 [Gauge] [DEBUG] * サイドバーが表示される
18-06-2026 12:16:12.382 [Gauge] [INFO] # 学習記録の入力
18-06-2026 12:16:12.383 [Gauge] [INFO] ## 会員が学習記録を入力して保存できる
18-06-2026 12:16:12.416 [Gauge] [DEBUG] * 会員としてセッションを設定して会員画面を開く
18-06-2026 12:16:12.487 [Gauge] [DEBUG] * 学習記録ボタンをクリックする
18-06-2026 12:16:12.534 [Gauge] [DEBUG] * 学習日 "2026-06-01" を入力する
18-06-2026 12:16:12.537 [Gauge] [DEBUG] * 教材を選択する
18-06-2026 12:16:12.560 [Gauge] [DEBUG] * 学習時間 "30" 分を選択する
18-06-2026 12:16:12.563 [Gauge] [DEBUG] * 記録を保存する
18-06-2026 12:16:12.597 [Gauge] [DEBUG] * 学習記録が localStorage に保存されている
18-06-2026 12:16:12.608 [Gauge] [INFO] # 会員一覧の検索
18-06-2026 12:16:12.609 [Gauge] [INFO] ## キーワードで会員を検索できる
18-06-2026 12:16:12.643 [Gauge] [DEBUG] * 職員としてセッションを設定して管理画面を開く
18-06-2026 12:16:12.741 [Gauge] [DEBUG] * 会員管理メニューをクリックする
18-06-2026 12:16:12.788 [Gauge] [DEBUG] * 会員検索欄に "見本一郎" と入力する
18-06-2026 12:16:13.149 [Gauge] [DEBUG] * 会員一覧に "見本一郎" が表示される

18-06-2026 12:16:13.168 [Gauge] [INFO] ## 存在しないキーワードで検索すると該当なしになる
18-06-2026 12:16:13.214 [Gauge] [DEBUG] * 職員としてセッションを設定して管理画面を開く
18-06-2026 12:16:13.315 [Gauge] [DEBUG] * 会員管理メニューをクリックする
18-06-2026 12:16:13.351 [Gauge] [DEBUG] * 会員検索欄に "zzznotexist" と入力する
18-06-2026 12:16:13.682 [Gauge] [DEBUG] * 会員一覧に "見本一郎" が表示されない
18-06-2026 12:16:13.997 [Gauge] [INFO] # ログアウト
18-06-2026 12:16:13.998 [Gauge] [INFO] ## 職員がログアウトすると login.html に戻る
18-06-2026 12:16:14.039 [Gauge] [DEBUG] * 職員としてセッションを設定して管理画面を開く
18-06-2026 12:16:14.138 [Gauge] [DEBUG] * 管理画面でログアウトする
18-06-2026 12:16:14.184 [Gauge] [DEBUG] * ログインページにリダイレクトされる
18-06-2026 12:16:14.189 [Gauge] [INFO] # 新規会員登録
18-06-2026 12:16:14.190 [Gauge] [INFO] ## 新規会員を登録するとリロード後に詳細パネルで確認できる
18-06-2026 12:16:14.223 [Gauge] [DEBUG] * 職員としてセッションを設定して管理画面を開く（localStorageなし）
18-06-2026 12:16:14.337 [Gauge] [DEBUG] * 会員管理メニューをクリックする
18-06-2026 12:16:14.384 [Gauge] [DEBUG] * 新規会員登録ボタンをクリックする
18-06-2026 12:16:14.419 [Gauge] [DEBUG] * 新規会員フォームに最小限の情報を入力する
18-06-2026 12:16:14.461 [Gauge] [DEBUG] * 新規会員フォームを保存する
18-06-2026 12:16:14.514 [Gauge] [DEBUG] * 管理画面をリロードする
18-06-2026 12:16:14.537 [Gauge] [DEBUG] * 会員管理メニューをクリックする
18-06-2026 12:16:14.563 [Gauge] [DEBUG] * 会員 "テスト 太郎" の行をクリックする
18-06-2026 12:16:14.600 [Gauge] [DEBUG] * 詳細パネルの "em-email" が "e2etest@example.jp" と表示される
18-06-2026 12:16:14.608 [Gauge] [DEBUG] * 詳細パネルの "em-id" が "99990" と表示される
18-06-2026 12:16:14.621 [Gauge] [INFO] # 会員情報編集
18-06-2026 12:16:14.622 [Gauge] [INFO] ## 会員のプランを変更するとリロード後に詳細パネルに反映される
18-06-2026 12:16:14.656 [Gauge] [DEBUG] * 職員としてセッションを設定して管理画面を開く（localStorageなし）
18-06-2026 12:16:14.751 [Gauge] [DEBUG] * localStorageに会員データを注入してリロードする
18-06-2026 12:16:14.779 [Gauge] [DEBUG] * 会員管理メニューをクリックする
18-06-2026 12:16:14.817 [Gauge] [DEBUG] * 会員 "見本一郎" の行をクリックする
18-06-2026 12:16:14.853 [Gauge] [DEBUG] * 詳細パネルの "em-plan" を "給付金6ヶ月プラン" に変更する
18-06-2026 12:16:14.858 [Gauge] [DEBUG] * 詳細パネルの変更を保存する
18-06-2026 12:16:16.760 [Gauge] [DEBUG] * 会員管理メニューをクリックする
18-06-2026 12:16:16.805 [Gauge] [DEBUG] * 会員 "見本一郎" の行をクリックする
18-06-2026 12:16:16.855 [Gauge] [DEBUG] * 詳細パネルの "em-plan" が "給付金6ヶ月プラン" と表示される
18-06-2026 12:16:16.869 [Gauge] [INFO] # コーチング記録
18-06-2026 12:16:16.870 [Gauge] [INFO] ## 通常コーチング記録を作成するとリロード後に詳細パネルに表示される
18-06-2026 12:16:16.907 [Gauge] [DEBUG] * 職員としてセッションを設定して管理画面を開く（localStorageなし）
18-06-2026 12:16:17.005 [Gauge] [DEBUG] * localStorageに会員データを注入してリロードする
18-06-2026 12:16:17.034 [Gauge] [DEBUG] * 会員カルテメニューをクリックする
18-06-2026 12:16:17.075 [Gauge] [DEBUG] * コーチング記録追加ボタンをクリックする
18-06-2026 12:16:17.168 [Gauge] [DEBUG] * コーチング種別を "通常コーチング" に選択する
18-06-2026 12:16:17.476 [Gauge] [DEBUG] * コーチング日付に今日を入力する
18-06-2026 12:16:17.483 [Gauge] [DEBUG] * コーチング記録を保存する
18-06-2026 12:16:17.523 [Gauge] [DEBUG] * 管理画面をリロードする
18-06-2026 12:16:17.551 [Gauge] [DEBUG] * 会員カルテメニューをクリックする
18-06-2026 12:16:17.584 [Gauge] [DEBUG] * コーチング記録 "通常コーチング" が表示される
18-06-2026 12:16:17.597 [Gauge] [INFO] # PROGOSスコア登録
18-06-2026 12:16:17.598 [Gauge] [INFO] ## PROGOSスコアを登録するとリロード後に詳細パネルに表示される
18-06-2026 12:16:17.632 [Gauge] [DEBUG] * 職員としてセッションを設定して管理画面を開く（localStorageなし）
18-06-2026 12:16:17.732 [Gauge] [DEBUG] * localStorageに会員データを注入してリロードする
18-06-2026 12:16:17.761 [Gauge] [DEBUG] * 会員カルテメニューをクリックする
18-06-2026 12:16:17.825 [Gauge] [DEBUG] * PROGOSスコア登録ボタンをクリックする
18-06-2026 12:16:17.903 [Gauge] [DEBUG] * PROGOSフォームに最小限の情報を入力する
18-06-2026 12:16:18.129 [Gauge] [DEBUG] * PROGOSスコアを保存する
18-06-2026 12:16:18.170 [Gauge] [DEBUG] * 管理画面をリロードする
18-06-2026 12:16:18.199 [Gauge] [DEBUG] * 会員カルテメニューをクリックする
18-06-2026 12:16:18.233 [Gauge] [DEBUG] * PROGOSスコアが表示される
18-06-2026 12:16:18.246 [Gauge] [INFO] # 継続プラン管理
18-06-2026 12:16:18.246 [Gauge] [INFO] ## 継続プランを追加するとリロード後に詳細パネルに表示される
18-06-2026 12:16:18.281 [Gauge] [DEBUG] * 職員としてセッションを設定して管理画面を開く（localStorageなし）
18-06-2026 12:16:18.380 [Gauge] [DEBUG] * localStorageに会員データを注入してリロードする
18-06-2026 12:16:18.408 [Gauge] [DEBUG] * 会員管理メニューをクリックする
18-06-2026 12:16:18.450 [Gauge] [DEBUG] * 会員 "見本一郎" の行をクリックする
18-06-2026 12:16:18.487 [Gauge] [DEBUG] * 継続プラン追加ボタンをクリックする
18-06-2026 12:16:18.870 [Gauge] [DEBUG] * 継続プランフォームに最小限の情報を入力する
18-06-2026 12:16:19.089 [Gauge] [DEBUG] * 継続プランを保存する
18-06-2026 12:16:19.124 [Gauge] [DEBUG] * 管理画面をリロードする
18-06-2026 12:16:19.157 [Gauge] [DEBUG] * 会員管理メニューをクリックする
18-06-2026 12:16:19.198 [Gauge] [DEBUG] * 会員 "見本一郎" の行をクリックする
18-06-2026 12:16:19.235 [Gauge] [DEBUG] * 継続プランが表示される
18-06-2026 12:16:19.243 [Gauge] [INFO] # 休会設定
18-06-2026 12:16:19.244 [Gauge] [INFO] ## 休会期間を設定するとリロード後にステータスが休会中になる
18-06-2026 12:16:19.278 [Gauge] [DEBUG] * 職員としてセッションを設定して管理画面を開く（localStorageなし）
18-06-2026 12:16:19.377 [Gauge] [DEBUG] * localStorageに会員データを注入してリロードする
18-06-2026 12:16:19.406 [Gauge] [DEBUG] * 会員管理メニューをクリックする
18-06-2026 12:16:19.451 [Gauge] [DEBUG] * 会員 "見本一郎" の行をクリックする
18-06-2026 12:16:19.487 [Gauge] [DEBUG] * 休会設定ボタンをクリックする
18-06-2026 12:16:19.871 [Gauge] [DEBUG] * 休会フォームに今日から "30" 日間の期間を入力する
18-06-2026 12:16:20.086 [Gauge] [DEBUG] * 休会設定を保存する
18-06-2026 12:16:20.120 [Gauge] [DEBUG] * 管理画面をリロードする
18-06-2026 12:16:20.154 [Gauge] [DEBUG] * 会員管理メニューをクリックする
18-06-2026 12:16:20.181 [Gauge] [DEBUG] * 会員 "見本一郎" の行をクリックする
18-06-2026 12:16:20.218 [Gauge] [DEBUG] * 詳細パネルのステータスが "休会中" と表示される
18-06-2026 12:16:20.225 [Gauge] [INFO] # 自動ステータス切り替え
18-06-2026 12:16:20.225 [Gauge] [INFO] ## 卒業日が昨日の会員は管理画面ロード時に卒業ステータスになる
18-06-2026 12:16:20.261 [Gauge] [DEBUG] * 卒業日が昨日の会員データを注入して管理画面を開く
18-06-2026 12:16:20.361 [Gauge] [DEBUG] * 会員管理メニューをクリックする
18-06-2026 12:16:20.401 [Gauge] [DEBUG] * 会員 "見本一郎" の行をクリックする
18-06-2026 12:16:20.436 [Gauge] [DEBUG] * 詳細パネルのステータスが "卒業" と表示される

18-06-2026 12:16:20.444 [Gauge] [INFO] ## 今日が休会期間内の会員は管理画面ロード時に休会中ステータスになる
18-06-2026 12:16:20.480 [Gauge] [DEBUG] * 今日が休会期間内の会員データを注入して管理画面を開く
18-06-2026 12:16:20.579 [Gauge] [DEBUG] * 会員管理メニューをクリックする
18-06-2026 12:16:20.617 [Gauge] [DEBUG] * 会員 "見本一郎" の行をクリックする
18-06-2026 12:16:20.653 [Gauge] [DEBUG] * 詳細パネルのステータスが "休会中" と表示される
18-06-2026 12:16:20.661 [Gauge] [INFO] # 会員ダッシュボード表示値検証
18-06-2026 12:16:20.662 [Gauge] [INFO] ## 3日連続の学習記録があるとストリークが3と表示される
18-06-2026 12:16:20.695 [Gauge] [DEBUG] * "3" 日分の連続学習記録を注入して会員画面を開く
18-06-2026 12:16:20.763 [Gauge] [DEBUG] * ストリーク表示が "3" 日と表示される

18-06-2026 12:16:20.772 [Gauge] [INFO] ## 今日の目標を達成するとグラフが100%!と(MISSING)表示される
18-06-2026 12:16:20.806 [Gauge] [DEBUG] * 今日 "60" 分の学習記録と目標 "60" 分を注入して会員画面を開く
18-06-2026 12:16:20.875 [Gauge] [DEBUG] * 目標円グラフが "100" %!と(MISSING)表示される

18-06-2026 12:16:20.884 [Gauge] [INFO] ## 卒業日が設定されていると卒業カウントダウンが正しく表示される
18-06-2026 12:16:20.918 [Gauge] [DEBUG] * "13" 日後の卒業日で会員データを注入して会員画面を開く
18-06-2026 12:16:20.988 [Gauge] [DEBUG] * 卒業カウントダウンが "13" 日と表示される
18-06-2026 12:16:20.999 [Gauge] [INFO] # 教材進捗・コーチングリマインダー
18-06-2026 12:16:21.000 [Gauge] [INFO] ## 教材選定済みの会員は会員画面に教材進捗が表示される
18-06-2026 12:16:21.033 [Gauge] [DEBUG] * 教材選定済みの会員データを注入して会員画面を開く
18-06-2026 12:16:21.102 [Gauge] [DEBUG] * 教材進捗エリアに教材が表示される

18-06-2026 12:16:21.112 [Gauge] [INFO] ## 最後のコーチングから31日以上経過するとリマインダーが表示される
18-06-2026 12:16:21.146 [Gauge] [DEBUG] * "31" 日前のコーチング記録を持つ会員データを注入して会員画面を開く
18-06-2026 12:16:21.215 [Gauge] [DEBUG] * コーチングリマインダーが表示される
18-06-2026 12:16:21.224 [Gauge] [INFO] # 達成率グラフ
18-06-2026 12:16:21.224 [Gauge] [INFO] ## 学習記録があると達成率グラフが表示される
18-06-2026 12:16:21.257 [Gauge] [DEBUG] * 学習記録を "60" 分注入して会員画面を開く
18-06-2026 12:16:21.349 [Gauge] [DEBUG] * 達成率グラフが表示される

18-06-2026 12:16:21.355 [Gauge] [INFO] ## 期間タブを今週に切り替えてもグラフが表示される
18-06-2026 12:16:21.389 [Gauge] [DEBUG] * 学習記録を "60" 分注入して会員画面を開く
18-06-2026 12:16:21.480 [Gauge] [DEBUG] * 達成率グラフの "week" タブに切り替える
18-06-2026 12:16:21.816 [Gauge] [DEBUG] * 達成率グラフが表示される
18-06-2026 12:16:21.833 [Gauge] [INFO] # 学習履歴カレンダー
18-06-2026 12:16:21.835 [Gauge] [INFO] ## 今日の目標を達成した場合カレンダーに緑セルが表示される
18-06-2026 12:16:21.881 [Gauge] [DEBUG] * 今日 "60" 分の学習記録と目標 "60" 分を注入して会員画面を開く
18-06-2026 12:16:21.954 [Gauge] [DEBUG] * 学習カレンダーに達成済みセルが表示される
18-06-2026 12:16:22.151 [Gauge] [ERROR] Failed Step: 学習カレンダーに達成済みセルが表示される
18-06-2026 12:16:22.151 [Gauge] [ERROR] Error Message: 達成済みの緑セルが見つからない
18-06-2026 12:16:22.151 [Gauge] [ERROR] Specification: specs/16_calendar.spec:8
18-06-2026 12:16:22.151 [Gauge] [ERROR] Stacktrace: 
Error: 達成済みの緑セルが見つからない
    at StepImplementation.<anonymous> (/Users/yasuikendo/morrow-world/study_app/e2e/tests/StepImplementation.ts:750:27)
    at Generator.next (<anonymous>)
    at fulfilled (/Users/yasuikendo/morrow-world/study_app/e2e/tests/StepImplementation.ts:14:58)
18-06-2026 12:16:22.155 [Gauge] [INFO] # 学習記録の編集・削除
18-06-2026 12:16:22.155 [Gauge] [INFO] ## 学習記録を編集するとリロード後も変更が保持される
18-06-2026 12:16:22.188 [Gauge] [DEBUG] * 学習記録を "30" 分注入して会員画面を開く
18-06-2026 12:16:22.276 [Gauge] [DEBUG] * 今日のカレンダーセルをクリックする
18-06-2026 12:16:22.358 [Gauge] [DEBUG] * 学習記録の編集ボタンをクリックする
18-06-2026 12:16:22.399 [Gauge] [DEBUG] * 学習時間を "1" 時間 "0" 分に変更する
18-06-2026 12:16:22.403 [Gauge] [DEBUG] * 記録を保存する
18-06-2026 12:16:22.430 [Gauge] [DEBUG] * 会員画面をリロードする
18-06-2026 12:16:22.447 [Gauge] [DEBUG] * 今日の学習記録が "60" 分で保存されている

18-06-2026 12:16:22.453 [Gauge] [INFO] ## 学習記録を削除するとリロード後も削除が保持される
18-06-2026 12:16:22.489 [Gauge] [DEBUG] * 学習記録を "30" 分注入して会員画面を開く
18-06-2026 12:16:22.583 [Gauge] [DEBUG] * 今日のカレンダーセルをクリックする
18-06-2026 12:16:22.660 [Gauge] [DEBUG] * 学習記録の削除ボタンをクリックする
18-06-2026 12:16:23.199 [Gauge] [DEBUG] * 会員画面をリロードする
18-06-2026 12:16:23.234 [Gauge] [DEBUG] * 学習記録が "0" 件保存されている
18-06-2026 12:16:23.261 [html-report] [DEBUG] Transformed SuiteResult to report structure
18-06-2026 12:16:23.289 [html-report] [INFO] Successfully generated html-report to => /Users/yasuikendo/morrow-world/study_app/e2e/reports/html-report/index.html
18-06-2026 12:16:23.289 [html-report] [DEBUG] Done generating HTML report using theme from /Users/yasuikendo/.gauge/plugins/html-report/4.4.5/themes/default
18-06-2026 12:16:23.289 [Gauge] [DEBUG] Sending kill message to Html Report plugin.
18-06-2026 12:16:23.290 [Gauge] [INFO] Specifications:	17 executed	16 passed	1 failed	0 skipped
18-06-2026 12:16:23.290 [Gauge] [INFO] Scenarios:	26 executed	25 passed	1 failed	0 skipped
18-06-2026 12:16:23.290 [Gauge] [INFO] 
Total time taken: 11.89s
18-06-2026 12:16:37.752 [Gauge] [DEBUG] Created gauge_screenshots_dir at /Users/yasuikendo/morrow-world/study_app/e2e/.gauge/screenshots
18-06-2026 12:16:37.752 [Gauge] [DEBUG] Plugin ts is already installed.
18-06-2026 12:16:37.753 [Gauge] [DEBUG] Plugin html-report is already installed.
18-06-2026 12:16:37.753 [Gauge] [DEBUG] Parsing started.
18-06-2026 12:16:37.753 [Gauge] [DEBUG] Started concepts parsing.
18-06-2026 12:16:37.753 [Gauge] [DEBUG] 0 concepts parsing completed.
18-06-2026 12:16:37.753 [Gauge] [DEBUG] Started specifications parsing.
18-06-2026 12:16:37.753 [Gauge] [DEBUG] 1 specifications parsing completed.
18-06-2026 12:16:37.753 [Gauge] [DEBUG] Parsing completed.
18-06-2026 12:16:37.788 [ts] [ERROR] (node:64521) [DEP0190] DeprecationWarning: Passing args to a child process with shell option true can lead to security vulnerabilities, as the arguments are not escaped, only concatenated.
18-06-2026 12:16:37.788 [ts] [ERROR] (Use `node --trace-deprecation ...` to show where the warning was created)
18-06-2026 12:16:38.098 [Gauge] [DEBUG] Checking updates...
18-06-2026 12:16:38.098 [Gauge] [DEBUG] Downloading https://downloads.gauge.org/plugin/html-report?l=ts&p=html-report,screenshot,ts&o=darwin&a=arm64
18-06-2026 12:16:38.535 [Gauge] [DEBUG] Downloading https://downloads.gauge.org/plugin/screenshot?l=ts&p=html-report,screenshot,ts&o=darwin&a=arm64
18-06-2026 12:16:38.573 [ts] [ERROR] (node:64560) [DEP0180] DeprecationWarning: fs.Stats constructor is deprecated.
18-06-2026 12:16:38.573 [ts] [ERROR] (Use `node --trace-deprecation ...` to show where the warning was created)
18-06-2026 12:16:38.578 [Gauge] [DEBUG] Attempting to connect to grpc server at port: 62576
18-06-2026 12:16:38.578 [Gauge] [DEBUG] Successfully made the connection with runner with port: 62576
18-06-2026 12:16:38.578 [Gauge] [DEBUG] Validation started.
18-06-2026 12:16:38.584 [Gauge] [DEBUG] Validation completed.
18-06-2026 12:16:38.584 [Gauge] [DEBUG] Run started
18-06-2026 12:16:38.585 [Gauge] [DEBUG] Starting Html Report plugin
18-06-2026 12:16:38.592 [html-report] [DEBUG] Setting MaxRecvMsgSize = 1024 MB
18-06-2026 12:16:38.592 [Gauge] [DEBUG] Attempting to connect to grpc server at port: 62579
18-06-2026 12:16:38.592 [Gauge] [DEBUG] Successfully made the connection with plugin with port: 62579
18-06-2026 12:16:38.592 [Gauge] [DEBUG] Initialising suite data store.
18-06-2026 12:16:38.660 [Gauge] [DEBUG] Downloading https://downloads.gauge.org/plugin/ts?l=ts&p=html-report,screenshot,ts&o=darwin&a=arm64
18-06-2026 12:16:39.025 [Gauge] [INFO] # 学習履歴カレンダー
18-06-2026 12:16:39.028 [Gauge] [INFO] ## 今日の目標を達成した場合カレンダーに緑セルが表示される
18-06-2026 12:16:39.072 [Gauge] [DEBUG] * 今日 "60" 分の学習記録と目標 "60" 分を注入して会員画面を開く
18-06-2026 12:16:39.148 [Gauge] [DEBUG] * 学習カレンダーに達成済みセルが表示される
18-06-2026 12:16:39.337 [Gauge] [ERROR] Failed Step: 学習カレンダーに達成済みセルが表示される
18-06-2026 12:16:39.337 [Gauge] [ERROR] Error Message: 達成済みの緑セルが見つからない
18-06-2026 12:16:39.337 [Gauge] [ERROR] Specification: specs/16_calendar.spec:8
18-06-2026 12:16:39.337 [Gauge] [ERROR] Stacktrace: 
Error: 達成済みの緑セルが見つからない
    at StepImplementation.<anonymous> (/Users/yasuikendo/morrow-world/study_app/e2e/tests/StepImplementation.ts:750:27)
    at Generator.next (<anonymous>)
    at fulfilled (/Users/yasuikendo/morrow-world/study_app/e2e/tests/StepImplementation.ts:14:58)
18-06-2026 12:16:39.354 [html-report] [DEBUG] Transformed SuiteResult to report structure
18-06-2026 12:16:39.358 [html-report] [INFO] Successfully generated html-report to => /Users/yasuikendo/morrow-world/study_app/e2e/reports/html-report/index.html
18-06-2026 12:16:39.358 [html-report] [DEBUG] Done generating HTML report using theme from /Users/yasuikendo/.gauge/plugins/html-report/4.4.5/themes/default
18-06-2026 12:16:39.359 [Gauge] [DEBUG] Sending kill message to Html Report plugin.
18-06-2026 12:16:39.359 [Gauge] [INFO] Specifications:	1 executed	0 passed	1 failed	0 skipped
18-06-2026 12:16:39.359 [Gauge] [INFO] Scenarios:	1 executed	0 passed	1 failed	0 skipped
18-06-2026 12:16:39.359 [Gauge] [INFO] 
Total time taken: 770ms
18-06-2026 12:18:10.752 [Gauge] [DEBUG] Created gauge_screenshots_dir at /Users/yasuikendo/morrow-world/study_app/e2e/.gauge/screenshots
18-06-2026 12:18:10.752 [Gauge] [DEBUG] Plugin html-report is already installed.
18-06-2026 12:18:10.752 [Gauge] [DEBUG] Plugin ts is already installed.
18-06-2026 12:18:10.752 [Gauge] [DEBUG] Parsing started.
18-06-2026 12:18:10.752 [Gauge] [DEBUG] Started concepts parsing.
18-06-2026 12:18:10.753 [Gauge] [DEBUG] 0 concepts parsing completed.
18-06-2026 12:18:10.753 [Gauge] [DEBUG] Started specifications parsing.
18-06-2026 12:18:10.754 [Gauge] [DEBUG] 17 specifications parsing completed.
18-06-2026 12:18:10.754 [Gauge] [DEBUG] Parsing completed.
18-06-2026 12:18:10.791 [ts] [ERROR] (node:65360) [DEP0190] DeprecationWarning: Passing args to a child process with shell option true can lead to security vulnerabilities, as the arguments are not escaped, only concatenated.
18-06-2026 12:18:10.791 [ts] [ERROR] (Use `node --trace-deprecation ...` to show where the warning was created)
18-06-2026 12:18:11.241 [Gauge] [DEBUG] Checking updates...
18-06-2026 12:18:11.241 [Gauge] [DEBUG] Downloading https://downloads.gauge.org/plugin/html-report?l=ts&p=html-report,screenshot,ts&o=darwin&a=arm64
18-06-2026 12:18:11.617 [ts] [ERROR] (node:65399) [DEP0180] DeprecationWarning: fs.Stats constructor is deprecated.
18-06-2026 12:18:11.617 [ts] [ERROR] (Use `node --trace-deprecation ...` to show where the warning was created)
18-06-2026 12:18:11.621 [Gauge] [DEBUG] Attempting to connect to grpc server at port: 62591
18-06-2026 12:18:11.621 [Gauge] [DEBUG] Successfully made the connection with runner with port: 62591
18-06-2026 12:18:11.621 [Gauge] [DEBUG] Validation started.
18-06-2026 12:18:11.646 [Gauge] [DEBUG] Validation completed.
18-06-2026 12:18:11.647 [Gauge] [DEBUG] Run started
18-06-2026 12:18:11.647 [Gauge] [DEBUG] Starting Html Report plugin
18-06-2026 12:18:11.655 [html-report] [DEBUG] Setting MaxRecvMsgSize = 1024 MB
18-06-2026 12:18:11.655 [Gauge] [DEBUG] Attempting to connect to grpc server at port: 62594
18-06-2026 12:18:11.655 [Gauge] [DEBUG] Successfully made the connection with plugin with port: 62594
18-06-2026 12:18:11.655 [Gauge] [DEBUG] Initialising suite data store.
18-06-2026 12:18:11.804 [Gauge] [DEBUG] Downloading https://downloads.gauge.org/plugin/screenshot?l=ts&p=html-report,screenshot,ts&o=darwin&a=arm64
18-06-2026 12:18:12.047 [Gauge] [DEBUG] Downloading https://downloads.gauge.org/plugin/ts?l=ts&p=html-report,screenshot,ts&o=darwin&a=arm64
18-06-2026 12:18:12.102 [Gauge] [INFO] # 会員ログイン
18-06-2026 12:18:12.104 [Gauge] [INFO] ## 会員が正常にログインして会員ダッシュボードに遷移する
18-06-2026 12:18:12.147 [Gauge] [DEBUG] * ログインページを開く
18-06-2026 12:18:12.177 [Gauge] [DEBUG] * 会員 "student_10001@example.jp" / "student10001" でログインする
18-06-2026 12:18:12.252 [Gauge] [DEBUG] * 会員ダッシュボード（ホーム画面）が表示される

18-06-2026 12:18:12.274 [Gauge] [INFO] ## 誤ったパスワードでログインするとエラーが表示される
18-06-2026 12:18:12.308 [Gauge] [DEBUG] * ログインページを開く
18-06-2026 12:18:12.334 [Gauge] [DEBUG] * 会員 "student_10001@example.jp" / "wrongpassword" でログインする
18-06-2026 12:18:12.398 [Gauge] [DEBUG] * ログインエラーメッセージが表示される

18-06-2026 12:18:12.403 [Gauge] [INFO] ## 未登録メールアドレスでログインするとエラーが表示される
18-06-2026 12:18:12.437 [Gauge] [DEBUG] * ログインページを開く
18-06-2026 12:18:12.465 [Gauge] [DEBUG] * 会員 "unknown@example.jp" / "anypassword" でログインする
18-06-2026 12:18:12.531 [Gauge] [DEBUG] * ログインエラーメッセージが表示される
18-06-2026 12:18:12.537 [Gauge] [INFO] # 職員（コーチ）ログイン
18-06-2026 12:18:12.538 [Gauge] [INFO] ## sessionStorage から管理画面を直接開ける
18-06-2026 12:18:12.570 [Gauge] [DEBUG] * 職員としてセッションを設定して管理画面を開く
18-06-2026 12:18:12.670 [Gauge] [DEBUG] * 管理画面（ダッシュボード）が表示される
18-06-2026 12:18:12.676 [Gauge] [DEBUG] * サイドバーが表示される
18-06-2026 12:18:12.682 [Gauge] [INFO] # 学習記録の入力
18-06-2026 12:18:12.683 [Gauge] [INFO] ## 会員が学習記録を入力して保存できる
18-06-2026 12:18:12.715 [Gauge] [DEBUG] * 会員としてセッションを設定して会員画面を開く
18-06-2026 12:18:12.786 [Gauge] [DEBUG] * 学習記録ボタンをクリックする
18-06-2026 12:18:12.835 [Gauge] [DEBUG] * 学習日 "2026-06-01" を入力する
18-06-2026 12:18:12.839 [Gauge] [DEBUG] * 教材を選択する
18-06-2026 12:18:12.843 [Gauge] [DEBUG] * 学習時間 "30" 分を選択する
18-06-2026 12:18:12.860 [Gauge] [DEBUG] * 記録を保存する
18-06-2026 12:18:12.898 [Gauge] [DEBUG] * 学習記録が localStorage に保存されている
18-06-2026 12:18:12.903 [Gauge] [INFO] # 会員一覧の検索
18-06-2026 12:18:12.904 [Gauge] [INFO] ## キーワードで会員を検索できる
18-06-2026 12:18:12.938 [Gauge] [DEBUG] * 職員としてセッションを設定して管理画面を開く
18-06-2026 12:18:13.038 [Gauge] [DEBUG] * 会員管理メニューをクリックする
18-06-2026 12:18:13.069 [Gauge] [DEBUG] * 会員検索欄に "見本一郎" と入力する
18-06-2026 12:18:13.434 [Gauge] [DEBUG] * 会員一覧に "見本一郎" が表示される

18-06-2026 12:18:13.453 [Gauge] [INFO] ## 存在しないキーワードで検索すると該当なしになる
18-06-2026 12:18:13.498 [Gauge] [DEBUG] * 職員としてセッションを設定して管理画面を開く
18-06-2026 12:18:13.599 [Gauge] [DEBUG] * 会員管理メニューをクリックする
18-06-2026 12:18:13.635 [Gauge] [DEBUG] * 会員検索欄に "zzznotexist" と入力する
18-06-2026 12:18:13.967 [Gauge] [DEBUG] * 会員一覧に "見本一郎" が表示されない
18-06-2026 12:18:14.293 [Gauge] [INFO] # ログアウト
18-06-2026 12:18:14.295 [Gauge] [INFO] ## 職員がログアウトすると login.html に戻る
18-06-2026 12:18:14.341 [Gauge] [DEBUG] * 職員としてセッションを設定して管理画面を開く
18-06-2026 12:18:14.441 [Gauge] [DEBUG] * 管理画面でログアウトする
18-06-2026 12:18:14.484 [Gauge] [DEBUG] * ログインページにリダイレクトされる
18-06-2026 12:18:14.489 [Gauge] [INFO] # 新規会員登録
18-06-2026 12:18:14.490 [Gauge] [INFO] ## 新規会員を登録するとリロード後に詳細パネルで確認できる
18-06-2026 12:18:14.523 [Gauge] [DEBUG] * 職員としてセッションを設定して管理画面を開く（localStorageなし）
18-06-2026 12:18:14.620 [Gauge] [DEBUG] * 会員管理メニューをクリックする
18-06-2026 12:18:14.668 [Gauge] [DEBUG] * 新規会員登録ボタンをクリックする
18-06-2026 12:18:14.713 [Gauge] [DEBUG] * 新規会員フォームに最小限の情報を入力する
18-06-2026 12:18:14.766 [Gauge] [DEBUG] * 新規会員フォームを保存する
18-06-2026 12:18:14.801 [Gauge] [DEBUG] * 管理画面をリロードする
18-06-2026 12:18:14.824 [Gauge] [DEBUG] * 会員管理メニューをクリックする
18-06-2026 12:18:14.865 [Gauge] [DEBUG] * 会員 "テスト 太郎" の行をクリックする
18-06-2026 12:18:14.901 [Gauge] [DEBUG] * 詳細パネルの "em-email" が "e2etest@example.jp" と表示される
18-06-2026 12:18:14.907 [Gauge] [DEBUG] * 詳細パネルの "em-id" が "99990" と表示される
18-06-2026 12:18:14.917 [Gauge] [INFO] # 会員情報編集
18-06-2026 12:18:14.917 [Gauge] [INFO] ## 会員のプランを変更するとリロード後に詳細パネルに反映される
18-06-2026 12:18:14.951 [Gauge] [DEBUG] * 職員としてセッションを設定して管理画面を開く（localStorageなし）
18-06-2026 12:18:15.049 [Gauge] [DEBUG] * localStorageに会員データを注入してリロードする
18-06-2026 12:18:15.078 [Gauge] [DEBUG] * 会員管理メニューをクリックする
18-06-2026 12:18:15.121 [Gauge] [DEBUG] * 会員 "見本一郎" の行をクリックする
18-06-2026 12:18:15.171 [Gauge] [DEBUG] * 詳細パネルの "em-plan" を "給付金6ヶ月プラン" に変更する
18-06-2026 12:18:15.180 [Gauge] [DEBUG] * 詳細パネルの変更を保存する
18-06-2026 12:18:17.074 [Gauge] [DEBUG] * 会員管理メニューをクリックする
18-06-2026 12:18:17.119 [Gauge] [DEBUG] * 会員 "見本一郎" の行をクリックする
18-06-2026 12:18:17.171 [Gauge] [DEBUG] * 詳細パネルの "em-plan" が "給付金6ヶ月プラン" と表示される
18-06-2026 12:18:17.186 [Gauge] [INFO] # コーチング記録
18-06-2026 12:18:17.187 [Gauge] [INFO] ## 通常コーチング記録を作成するとリロード後に詳細パネルに表示される
18-06-2026 12:18:17.224 [Gauge] [DEBUG] * 職員としてセッションを設定して管理画面を開く（localStorageなし）
18-06-2026 12:18:17.320 [Gauge] [DEBUG] * localStorageに会員データを注入してリロードする
18-06-2026 12:18:17.350 [Gauge] [DEBUG] * 会員カルテメニューをクリックする
18-06-2026 12:18:17.393 [Gauge] [DEBUG] * コーチング記録追加ボタンをクリックする
18-06-2026 12:18:17.469 [Gauge] [DEBUG] * コーチング種別を "通常コーチング" に選択する
18-06-2026 12:18:17.775 [Gauge] [DEBUG] * コーチング日付に今日を入力する
18-06-2026 12:18:17.783 [Gauge] [DEBUG] * コーチング記録を保存する
18-06-2026 12:18:17.833 [Gauge] [DEBUG] * 管理画面をリロードする
18-06-2026 12:18:17.858 [Gauge] [DEBUG] * 会員カルテメニューをクリックする
18-06-2026 12:18:17.902 [Gauge] [DEBUG] * コーチング記録 "通常コーチング" が表示される
18-06-2026 12:18:17.916 [Gauge] [INFO] # PROGOSスコア登録
18-06-2026 12:18:17.916 [Gauge] [INFO] ## PROGOSスコアを登録するとリロード後に詳細パネルに表示される
18-06-2026 12:18:17.951 [Gauge] [DEBUG] * 職員としてセッションを設定して管理画面を開く（localStorageなし）
18-06-2026 12:18:18.050 [Gauge] [DEBUG] * localStorageに会員データを注入してリロードする
18-06-2026 12:18:18.078 [Gauge] [DEBUG] * 会員カルテメニューをクリックする
18-06-2026 12:18:18.140 [Gauge] [DEBUG] * PROGOSスコア登録ボタンをクリックする
18-06-2026 12:18:18.219 [Gauge] [DEBUG] * PROGOSフォームに最小限の情報を入力する
18-06-2026 12:18:18.454 [Gauge] [DEBUG] * PROGOSスコアを保存する
18-06-2026 12:18:18.489 [Gauge] [DEBUG] * 管理画面をリロードする
18-06-2026 12:18:18.518 [Gauge] [DEBUG] * 会員カルテメニューをクリックする
18-06-2026 12:18:18.554 [Gauge] [DEBUG] * PROGOSスコアが表示される
18-06-2026 12:18:18.568 [Gauge] [INFO] # 継続プラン管理
18-06-2026 12:18:18.569 [Gauge] [INFO] ## 継続プランを追加するとリロード後に詳細パネルに表示される
18-06-2026 12:18:18.603 [Gauge] [DEBUG] * 職員としてセッションを設定して管理画面を開く（localStorageなし）
18-06-2026 12:18:18.701 [Gauge] [DEBUG] * localStorageに会員データを注入してリロードする
18-06-2026 12:18:18.729 [Gauge] [DEBUG] * 会員管理メニューをクリックする
18-06-2026 12:18:18.769 [Gauge] [DEBUG] * 会員 "見本一郎" の行をクリックする
18-06-2026 12:18:18.804 [Gauge] [DEBUG] * 継続プラン追加ボタンをクリックする
18-06-2026 12:18:19.187 [Gauge] [DEBUG] * 継続プランフォームに最小限の情報を入力する
18-06-2026 12:18:19.404 [Gauge] [DEBUG] * 継続プランを保存する
18-06-2026 12:18:19.440 [Gauge] [DEBUG] * 管理画面をリロードする
18-06-2026 12:18:19.473 [Gauge] [DEBUG] * 会員管理メニューをクリックする
18-06-2026 12:18:19.516 [Gauge] [DEBUG] * 会員 "見本一郎" の行をクリックする
18-06-2026 12:18:19.552 [Gauge] [DEBUG] * 継続プランが表示される
18-06-2026 12:18:19.559 [Gauge] [INFO] # 休会設定
18-06-2026 12:18:19.560 [Gauge] [INFO] ## 休会期間を設定するとリロード後にステータスが休会中になる
18-06-2026 12:18:19.596 [Gauge] [DEBUG] * 職員としてセッションを設定して管理画面を開く（localStorageなし）
18-06-2026 12:18:19.694 [Gauge] [DEBUG] * localStorageに会員データを注入してリロードする
18-06-2026 12:18:19.722 [Gauge] [DEBUG] * 会員管理メニューをクリックする
18-06-2026 12:18:19.770 [Gauge] [DEBUG] * 会員 "見本一郎" の行をクリックする
18-06-2026 12:18:19.805 [Gauge] [DEBUG] * 休会設定ボタンをクリックする
18-06-2026 12:18:20.188 [Gauge] [DEBUG] * 休会フォームに今日から "30" 日間の期間を入力する
18-06-2026 12:18:20.402 [Gauge] [DEBUG] * 休会設定を保存する
18-06-2026 12:18:20.438 [Gauge] [DEBUG] * 管理画面をリロードする
18-06-2026 12:18:20.472 [Gauge] [DEBUG] * 会員管理メニューをクリックする
18-06-2026 12:18:20.499 [Gauge] [DEBUG] * 会員 "見本一郎" の行をクリックする
18-06-2026 12:18:20.535 [Gauge] [DEBUG] * 詳細パネルのステータスが "休会中" と表示される
18-06-2026 12:18:20.542 [Gauge] [INFO] # 自動ステータス切り替え
18-06-2026 12:18:20.543 [Gauge] [INFO] ## 卒業日が昨日の会員は管理画面ロード時に卒業ステータスになる
18-06-2026 12:18:20.578 [Gauge] [DEBUG] * 卒業日が昨日の会員データを注入して管理画面を開く
18-06-2026 12:18:20.676 [Gauge] [DEBUG] * 会員管理メニューをクリックする
18-06-2026 12:18:20.719 [Gauge] [DEBUG] * 会員 "見本一郎" の行をクリックする
18-06-2026 12:18:20.755 [Gauge] [DEBUG] * 詳細パネルのステータスが "卒業" と表示される

18-06-2026 12:18:20.762 [Gauge] [INFO] ## 今日が休会期間内の会員は管理画面ロード時に休会中ステータスになる
18-06-2026 12:18:20.797 [Gauge] [DEBUG] * 今日が休会期間内の会員データを注入して管理画面を開く
18-06-2026 12:18:20.896 [Gauge] [DEBUG] * 会員管理メニューをクリックする
18-06-2026 12:18:20.935 [Gauge] [DEBUG] * 会員 "見本一郎" の行をクリックする
18-06-2026 12:18:20.988 [Gauge] [DEBUG] * 詳細パネルのステータスが "休会中" と表示される
18-06-2026 12:18:20.995 [Gauge] [INFO] # 会員ダッシュボード表示値検証
18-06-2026 12:18:20.996 [Gauge] [INFO] ## 3日連続の学習記録があるとストリークが3と表示される
18-06-2026 12:18:21.028 [Gauge] [DEBUG] * "3" 日分の連続学習記録を注入して会員画面を開く
18-06-2026 12:18:21.097 [Gauge] [DEBUG] * ストリーク表示が "3" 日と表示される

18-06-2026 12:18:21.106 [Gauge] [INFO] ## 今日の目標を達成するとグラフが100%!と(MISSING)表示される
18-06-2026 12:18:21.140 [Gauge] [DEBUG] * 今日 "60" 分の学習記録と目標 "60" 分を注入して会員画面を開く
18-06-2026 12:18:21.209 [Gauge] [DEBUG] * 目標円グラフが "100" %!と(MISSING)表示される

18-06-2026 12:18:21.218 [Gauge] [INFO] ## 卒業日が設定されていると卒業カウントダウンが正しく表示される
18-06-2026 12:18:21.253 [Gauge] [DEBUG] * "13" 日後の卒業日で会員データを注入して会員画面を開く
18-06-2026 12:18:21.327 [Gauge] [DEBUG] * 卒業カウントダウンが "13" 日と表示される
18-06-2026 12:18:21.337 [Gauge] [INFO] # 教材進捗・コーチングリマインダー
18-06-2026 12:18:21.338 [Gauge] [INFO] ## 教材選定済みの会員は会員画面に教材進捗が表示される
18-06-2026 12:18:21.372 [Gauge] [DEBUG] * 教材選定済みの会員データを注入して会員画面を開く
18-06-2026 12:18:21.441 [Gauge] [DEBUG] * 教材進捗エリアに教材が表示される

18-06-2026 12:18:21.450 [Gauge] [INFO] ## 最後のコーチングから31日以上経過するとリマインダーが表示される
18-06-2026 12:18:21.484 [Gauge] [DEBUG] * "31" 日前のコーチング記録を持つ会員データを注入して会員画面を開く
18-06-2026 12:18:21.556 [Gauge] [DEBUG] * コーチングリマインダーが表示される
18-06-2026 12:18:21.566 [Gauge] [INFO] # 達成率グラフ
18-06-2026 12:18:21.566 [Gauge] [INFO] ## 学習記録があると達成率グラフが表示される
18-06-2026 12:18:21.600 [Gauge] [DEBUG] * 学習記録を "60" 分注入して会員画面を開く
18-06-2026 12:18:21.690 [Gauge] [DEBUG] * 達成率グラフが表示される

18-06-2026 12:18:21.697 [Gauge] [INFO] ## 期間タブを今週に切り替えてもグラフが表示される
18-06-2026 12:18:21.731 [Gauge] [DEBUG] * 学習記録を "60" 分注入して会員画面を開く
18-06-2026 12:18:21.823 [Gauge] [DEBUG] * 達成率グラフの "week" タブに切り替える
18-06-2026 12:18:22.165 [Gauge] [DEBUG] * 達成率グラフが表示される
18-06-2026 12:18:22.180 [Gauge] [INFO] # 学習履歴カレンダー
18-06-2026 12:18:22.182 [Gauge] [INFO] ## 今日の目標を達成した場合カレンダーに緑セルが表示される
18-06-2026 12:18:22.227 [Gauge] [DEBUG] * 今日 "60" 分の学習記録と目標 "60" 分を注入して会員画面を開く
18-06-2026 12:18:22.296 [Gauge] [DEBUG] * 学習カレンダーに達成済みセルが表示される
18-06-2026 12:18:22.305 [Gauge] [INFO] # 学習記録の編集・削除
18-06-2026 12:18:22.306 [Gauge] [INFO] ## 学習記録を編集するとリロード後も変更が保持される
18-06-2026 12:18:22.339 [Gauge] [DEBUG] * 学習記録を "30" 分注入して会員画面を開く
18-06-2026 12:18:22.427 [Gauge] [DEBUG] * 今日のカレンダーセルをクリックする
18-06-2026 12:18:22.509 [Gauge] [DEBUG] * 学習記録の編集ボタンをクリックする
18-06-2026 12:18:22.550 [Gauge] [DEBUG] * 学習時間を "1" 時間 "0" 分に変更する
18-06-2026 12:18:22.555 [Gauge] [DEBUG] * 記録を保存する
18-06-2026 12:18:22.581 [Gauge] [DEBUG] * 会員画面をリロードする
18-06-2026 12:18:22.598 [Gauge] [DEBUG] * 今日の学習記録が "60" 分で保存されている

18-06-2026 12:18:22.603 [Gauge] [INFO] ## 学習記録を削除するとリロード後も削除が保持される
18-06-2026 12:18:22.638 [Gauge] [DEBUG] * 学習記録を "30" 分注入して会員画面を開く
18-06-2026 12:18:22.728 [Gauge] [DEBUG] * 今日のカレンダーセルをクリックする
18-06-2026 12:18:22.808 [Gauge] [DEBUG] * 学習記録の削除ボタンをクリックする
18-06-2026 12:18:23.353 [Gauge] [DEBUG] * 会員画面をリロードする
18-06-2026 12:18:23.376 [Gauge] [DEBUG] * 学習記録が "0" 件保存されている
18-06-2026 12:18:23.404 [html-report] [DEBUG] Transformed SuiteResult to report structure
18-06-2026 12:18:23.433 [html-report] [INFO] Successfully generated html-report to => /Users/yasuikendo/morrow-world/study_app/e2e/reports/html-report/index.html
18-06-2026 12:18:23.433 [html-report] [DEBUG] Done generating HTML report using theme from /Users/yasuikendo/.gauge/plugins/html-report/4.4.5/themes/default
18-06-2026 12:18:23.433 [Gauge] [DEBUG] Sending kill message to Html Report plugin.
18-06-2026 12:18:23.434 [Gauge] [INFO] Specifications:	17 executed	17 passed	0 failed	0 skipped
18-06-2026 12:18:23.434 [Gauge] [INFO] Scenarios:	26 executed	26 passed	0 failed	0 skipped
18-06-2026 12:18:23.434 [Gauge] [INFO] 
Total time taken: 11.756s
18-06-2026 14:18:36.500 [Gauge] [DEBUG] Created gauge_screenshots_dir at /Users/yasuikendo/morrow-world/study_app/e2e/.gauge/screenshots
18-06-2026 14:18:36.501 [Gauge] [DEBUG] Plugin html-report is already installed.
18-06-2026 14:18:36.501 [Gauge] [DEBUG] Plugin ts is already installed.
18-06-2026 14:18:36.502 [Gauge] [DEBUG] Parsing started.
18-06-2026 14:18:36.502 [Gauge] [DEBUG] Started concepts parsing.
18-06-2026 14:18:36.502 [Gauge] [DEBUG] 0 concepts parsing completed.
18-06-2026 14:18:36.502 [Gauge] [DEBUG] Started specifications parsing.
18-06-2026 14:18:36.505 [Gauge] [DEBUG] 17 specifications parsing completed.
18-06-2026 14:18:36.505 [Gauge] [DEBUG] Parsing completed.
18-06-2026 14:18:36.542 [ts] [ERROR] (node:2874) [DEP0190] DeprecationWarning: Passing args to a child process with shell option true can lead to security vulnerabilities, as the arguments are not escaped, only concatenated.
18-06-2026 14:18:36.542 [ts] [ERROR] (Use `node --trace-deprecation ...` to show where the warning was created)
18-06-2026 14:18:37.541 [ts] [ERROR] (node:2914) [DEP0180] DeprecationWarning: fs.Stats constructor is deprecated.
18-06-2026 14:18:37.541 [ts] [ERROR] (Use `node --trace-deprecation ...` to show where the warning was created)
18-06-2026 14:18:37.555 [Gauge] [DEBUG] Attempting to connect to grpc server at port: 50040
18-06-2026 14:18:37.555 [Gauge] [DEBUG] Successfully made the connection with runner with port: 50040
18-06-2026 14:18:37.555 [Gauge] [DEBUG] Validation started.
18-06-2026 14:18:37.585 [Gauge] [DEBUG] Validation completed.
18-06-2026 14:18:37.586 [Gauge] [DEBUG] Run started
18-06-2026 14:18:37.586 [Gauge] [DEBUG] Starting Html Report plugin
18-06-2026 14:18:37.635 [html-report] [DEBUG] Setting MaxRecvMsgSize = 1024 MB
18-06-2026 14:18:37.635 [Gauge] [DEBUG] Attempting to connect to grpc server at port: 50043
18-06-2026 14:18:37.635 [Gauge] [DEBUG] Successfully made the connection with plugin with port: 50043
18-06-2026 14:18:37.635 [Gauge] [DEBUG] Initialising suite data store.
18-06-2026 14:18:38.321 [Gauge] [INFO] # 会員ログイン
18-06-2026 14:18:38.326 [Gauge] [INFO] ## 会員が正常にログインして会員ダッシュボードに遷移する
18-06-2026 14:18:38.583 [Gauge] [DEBUG] * ログインページを開く
18-06-2026 14:18:38.677 [Gauge] [DEBUG] * 会員 "student_10001@example.jp" / "student10001" でログインする
18-06-2026 14:18:38.765 [Gauge] [DEBUG] * 会員ダッシュボード（ホーム画面）が表示される

18-06-2026 14:18:38.805 [Gauge] [INFO] ## 誤ったパスワードでログインするとエラーが表示される
18-06-2026 14:18:38.838 [Gauge] [DEBUG] * ログインページを開く
18-06-2026 14:18:38.868 [Gauge] [DEBUG] * 会員 "student_10001@example.jp" / "wrongpassword" でログインする
18-06-2026 14:18:38.931 [Gauge] [DEBUG] * ログインエラーメッセージが表示される

18-06-2026 14:18:38.936 [Gauge] [INFO] ## 未登録メールアドレスでログインするとエラーが表示される
18-06-2026 14:18:38.970 [Gauge] [DEBUG] * ログインページを開く
18-06-2026 14:18:38.998 [Gauge] [DEBUG] * 会員 "unknown@example.jp" / "anypassword" でログインする
18-06-2026 14:18:39.064 [Gauge] [DEBUG] * ログインエラーメッセージが表示される
18-06-2026 14:18:39.070 [Gauge] [INFO] # 職員（コーチ）ログイン
18-06-2026 14:18:39.072 [Gauge] [INFO] ## sessionStorage から管理画面を直接開ける
18-06-2026 14:18:39.104 [Gauge] [DEBUG] * 職員としてセッションを設定して管理画面を開く
18-06-2026 14:18:39.208 [Gauge] [DEBUG] * 管理画面（ダッシュボード）が表示される
18-06-2026 14:18:39.214 [Gauge] [DEBUG] * サイドバーが表示される
18-06-2026 14:18:39.219 [Gauge] [INFO] # 学習記録の入力
18-06-2026 14:18:39.220 [Gauge] [INFO] ## 会員が学習記録を入力して保存できる
18-06-2026 14:18:39.252 [Gauge] [DEBUG] * 会員としてセッションを設定して会員画面を開く
18-06-2026 14:18:39.327 [Gauge] [DEBUG] * 学習記録ボタンをクリックする
18-06-2026 14:18:39.375 [Gauge] [DEBUG] * 学習日 "2026-06-01" を入力する
18-06-2026 14:18:39.399 [Gauge] [DEBUG] * 教材を選択する
18-06-2026 14:18:39.404 [Gauge] [DEBUG] * 学習時間 "30" 分を選択する
18-06-2026 14:18:39.407 [Gauge] [DEBUG] * 記録を保存する
18-06-2026 14:18:39.449 [Gauge] [DEBUG] * 会員画面をリロードする
18-06-2026 14:18:39.466 [Gauge] [DEBUG] * カレンダーに "2026-06-01" の記録が表示される
18-06-2026 14:18:39.651 [Gauge] [ERROR] Failed Step: カレンダーに "2026-06-01" の記録が表示される
18-06-2026 14:18:39.651 [Gauge] [ERROR] Error Message: カレンダーに 2026-06-01 の記録が表示されていない
18-06-2026 14:18:39.651 [Gauge] [ERROR] Specification: specs/03_learning_log.spec:14
18-06-2026 14:18:39.651 [Gauge] [ERROR] Stacktrace: 
Error: カレンダーに 2026-06-01 の記録が表示されていない
    at StepImplementation.<anonymous> (/Users/yasuikendo/morrow-world/study_app/e2e/tests/StepImplementation.ts:795:27)
    at Generator.next (<anonymous>)
    at fulfilled (/Users/yasuikendo/morrow-world/study_app/e2e/tests/StepImplementation.ts:14:58)
18-06-2026 14:18:39.655 [Gauge] [INFO] # 会員一覧の検索
18-06-2026 14:18:39.656 [Gauge] [INFO] ## キーワードで会員を検索できる
18-06-2026 14:18:39.689 [Gauge] [DEBUG] * 職員としてセッションを設定して管理画面を開く
18-06-2026 14:18:39.788 [Gauge] [DEBUG] * 会員管理メニューをクリックする
18-06-2026 14:18:39.838 [Gauge] [DEBUG] * 会員検索欄に "見本一郎" と入力する
18-06-2026 14:18:40.200 [Gauge] [DEBUG] * 会員一覧に "見本一郎" が表示される

18-06-2026 14:18:40.215 [Gauge] [INFO] ## 存在しないキーワードで検索すると該当なしになる
18-06-2026 14:18:40.257 [Gauge] [DEBUG] * 職員としてセッションを設定して管理画面を開く
18-06-2026 14:18:40.358 [Gauge] [DEBUG] * 会員管理メニューをクリックする
18-06-2026 14:18:40.406 [Gauge] [DEBUG] * 会員検索欄に "zzznotexist" と入力する
18-06-2026 14:18:40.765 [Gauge] [DEBUG] * 会員一覧に "見本一郎" が表示されない
18-06-2026 14:18:41.085 [Gauge] [INFO] # ログアウト
18-06-2026 14:18:41.086 [Gauge] [INFO] ## 職員がログアウトすると login.html に戻る
18-06-2026 14:18:41.130 [Gauge] [DEBUG] * 職員としてセッションを設定して管理画面を開く
18-06-2026 14:18:41.230 [Gauge] [DEBUG] * 管理画面でログアウトする
18-06-2026 14:18:41.268 [Gauge] [DEBUG] * ログインページにリダイレクトされる
18-06-2026 14:18:41.273 [Gauge] [INFO] # 新規会員登録
18-06-2026 14:18:41.274 [Gauge] [INFO] ## 新規会員を登録するとリロード後に詳細パネルで確認できる
18-06-2026 14:18:41.308 [Gauge] [DEBUG] * 職員としてセッションを設定して管理画面を開く（localStorageなし）
18-06-2026 14:18:41.408 [Gauge] [DEBUG] * 会員管理メニューをクリックする
18-06-2026 14:18:41.451 [Gauge] [DEBUG] * 新規会員登録ボタンをクリックする
18-06-2026 14:18:41.489 [Gauge] [DEBUG] * 新規会員フォームに最小限の情報を入力する
18-06-2026 14:18:41.533 [Gauge] [DEBUG] * 新規会員フォームを保存する
18-06-2026 14:18:41.568 [Gauge] [DEBUG] * 管理画面をリロードする
18-06-2026 14:18:41.591 [Gauge] [DEBUG] * 会員管理メニューをクリックする
18-06-2026 14:18:41.631 [Gauge] [DEBUG] * 会員 "テスト 太郎" の行をクリックする
18-06-2026 14:18:41.668 [Gauge] [DEBUG] * 詳細パネルの "em-email" が "e2etest@example.jp" と表示される
18-06-2026 14:18:41.675 [Gauge] [DEBUG] * 詳細パネルの "em-id" が "99990" と表示される
18-06-2026 14:18:41.684 [Gauge] [INFO] # 会員情報編集
18-06-2026 14:18:41.684 [Gauge] [INFO] ## 会員のプランを変更するとリロード後に詳細パネルに反映される
18-06-2026 14:18:41.719 [Gauge] [DEBUG] * 職員としてセッションを設定して管理画面を開く（localStorageなし）
18-06-2026 14:18:41.817 [Gauge] [DEBUG] * localStorageに会員データを注入してリロードする
18-06-2026 14:18:41.846 [Gauge] [DEBUG] * 会員管理メニューをクリックする
18-06-2026 14:18:41.886 [Gauge] [DEBUG] * 会員 "見本一郎" の行をクリックする
18-06-2026 14:18:41.955 [Gauge] [DEBUG] * 詳細パネルの "em-plan" を "給付金6ヶ月プラン" に変更する
18-06-2026 14:18:41.961 [Gauge] [DEBUG] * 詳細パネルの変更を保存する
18-06-2026 14:18:43.840 [Gauge] [DEBUG] * 会員管理メニューをクリックする
18-06-2026 14:18:43.885 [Gauge] [DEBUG] * 会員 "見本一郎" の行をクリックする
18-06-2026 14:18:43.936 [Gauge] [DEBUG] * 詳細パネルの "em-plan" が "給付金6ヶ月プラン" と表示される
18-06-2026 14:18:43.947 [Gauge] [INFO] # コーチング記録
18-06-2026 14:18:43.947 [Gauge] [INFO] ## 通常コーチング記録を作成するとリロード後に詳細パネルに表示される
18-06-2026 14:18:43.987 [Gauge] [DEBUG] * 職員としてセッションを設定して管理画面を開く（localStorageなし）
18-06-2026 14:18:44.086 [Gauge] [DEBUG] * localStorageに会員データを注入してリロードする
18-06-2026 14:18:44.115 [Gauge] [DEBUG] * 会員カルテメニューをクリックする
18-06-2026 14:18:44.160 [Gauge] [DEBUG] * コーチング記録追加ボタンをクリックする
18-06-2026 14:18:44.252 [Gauge] [DEBUG] * コーチング種別を "通常コーチング" に選択する
18-06-2026 14:18:44.563 [Gauge] [DEBUG] * コーチング日付に今日を入力する
18-06-2026 14:18:44.571 [Gauge] [DEBUG] * コーチング記録を保存する
18-06-2026 14:18:44.608 [Gauge] [DEBUG] * 管理画面をリロードする
18-06-2026 14:18:44.635 [Gauge] [DEBUG] * 会員カルテメニューをクリックする
18-06-2026 14:18:44.668 [Gauge] [DEBUG] * コーチング記録 "通常コーチング" が表示される
18-06-2026 14:18:44.682 [Gauge] [INFO] # PROGOSスコア登録
18-06-2026 14:18:44.682 [Gauge] [INFO] ## PROGOSスコアを登録するとリロード後に詳細パネルに表示される
18-06-2026 14:18:44.717 [Gauge] [DEBUG] * 職員としてセッションを設定して管理画面を開く（localStorageなし）
18-06-2026 14:18:44.817 [Gauge] [DEBUG] * localStorageに会員データを注入してリロードする
18-06-2026 14:18:44.845 [Gauge] [DEBUG] * 会員カルテメニューをクリックする
18-06-2026 14:18:44.914 [Gauge] [DEBUG] * PROGOSスコア登録ボタンをクリックする
18-06-2026 14:18:44.986 [Gauge] [DEBUG] * PROGOSフォームに最小限の情報を入力する
18-06-2026 14:18:45.214 [Gauge] [DEBUG] * PROGOSスコアを保存する
18-06-2026 14:18:45.255 [Gauge] [DEBUG] * 管理画面をリロードする
18-06-2026 14:18:45.283 [Gauge] [DEBUG] * 会員カルテメニューをクリックする
18-06-2026 14:18:45.318 [Gauge] [DEBUG] * PROGOSスコアが表示される
18-06-2026 14:18:45.332 [Gauge] [INFO] # 継続プラン管理
18-06-2026 14:18:45.332 [Gauge] [INFO] ## 継続プランを追加するとリロード後に詳細パネルに表示される
18-06-2026 14:18:45.375 [Gauge] [DEBUG] * 職員としてセッションを設定して管理画面を開く（localStorageなし）
18-06-2026 14:18:45.472 [Gauge] [DEBUG] * localStorageに会員データを注入してリロードする
18-06-2026 14:18:45.503 [Gauge] [DEBUG] * 会員管理メニューをクリックする
18-06-2026 14:18:45.537 [Gauge] [DEBUG] * 会員 "見本一郎" の行をクリックする
18-06-2026 14:18:45.604 [Gauge] [DEBUG] * 継続プラン追加ボタンをクリックする
18-06-2026 14:18:45.988 [Gauge] [DEBUG] * 継続プランフォームに最小限の情報を入力する
18-06-2026 14:18:46.206 [Gauge] [DEBUG] * 継続プランを保存する
18-06-2026 14:18:46.235 [Gauge] [DEBUG] * 管理画面をリロードする
18-06-2026 14:18:46.265 [Gauge] [DEBUG] * 会員管理メニューをクリックする
18-06-2026 14:18:46.298 [Gauge] [DEBUG] * 会員 "見本一郎" の行をクリックする
18-06-2026 14:18:46.335 [Gauge] [DEBUG] * 継続プランが表示される
18-06-2026 14:18:46.342 [Gauge] [INFO] # 休会設定
18-06-2026 14:18:46.342 [Gauge] [INFO] ## 休会期間を設定するとリロード後にステータスが休会中になる
18-06-2026 14:18:46.387 [Gauge] [DEBUG] * 職員としてセッションを設定して管理画面を開く（localStorageなし）
18-06-2026 14:18:46.487 [Gauge] [DEBUG] * localStorageに会員データを注入してリロードする
18-06-2026 14:18:46.516 [Gauge] [DEBUG] * 会員管理メニューをクリックする
18-06-2026 14:18:46.553 [Gauge] [DEBUG] * 会員 "見本一郎" の行をクリックする
18-06-2026 14:18:46.594 [Gauge] [DEBUG] * 休会設定ボタンをクリックする
18-06-2026 14:18:46.972 [Gauge] [DEBUG] * 休会フォームに今日から "30" 日間の期間を入力する
18-06-2026 14:18:47.189 [Gauge] [DEBUG] * 休会設定を保存する
18-06-2026 14:18:47.222 [Gauge] [DEBUG] * 管理画面をリロードする
18-06-2026 14:18:47.255 [Gauge] [DEBUG] * 会員管理メニューをクリックする
18-06-2026 14:18:47.299 [Gauge] [DEBUG] * 会員 "見本一郎" の行をクリックする
18-06-2026 14:18:47.335 [Gauge] [DEBUG] * 詳細パネルのステータスが "休会中" と表示される
18-06-2026 14:18:47.342 [Gauge] [INFO] # 自動ステータス切り替え
18-06-2026 14:18:47.343 [Gauge] [INFO] ## 卒業日が昨日の会員は管理画面ロード時に卒業ステータスになる
18-06-2026 14:18:47.379 [Gauge] [DEBUG] * 卒業日が昨日の会員データを注入して管理画面を開く
18-06-2026 14:18:47.479 [Gauge] [DEBUG] * 会員管理メニューをクリックする
18-06-2026 14:18:47.519 [Gauge] [DEBUG] * 会員 "見本一郎" の行をクリックする
18-06-2026 14:18:47.559 [Gauge] [DEBUG] * 詳細パネルのステータスが "卒業" と表示される

18-06-2026 14:18:47.565 [Gauge] [INFO] ## 今日が休会期間内の会員は管理画面ロード時に休会中ステータスになる
18-06-2026 14:18:47.600 [Gauge] [DEBUG] * 今日が休会期間内の会員データを注入して管理画面を開く
18-06-2026 14:18:47.699 [Gauge] [DEBUG] * 会員管理メニューをクリックする
18-06-2026 14:18:47.735 [Gauge] [DEBUG] * 会員 "見本一郎" の行をクリックする
18-06-2026 14:18:47.771 [Gauge] [DEBUG] * 詳細パネルのステータスが "休会中" と表示される
18-06-2026 14:18:47.777 [Gauge] [INFO] # 会員ダッシュボード表示値検証
18-06-2026 14:18:47.778 [Gauge] [INFO] ## 3日連続の学習記録があるとストリークが3と表示される
18-06-2026 14:18:47.812 [Gauge] [DEBUG] * "3" 日分の連続学習記録を注入して会員画面を開く
18-06-2026 14:18:47.880 [Gauge] [DEBUG] * ストリーク表示が "3" 日と表示される

18-06-2026 14:18:47.890 [Gauge] [INFO] ## 今日の目標を達成するとグラフが100%!と(MISSING)表示される
18-06-2026 14:18:47.924 [Gauge] [DEBUG] * 今日 "60" 分の学習記録と目標 "60" 分を注入して会員画面を開く
18-06-2026 14:18:47.996 [Gauge] [DEBUG] * 目標円グラフが "100" %!と(MISSING)表示される

18-06-2026 14:18:48.006 [Gauge] [INFO] ## 卒業日が設定されていると卒業カウントダウンが正しく表示される
18-06-2026 14:18:48.041 [Gauge] [DEBUG] * "13" 日後の卒業日で会員データを注入して会員画面を開く
18-06-2026 14:18:48.111 [Gauge] [DEBUG] * 卒業カウントダウンが "13" 日と表示される
18-06-2026 14:18:48.121 [Gauge] [INFO] # 教材進捗・コーチングリマインダー
18-06-2026 14:18:48.121 [Gauge] [INFO] ## 教材選定済みの会員は会員画面に教材進捗が表示される
18-06-2026 14:18:48.154 [Gauge] [DEBUG] * 教材選定済みの会員データを注入して会員画面を開く
18-06-2026 14:18:48.224 [Gauge] [DEBUG] * 教材進捗エリアに教材が表示される

18-06-2026 14:18:48.233 [Gauge] [INFO] ## 最後のコーチングから31日以上経過するとリマインダーが表示される
18-06-2026 14:18:48.268 [Gauge] [DEBUG] * "31" 日前のコーチング記録を持つ会員データを注入して会員画面を開く
18-06-2026 14:18:48.339 [Gauge] [DEBUG] * コーチングリマインダーが表示される
18-06-2026 14:18:48.349 [Gauge] [INFO] # 達成率グラフ
18-06-2026 14:18:48.350 [Gauge] [INFO] ## 学習記録があると達成率グラフが表示される
18-06-2026 14:18:48.385 [Gauge] [DEBUG] * 学習記録を "60" 分注入して会員画面を開く
18-06-2026 14:18:48.478 [Gauge] [DEBUG] * 達成率グラフが表示される

18-06-2026 14:18:48.484 [Gauge] [INFO] ## 期間タブを今週に切り替えてもグラフが表示される
18-06-2026 14:18:48.519 [Gauge] [DEBUG] * 学習記録を "60" 分注入して会員画面を開く
18-06-2026 14:18:48.614 [Gauge] [DEBUG] * 達成率グラフの "week" タブに切り替える
18-06-2026 14:18:48.949 [Gauge] [DEBUG] * 達成率グラフが表示される
18-06-2026 14:18:48.959 [Gauge] [INFO] # 学習履歴カレンダー
18-06-2026 14:18:48.960 [Gauge] [INFO] ## 今日の目標を達成した場合カレンダーに緑セルが表示される
18-06-2026 14:18:49.002 [Gauge] [DEBUG] * 今日 "60" 分の学習記録と目標 "60" 分を注入して会員画面を開く
18-06-2026 14:18:49.078 [Gauge] [DEBUG] * 学習カレンダーに達成済みセルが表示される
18-06-2026 14:18:49.087 [Gauge] [INFO] # 学習記録の編集・削除
18-06-2026 14:18:49.088 [Gauge] [INFO] ## 学習記録を編集するとリロード後も変更が保持される
18-06-2026 14:18:49.122 [Gauge] [DEBUG] * 学習記録を "30" 分注入して会員画面を開く
18-06-2026 14:18:49.212 [Gauge] [DEBUG] * 今日のカレンダーセルをクリックする
18-06-2026 14:18:49.296 [Gauge] [DEBUG] * 学習記録の編集ボタンをクリックする
18-06-2026 14:18:49.333 [Gauge] [DEBUG] * 学習時間を "1" 時間 "0" 分に変更する
18-06-2026 14:18:49.338 [Gauge] [DEBUG] * 記録を保存する
18-06-2026 14:18:49.366 [Gauge] [DEBUG] * 会員画面をリロードする
18-06-2026 14:18:49.382 [Gauge] [DEBUG] * 今日の学習記録が "60" 分で保存されている

18-06-2026 14:18:49.389 [Gauge] [INFO] ## 学習記録を削除するとリロード後も削除が保持される
18-06-2026 14:18:49.423 [Gauge] [DEBUG] * 学習記録を "30" 分注入して会員画面を開く
18-06-2026 14:18:49.516 [Gauge] [DEBUG] * 今日のカレンダーセルをクリックする
18-06-2026 14:18:49.596 [Gauge] [DEBUG] * 学習記録の削除ボタンをクリックする
18-06-2026 14:18:50.133 [Gauge] [DEBUG] * 会員画面をリロードする
18-06-2026 14:18:50.164 [Gauge] [DEBUG] * 学習記録が "0" 件保存されている
18-06-2026 14:18:50.196 [html-report] [DEBUG] Transformed SuiteResult to report structure
18-06-2026 14:18:50.229 [html-report] [INFO] Successfully generated html-report to => /Users/yasuikendo/morrow-world/study_app/e2e/reports/html-report/index.html
18-06-2026 14:18:50.229 [html-report] [DEBUG] Done generating HTML report using theme from /Users/yasuikendo/.gauge/plugins/html-report/4.4.5/themes/default
18-06-2026 14:18:50.229 [Gauge] [DEBUG] Sending kill message to Html Report plugin.
18-06-2026 14:18:50.230 [Gauge] [INFO] Specifications:	17 executed	16 passed	1 failed	0 skipped
18-06-2026 14:18:50.230 [Gauge] [INFO] Scenarios:	26 executed	25 passed	1 failed	0 skipped
18-06-2026 14:18:50.230 [Gauge] [INFO] 
Total time taken: 12.608s
18-06-2026 14:18:59.579 [Gauge] [DEBUG] Created gauge_screenshots_dir at /Users/yasuikendo/morrow-world/study_app/e2e/.gauge/screenshots
18-06-2026 14:18:59.579 [Gauge] [DEBUG] Plugin html-report is already installed.
18-06-2026 14:18:59.580 [Gauge] [DEBUG] Plugin ts is already installed.
18-06-2026 14:18:59.580 [Gauge] [DEBUG] Parsing started.
18-06-2026 14:18:59.580 [Gauge] [DEBUG] Started concepts parsing.
18-06-2026 14:18:59.580 [Gauge] [DEBUG] 0 concepts parsing completed.
18-06-2026 14:18:59.580 [Gauge] [DEBUG] Started specifications parsing.
18-06-2026 14:18:59.582 [Gauge] [DEBUG] 17 specifications parsing completed.
18-06-2026 14:18:59.582 [Gauge] [DEBUG] Parsing completed.
18-06-2026 14:18:59.616 [ts] [ERROR] (node:3238) [DEP0190] DeprecationWarning: Passing args to a child process with shell option true can lead to security vulnerabilities, as the arguments are not escaped, only concatenated.
18-06-2026 14:18:59.616 [ts] [ERROR] (Use `node --trace-deprecation ...` to show where the warning was created)
18-06-2026 14:19:00.641 [ts] [ERROR] (node:3266) [DEP0180] DeprecationWarning: fs.Stats constructor is deprecated.
18-06-2026 14:19:00.641 [ts] [ERROR] (Use `node --trace-deprecation ...` to show where the warning was created)
18-06-2026 14:19:00.646 [Gauge] [DEBUG] Attempting to connect to grpc server at port: 50182
18-06-2026 14:19:00.646 [Gauge] [DEBUG] Successfully made the connection with runner with port: 50182
18-06-2026 14:19:00.646 [Gauge] [DEBUG] Validation started.
18-06-2026 14:19:00.670 [Gauge] [DEBUG] Validation completed.
18-06-2026 14:19:00.670 [Gauge] [DEBUG] Run started
18-06-2026 14:19:00.671 [Gauge] [DEBUG] Starting Html Report plugin
18-06-2026 14:19:00.678 [html-report] [DEBUG] Setting MaxRecvMsgSize = 1024 MB
18-06-2026 14:19:00.679 [Gauge] [DEBUG] Attempting to connect to grpc server at port: 50185
18-06-2026 14:19:00.679 [Gauge] [DEBUG] Successfully made the connection with plugin with port: 50185
18-06-2026 14:19:00.679 [Gauge] [DEBUG] Initialising suite data store.
18-06-2026 14:19:01.148 [Gauge] [INFO] # 会員ログイン
18-06-2026 14:19:01.150 [Gauge] [INFO] ## 会員が正常にログインして会員ダッシュボードに遷移する
18-06-2026 14:19:01.192 [Gauge] [DEBUG] * ログインページを開く
18-06-2026 14:19:01.225 [Gauge] [DEBUG] * 会員 "student_10001@example.jp" / "student10001" でログインする
18-06-2026 14:19:01.295 [Gauge] [DEBUG] * 会員ダッシュボード（ホーム画面）が表示される

18-06-2026 14:19:01.318 [Gauge] [INFO] ## 誤ったパスワードでログインするとエラーが表示される
18-06-2026 14:19:01.371 [Gauge] [DEBUG] * ログインページを開く
18-06-2026 14:19:01.397 [Gauge] [DEBUG] * 会員 "student_10001@example.jp" / "wrongpassword" でログインする
18-06-2026 14:19:01.459 [Gauge] [DEBUG] * ログインエラーメッセージが表示される

18-06-2026 14:19:01.465 [Gauge] [INFO] ## 未登録メールアドレスでログインするとエラーが表示される
18-06-2026 14:19:01.499 [Gauge] [DEBUG] * ログインページを開く
18-06-2026 14:19:01.524 [Gauge] [DEBUG] * 会員 "unknown@example.jp" / "anypassword" でログインする
18-06-2026 14:19:01.590 [Gauge] [DEBUG] * ログインエラーメッセージが表示される
18-06-2026 14:19:01.596 [Gauge] [INFO] # 職員（コーチ）ログイン
18-06-2026 14:19:01.597 [Gauge] [INFO] ## sessionStorage から管理画面を直接開ける
18-06-2026 14:19:01.630 [Gauge] [DEBUG] * 職員としてセッションを設定して管理画面を開く
18-06-2026 14:19:01.730 [Gauge] [DEBUG] * 管理画面（ダッシュボード）が表示される
18-06-2026 14:19:01.736 [Gauge] [DEBUG] * サイドバーが表示される
18-06-2026 14:19:01.742 [Gauge] [INFO] # 学習記録の入力
18-06-2026 14:19:01.743 [Gauge] [INFO] ## 会員が学習記録を入力して保存できる
18-06-2026 14:19:01.777 [Gauge] [DEBUG] * 会員としてセッションを設定して会員画面を開く
18-06-2026 14:19:01.847 [Gauge] [DEBUG] * 学習記録ボタンをクリックする
18-06-2026 14:19:01.895 [Gauge] [DEBUG] * 学習日 "2026-06-01" を入力する
18-06-2026 14:19:01.899 [Gauge] [DEBUG] * 教材を選択する
18-06-2026 14:19:01.902 [Gauge] [DEBUG] * 学習時間 "30" 分を選択する
18-06-2026 14:19:01.924 [Gauge] [DEBUG] * 記録を保存する
18-06-2026 14:19:01.958 [Gauge] [DEBUG] * 会員画面をリロードする
18-06-2026 14:19:01.974 [Gauge] [DEBUG] * カレンダーに "2026-06-01" の記録が表示される
18-06-2026 14:19:02.142 [Gauge] [ERROR] Failed Step: カレンダーに "2026-06-01" の記録が表示される
18-06-2026 14:19:02.142 [Gauge] [ERROR] Error Message: カレンダーに 2026-06-01 の記録が表示されていない
18-06-2026 14:19:02.142 [Gauge] [ERROR] Specification: specs/03_learning_log.spec:14
18-06-2026 14:19:02.142 [Gauge] [ERROR] Stacktrace: 
Error: カレンダーに 2026-06-01 の記録が表示されていない
    at StepImplementation.<anonymous> (/Users/yasuikendo/morrow-world/study_app/e2e/tests/StepImplementation.ts:795:27)
    at Generator.next (<anonymous>)
    at fulfilled (/Users/yasuikendo/morrow-world/study_app/e2e/tests/StepImplementation.ts:14:58)
18-06-2026 14:19:02.146 [Gauge] [INFO] # 会員一覧の検索
18-06-2026 14:19:02.147 [Gauge] [INFO] ## キーワードで会員を検索できる
18-06-2026 14:19:02.180 [Gauge] [DEBUG] * 職員としてセッションを設定して管理画面を開く
18-06-2026 14:19:02.284 [Gauge] [DEBUG] * 会員管理メニューをクリックする
18-06-2026 14:19:02.329 [Gauge] [DEBUG] * 会員検索欄に "見本一郎" と入力する
18-06-2026 14:19:02.691 [Gauge] [DEBUG] * 会員一覧に "見本一郎" が表示される

18-06-2026 14:19:02.704 [Gauge] [INFO] ## 存在しないキーワードで検索すると該当なしになる
18-06-2026 14:19:02.747 [Gauge] [DEBUG] * 職員としてセッションを設定して管理画面を開く
18-06-2026 14:19:02.846 [Gauge] [DEBUG] * 会員管理メニューをクリックする
18-06-2026 14:19:02.894 [Gauge] [DEBUG] * 会員検索欄に "zzznotexist" と入力する
18-06-2026 14:19:03.228 [Gauge] [DEBUG] * 会員一覧に "見本一郎" が表示されない
18-06-2026 14:19:03.548 [Gauge] [INFO] # ログアウト
18-06-2026 14:19:03.549 [Gauge] [INFO] ## 職員がログアウトすると login.html に戻る
18-06-2026 14:19:03.598 [Gauge] [DEBUG] * 職員としてセッションを設定して管理画面を開く
18-06-2026 14:19:03.700 [Gauge] [DEBUG] * 管理画面でログアウトする
18-06-2026 14:19:03.741 [Gauge] [DEBUG] * ログインページにリダイレクトされる
18-06-2026 14:19:03.746 [Gauge] [INFO] # 新規会員登録
18-06-2026 14:19:03.747 [Gauge] [INFO] ## 新規会員を登録するとリロード後に詳細パネルで確認できる
18-06-2026 14:19:03.780 [Gauge] [DEBUG] * 職員としてセッションを設定して管理画面を開く（localStorageなし）
18-06-2026 14:19:03.879 [Gauge] [DEBUG] * 会員管理メニューをクリックする
18-06-2026 14:19:03.931 [Gauge] [DEBUG] * 新規会員登録ボタンをクリックする
18-06-2026 14:19:03.964 [Gauge] [DEBUG] * 新規会員フォームに最小限の情報を入力する
18-06-2026 14:19:04.004 [Gauge] [DEBUG] * 新規会員フォームを保存する
18-06-2026 14:19:04.043 [Gauge] [DEBUG] * 管理画面をリロードする
18-06-2026 14:19:04.066 [Gauge] [DEBUG] * 会員管理メニューをクリックする
18-06-2026 14:19:04.106 [Gauge] [DEBUG] * 会員 "テスト 太郎" の行をクリックする
18-06-2026 14:19:04.142 [Gauge] [DEBUG] * 詳細パネルの "em-email" が "e2etest@example.jp" と表示される
18-06-2026 14:19:04.149 [Gauge] [DEBUG] * 詳細パネルの "em-id" が "99990" と表示される
18-06-2026 14:19:04.158 [Gauge] [INFO] # 会員情報編集
18-06-2026 14:19:04.159 [Gauge] [INFO] ## 会員のプランを変更するとリロード後に詳細パネルに反映される
18-06-2026 14:19:04.193 [Gauge] [DEBUG] * 職員としてセッションを設定して管理画面を開く（localStorageなし）
18-06-2026 14:19:04.293 [Gauge] [DEBUG] * localStorageに会員データを注入してリロードする
18-06-2026 14:19:04.322 [Gauge] [DEBUG] * 会員管理メニューをクリックする
18-06-2026 14:19:04.359 [Gauge] [DEBUG] * 会員 "見本一郎" の行をクリックする
18-06-2026 14:19:04.398 [Gauge] [DEBUG] * 詳細パネルの "em-plan" を "給付金6ヶ月プラン" に変更する
18-06-2026 14:19:04.404 [Gauge] [DEBUG] * 詳細パネルの変更を保存する
18-06-2026 14:19:06.278 [Gauge] [DEBUG] * 会員管理メニューをクリックする
18-06-2026 14:19:06.304 [Gauge] [DEBUG] * 会員 "見本一郎" の行をクリックする
18-06-2026 14:19:06.347 [Gauge] [DEBUG] * 詳細パネルの "em-plan" が "給付金6ヶ月プラン" と表示される
18-06-2026 14:19:06.360 [Gauge] [INFO] # コーチング記録
18-06-2026 14:19:06.361 [Gauge] [INFO] ## 通常コーチング記録を作成するとリロード後に詳細パネルに表示される
18-06-2026 14:19:06.400 [Gauge] [DEBUG] * 職員としてセッションを設定して管理画面を開く（localStorageなし）
18-06-2026 14:19:06.501 [Gauge] [DEBUG] * localStorageに会員データを注入してリロードする
18-06-2026 14:19:06.534 [Gauge] [DEBUG] * 会員カルテメニューをクリックする
18-06-2026 14:19:06.604 [Gauge] [DEBUG] * コーチング記録追加ボタンをクリックする
18-06-2026 14:19:06.675 [Gauge] [DEBUG] * コーチング種別を "通常コーチング" に選択する
18-06-2026 14:19:06.982 [Gauge] [DEBUG] * コーチング日付に今日を入力する
18-06-2026 14:19:06.993 [Gauge] [DEBUG] * コーチング記録を保存する
18-06-2026 14:19:07.034 [Gauge] [DEBUG] * 管理画面をリロードする
18-06-2026 14:19:07.063 [Gauge] [DEBUG] * 会員カルテメニューをクリックする
18-06-2026 14:19:07.109 [Gauge] [DEBUG] * コーチング記録 "通常コーチング" が表示される
18-06-2026 14:19:07.122 [Gauge] [INFO] # PROGOSスコア登録
18-06-2026 14:19:07.123 [Gauge] [INFO] ## PROGOSスコアを登録するとリロード後に詳細パネルに表示される
18-06-2026 14:19:07.158 [Gauge] [DEBUG] * 職員としてセッションを設定して管理画面を開く（localStorageなし）
18-06-2026 14:19:07.259 [Gauge] [DEBUG] * localStorageに会員データを注入してリロードする
18-06-2026 14:19:07.288 [Gauge] [DEBUG] * 会員カルテメニューをクリックする
18-06-2026 14:19:07.333 [Gauge] [DEBUG] * PROGOSスコア登録ボタンをクリックする
18-06-2026 14:19:07.425 [Gauge] [DEBUG] * PROGOSフォームに最小限の情報を入力する
18-06-2026 14:19:07.655 [Gauge] [DEBUG] * PROGOSスコアを保存する
18-06-2026 14:19:07.693 [Gauge] [DEBUG] * 管理画面をリロードする
18-06-2026 14:19:07.721 [Gauge] [DEBUG] * 会員カルテメニューをクリックする
18-06-2026 14:19:07.757 [Gauge] [DEBUG] * PROGOSスコアが表示される
18-06-2026 14:19:07.770 [Gauge] [INFO] # 継続プラン管理
18-06-2026 14:19:07.771 [Gauge] [INFO] ## 継続プランを追加するとリロード後に詳細パネルに表示される
18-06-2026 14:19:07.805 [Gauge] [DEBUG] * 職員としてセッションを設定して管理画面を開く（localStorageなし）
18-06-2026 14:19:07.905 [Gauge] [DEBUG] * localStorageに会員データを注入してリロードする
18-06-2026 14:19:07.935 [Gauge] [DEBUG] * 会員管理メニューをクリックする
18-06-2026 14:19:07.974 [Gauge] [DEBUG] * 会員 "見本一郎" の行をクリックする
18-06-2026 14:19:08.012 [Gauge] [DEBUG] * 継続プラン追加ボタンをクリックする
18-06-2026 14:19:08.393 [Gauge] [DEBUG] * 継続プランフォームに最小限の情報を入力する
18-06-2026 14:19:08.608 [Gauge] [DEBUG] * 継続プランを保存する
18-06-2026 14:19:08.623 [Gauge] [DEBUG] * 管理画面をリロードする
18-06-2026 14:19:08.654 [Gauge] [DEBUG] * 会員管理メニューをクリックする
18-06-2026 14:19:08.691 [Gauge] [DEBUG] * 会員 "見本一郎" の行をクリックする
18-06-2026 14:19:08.723 [Gauge] [DEBUG] * 継続プランが表示される
18-06-2026 14:19:08.731 [Gauge] [INFO] # 休会設定
18-06-2026 14:19:08.731 [Gauge] [INFO] ## 休会期間を設定するとリロード後にステータスが休会中になる
18-06-2026 14:19:08.766 [Gauge] [DEBUG] * 職員としてセッションを設定して管理画面を開く（localStorageなし）
18-06-2026 14:19:08.864 [Gauge] [DEBUG] * localStorageに会員データを注入してリロードする
18-06-2026 14:19:08.892 [Gauge] [DEBUG] * 会員管理メニューをクリックする
18-06-2026 14:19:08.924 [Gauge] [DEBUG] * 会員 "見本一郎" の行をクリックする
18-06-2026 14:19:08.959 [Gauge] [DEBUG] * 休会設定ボタンをクリックする
18-06-2026 14:19:09.338 [Gauge] [DEBUG] * 休会フォームに今日から "30" 日間の期間を入力する
18-06-2026 14:19:09.549 [Gauge] [DEBUG] * 休会設定を保存する
18-06-2026 14:19:09.576 [Gauge] [DEBUG] * 管理画面をリロードする
18-06-2026 14:19:09.608 [Gauge] [DEBUG] * 会員管理メニューをクリックする
18-06-2026 14:19:09.637 [Gauge] [DEBUG] * 会員 "見本一郎" の行をクリックする
18-06-2026 14:19:09.673 [Gauge] [DEBUG] * 詳細パネルのステータスが "休会中" と表示される
18-06-2026 14:19:09.679 [Gauge] [INFO] # 自動ステータス切り替え
18-06-2026 14:19:09.680 [Gauge] [INFO] ## 卒業日が昨日の会員は管理画面ロード時に卒業ステータスになる
18-06-2026 14:19:09.717 [Gauge] [DEBUG] * 卒業日が昨日の会員データを注入して管理画面を開く
18-06-2026 14:19:09.818 [Gauge] [DEBUG] * 会員管理メニューをクリックする
18-06-2026 14:19:09.856 [Gauge] [DEBUG] * 会員 "見本一郎" の行をクリックする
18-06-2026 14:19:09.898 [Gauge] [DEBUG] * 詳細パネルのステータスが "卒業" と表示される

18-06-2026 14:19:09.904 [Gauge] [INFO] ## 今日が休会期間内の会員は管理画面ロード時に休会中ステータスになる
18-06-2026 14:19:09.940 [Gauge] [DEBUG] * 今日が休会期間内の会員データを注入して管理画面を開く
18-06-2026 14:19:10.040 [Gauge] [DEBUG] * 会員管理メニューをクリックする
18-06-2026 14:19:10.073 [Gauge] [DEBUG] * 会員 "見本一郎" の行をクリックする
18-06-2026 14:19:10.112 [Gauge] [DEBUG] * 詳細パネルのステータスが "休会中" と表示される
18-06-2026 14:19:10.119 [Gauge] [INFO] # 会員ダッシュボード表示値検証
18-06-2026 14:19:10.120 [Gauge] [INFO] ## 3日連続の学習記録があるとストリークが3と表示される
18-06-2026 14:19:10.154 [Gauge] [DEBUG] * "3" 日分の連続学習記録を注入して会員画面を開く
18-06-2026 14:19:10.226 [Gauge] [DEBUG] * ストリーク表示が "3" 日と表示される

18-06-2026 14:19:10.235 [Gauge] [INFO] ## 今日の目標を達成するとグラフが100%!と(MISSING)表示される
18-06-2026 14:19:10.269 [Gauge] [DEBUG] * 今日 "60" 分の学習記録と目標 "60" 分を注入して会員画面を開く
18-06-2026 14:19:10.340 [Gauge] [DEBUG] * 目標円グラフが "100" %!と(MISSING)表示される

18-06-2026 14:19:10.351 [Gauge] [INFO] ## 卒業日が設定されていると卒業カウントダウンが正しく表示される
18-06-2026 14:19:10.385 [Gauge] [DEBUG] * "13" 日後の卒業日で会員データを注入して会員画面を開く
18-06-2026 14:19:10.456 [Gauge] [DEBUG] * 卒業カウントダウンが "13" 日と表示される
18-06-2026 14:19:10.466 [Gauge] [INFO] # 教材進捗・コーチングリマインダー
18-06-2026 14:19:10.467 [Gauge] [INFO] ## 教材選定済みの会員は会員画面に教材進捗が表示される
18-06-2026 14:19:10.502 [Gauge] [DEBUG] * 教材選定済みの会員データを注入して会員画面を開く
18-06-2026 14:19:10.574 [Gauge] [DEBUG] * 教材進捗エリアに教材が表示される

18-06-2026 14:19:10.584 [Gauge] [INFO] ## 最後のコーチングから31日以上経過するとリマインダーが表示される
18-06-2026 14:19:10.620 [Gauge] [DEBUG] * "31" 日前のコーチング記録を持つ会員データを注入して会員画面を開く
18-06-2026 14:19:10.692 [Gauge] [DEBUG] * コーチングリマインダーが表示される
18-06-2026 14:19:10.701 [Gauge] [INFO] # 達成率グラフ
18-06-2026 14:19:10.701 [Gauge] [INFO] ## 学習記録があると達成率グラフが表示される
18-06-2026 14:19:10.736 [Gauge] [DEBUG] * 学習記録を "60" 分注入して会員画面を開く
18-06-2026 14:19:10.829 [Gauge] [DEBUG] * 達成率グラフが表示される

18-06-2026 14:19:10.836 [Gauge] [INFO] ## 期間タブを今週に切り替えてもグラフが表示される
18-06-2026 14:19:10.872 [Gauge] [DEBUG] * 学習記録を "60" 分注入して会員画面を開く
18-06-2026 14:19:10.962 [Gauge] [DEBUG] * 達成率グラフの "week" タブに切り替える
18-06-2026 14:19:11.303 [Gauge] [DEBUG] * 達成率グラフが表示される
18-06-2026 14:19:11.314 [Gauge] [INFO] # 学習履歴カレンダー
18-06-2026 14:19:11.315 [Gauge] [INFO] ## 今日の目標を達成した場合カレンダーに緑セルが表示される
18-06-2026 14:19:11.358 [Gauge] [DEBUG] * 今日 "60" 分の学習記録と目標 "60" 分を注入して会員画面を開く
18-06-2026 14:19:11.430 [Gauge] [DEBUG] * 学習カレンダーに達成済みセルが表示される
18-06-2026 14:19:11.439 [Gauge] [INFO] # 学習記録の編集・削除
18-06-2026 14:19:11.440 [Gauge] [INFO] ## 学習記録を編集するとリロード後も変更が保持される
18-06-2026 14:19:11.473 [Gauge] [DEBUG] * 学習記録を "30" 分注入して会員画面を開く
18-06-2026 14:19:11.566 [Gauge] [DEBUG] * 今日のカレンダーセルをクリックする
18-06-2026 14:19:11.652 [Gauge] [DEBUG] * 学習記録の編集ボタンをクリックする
18-06-2026 14:19:11.687 [Gauge] [DEBUG] * 学習時間を "1" 時間 "0" 分に変更する
18-06-2026 14:19:11.692 [Gauge] [DEBUG] * 記録を保存する
18-06-2026 14:19:11.718 [Gauge] [DEBUG] * 会員画面をリロードする
18-06-2026 14:19:11.735 [Gauge] [DEBUG] * 今日の学習記録が "60" 分で保存されている

18-06-2026 14:19:11.741 [Gauge] [INFO] ## 学習記録を削除するとリロード後も削除が保持される
18-06-2026 14:19:11.777 [Gauge] [DEBUG] * 学習記録を "30" 分注入して会員画面を開く
18-06-2026 14:19:11.869 [Gauge] [DEBUG] * 今日のカレンダーセルをクリックする
18-06-2026 14:19:11.950 [Gauge] [DEBUG] * 学習記録の削除ボタンをクリックする
18-06-2026 14:19:12.486 [Gauge] [DEBUG] * 会員画面をリロードする
18-06-2026 14:19:12.521 [Gauge] [DEBUG] * 学習記録が "0" 件保存されている
18-06-2026 14:19:12.548 [html-report] [DEBUG] Transformed SuiteResult to report structure
18-06-2026 14:19:12.578 [html-report] [INFO] Successfully generated html-report to => /Users/yasuikendo/morrow-world/study_app/e2e/reports/html-report/index.html
18-06-2026 14:19:12.578 [html-report] [DEBUG] Done generating HTML report using theme from /Users/yasuikendo/.gauge/plugins/html-report/4.4.5/themes/default
18-06-2026 14:19:12.578 [Gauge] [DEBUG] Sending kill message to Html Report plugin.
18-06-2026 14:19:12.579 [Gauge] [INFO] Specifications:	17 executed	16 passed	1 failed	0 skipped
18-06-2026 14:19:12.579 [Gauge] [INFO] Scenarios:	26 executed	25 passed	1 failed	0 skipped
18-06-2026 14:19:12.579 [Gauge] [INFO] 
Total time taken: 11.883s
18-06-2026 14:19:43.351 [Gauge] [DEBUG] Created gauge_screenshots_dir at /Users/yasuikendo/morrow-world/study_app/e2e/.gauge/screenshots
18-06-2026 14:19:43.351 [Gauge] [DEBUG] Plugin ts is already installed.
18-06-2026 14:19:43.351 [Gauge] [DEBUG] Plugin html-report is already installed.
18-06-2026 14:19:43.351 [Gauge] [DEBUG] Parsing started.
18-06-2026 14:19:43.351 [Gauge] [DEBUG] Started concepts parsing.
18-06-2026 14:19:43.352 [Gauge] [DEBUG] 0 concepts parsing completed.
18-06-2026 14:19:43.352 [Gauge] [DEBUG] Started specifications parsing.
18-06-2026 14:19:43.353 [Gauge] [DEBUG] 17 specifications parsing completed.
18-06-2026 14:19:43.353 [Gauge] [DEBUG] Parsing completed.
18-06-2026 14:19:43.389 [ts] [ERROR] (node:3721) [DEP0190] DeprecationWarning: Passing args to a child process with shell option true can lead to security vulnerabilities, as the arguments are not escaped, only concatenated.
18-06-2026 14:19:43.389 [ts] [ERROR] (Use `node --trace-deprecation ...` to show where the warning was created)
18-06-2026 14:19:44.165 [ts] [ERROR] (node:3749) [DEP0180] DeprecationWarning: fs.Stats constructor is deprecated.
18-06-2026 14:19:44.165 [ts] [ERROR] (Use `node --trace-deprecation ...` to show where the warning was created)
18-06-2026 14:19:44.178 [Gauge] [DEBUG] Attempting to connect to grpc server at port: 50362
18-06-2026 14:19:44.178 [Gauge] [DEBUG] Successfully made the connection with runner with port: 50362
18-06-2026 14:19:44.178 [Gauge] [DEBUG] Validation started.
18-06-2026 14:19:44.209 [Gauge] [DEBUG] Validation completed.
18-06-2026 14:19:44.209 [Gauge] [DEBUG] Run started
18-06-2026 14:19:44.210 [Gauge] [DEBUG] Starting Html Report plugin
18-06-2026 14:19:44.217 [html-report] [DEBUG] Setting MaxRecvMsgSize = 1024 MB
18-06-2026 14:19:44.218 [Gauge] [DEBUG] Attempting to connect to grpc server at port: 50365
18-06-2026 14:19:44.218 [Gauge] [DEBUG] Successfully made the connection with plugin with port: 50365
18-06-2026 14:19:44.218 [Gauge] [DEBUG] Initialising suite data store.
18-06-2026 14:19:44.687 [Gauge] [INFO] # 会員ログイン
18-06-2026 14:19:44.689 [Gauge] [INFO] ## 会員が正常にログインして会員ダッシュボードに遷移する
18-06-2026 14:19:44.732 [Gauge] [DEBUG] * ログインページを開く
18-06-2026 14:19:44.766 [Gauge] [DEBUG] * 会員 "student_10001@example.jp" / "student10001" でログインする
18-06-2026 14:19:44.833 [Gauge] [DEBUG] * 会員ダッシュボード（ホーム画面）が表示される

18-06-2026 14:19:44.855 [Gauge] [INFO] ## 誤ったパスワードでログインするとエラーが表示される
18-06-2026 14:19:44.890 [Gauge] [DEBUG] * ログインページを開く
18-06-2026 14:19:44.916 [Gauge] [DEBUG] * 会員 "student_10001@example.jp" / "wrongpassword" でログインする
18-06-2026 14:19:44.964 [Gauge] [DEBUG] * ログインエラーメッセージが表示される

18-06-2026 14:19:44.968 [Gauge] [INFO] ## 未登録メールアドレスでログインするとエラーが表示される
18-06-2026 14:19:45.002 [Gauge] [DEBUG] * ログインページを開く
18-06-2026 14:19:45.031 [Gauge] [DEBUG] * 会員 "unknown@example.jp" / "anypassword" でログインする
18-06-2026 14:19:45.097 [Gauge] [DEBUG] * ログインエラーメッセージが表示される
18-06-2026 14:19:45.103 [Gauge] [INFO] # 職員（コーチ）ログイン
18-06-2026 14:19:45.103 [Gauge] [INFO] ## sessionStorage から管理画面を直接開ける
18-06-2026 14:19:45.137 [Gauge] [DEBUG] * 職員としてセッションを設定して管理画面を開く
18-06-2026 14:19:45.238 [Gauge] [DEBUG] * 管理画面（ダッシュボード）が表示される
18-06-2026 14:19:45.245 [Gauge] [DEBUG] * サイドバーが表示される
18-06-2026 14:19:45.251 [Gauge] [INFO] # 学習記録の入力
18-06-2026 14:19:45.252 [Gauge] [INFO] ## 会員が学習記録を入力して保存できる
18-06-2026 14:19:45.285 [Gauge] [DEBUG] * 会員としてセッションを設定して会員画面を開く
18-06-2026 14:19:45.380 [Gauge] [DEBUG] * 学習記録ボタンをクリックする
18-06-2026 14:19:45.417 [Gauge] [DEBUG] * 学習日 "2026-06-01" を入力する
18-06-2026 14:19:45.421 [Gauge] [DEBUG] * 教材を選択する
18-06-2026 14:19:45.425 [Gauge] [DEBUG] * 学習時間 "30" 分を選択する
18-06-2026 14:19:45.441 [Gauge] [DEBUG] * 記録を保存する
18-06-2026 14:19:45.480 [Gauge] [DEBUG] * 会員画面をリロードする
18-06-2026 14:19:45.498 [Gauge] [DEBUG] * カレンダーに "2026-06-01" の記録が表示される
18-06-2026 14:19:45.505 [Gauge] [INFO] # 会員一覧の検索
18-06-2026 14:19:45.505 [Gauge] [INFO] ## キーワードで会員を検索できる
18-06-2026 14:19:45.539 [Gauge] [DEBUG] * 職員としてセッションを設定して管理画面を開く
18-06-2026 14:19:45.638 [Gauge] [DEBUG] * 会員管理メニューをクリックする
18-06-2026 14:19:45.685 [Gauge] [DEBUG] * 会員検索欄に "見本一郎" と入力する
18-06-2026 14:19:46.019 [Gauge] [DEBUG] * 会員一覧に "見本一郎" が表示される

18-06-2026 14:19:46.035 [Gauge] [INFO] ## 存在しないキーワードで検索すると該当なしになる
18-06-2026 14:19:46.078 [Gauge] [DEBUG] * 職員としてセッションを設定して管理画面を開く
18-06-2026 14:19:46.181 [Gauge] [DEBUG] * 会員管理メニューをクリックする
18-06-2026 14:19:46.218 [Gauge] [DEBUG] * 会員検索欄に "zzznotexist" と入力する
18-06-2026 14:19:46.554 [Gauge] [DEBUG] * 会員一覧に "見本一郎" が表示されない
18-06-2026 14:19:46.880 [Gauge] [INFO] # ログアウト
18-06-2026 14:19:46.881 [Gauge] [INFO] ## 職員がログアウトすると login.html に戻る
18-06-2026 14:19:46.928 [Gauge] [DEBUG] * 職員としてセッションを設定して管理画面を開く
18-06-2026 14:19:47.031 [Gauge] [DEBUG] * 管理画面でログアウトする
18-06-2026 14:19:47.065 [Gauge] [DEBUG] * ログインページにリダイレクトされる
18-06-2026 14:19:47.070 [Gauge] [INFO] # 新規会員登録
18-06-2026 14:19:47.070 [Gauge] [INFO] ## 新規会員を登録するとリロード後に詳細パネルで確認できる
18-06-2026 14:19:47.103 [Gauge] [DEBUG] * 職員としてセッションを設定して管理画面を開く（localStorageなし）
18-06-2026 14:19:47.201 [Gauge] [DEBUG] * 会員管理メニューをクリックする
18-06-2026 14:19:47.233 [Gauge] [DEBUG] * 新規会員登録ボタンをクリックする
18-06-2026 14:19:47.271 [Gauge] [DEBUG] * 新規会員フォームに最小限の情報を入力する
18-06-2026 14:19:47.323 [Gauge] [DEBUG] * 新規会員フォームを保存する
18-06-2026 14:19:47.367 [Gauge] [DEBUG] * 管理画面をリロードする
18-06-2026 14:19:47.391 [Gauge] [DEBUG] * 会員管理メニューをクリックする
18-06-2026 14:19:47.430 [Gauge] [DEBUG] * 会員 "テスト 太郎" の行をクリックする
18-06-2026 14:19:47.467 [Gauge] [DEBUG] * 詳細パネルの "em-email" が "e2etest@example.jp" と表示される
18-06-2026 14:19:47.473 [Gauge] [DEBUG] * 詳細パネルの "em-id" が "99990" と表示される
18-06-2026 14:19:47.483 [Gauge] [INFO] # 会員情報編集
18-06-2026 14:19:47.483 [Gauge] [INFO] ## 会員のプランを変更するとリロード後に詳細パネルに反映される
18-06-2026 14:19:47.518 [Gauge] [DEBUG] * 職員としてセッションを設定して管理画面を開く（localStorageなし）
18-06-2026 14:19:47.619 [Gauge] [DEBUG] * localStorageに会員データを注入してリロードする
18-06-2026 14:19:47.647 [Gauge] [DEBUG] * 会員管理メニューをクリックする
18-06-2026 14:19:47.684 [Gauge] [DEBUG] * 会員 "見本一郎" の行をクリックする
18-06-2026 14:19:47.719 [Gauge] [DEBUG] * 詳細パネルの "em-plan" を "給付金6ヶ月プラン" に変更する
18-06-2026 14:19:47.724 [Gauge] [DEBUG] * 詳細パネルの変更を保存する
18-06-2026 14:19:49.625 [Gauge] [DEBUG] * 会員管理メニューをクリックする
18-06-2026 14:19:49.666 [Gauge] [DEBUG] * 会員 "見本一郎" の行をクリックする
18-06-2026 14:19:49.720 [Gauge] [DEBUG] * 詳細パネルの "em-plan" が "給付金6ヶ月プラン" と表示される
18-06-2026 14:19:49.737 [Gauge] [INFO] # コーチング記録
18-06-2026 14:19:49.738 [Gauge] [INFO] ## 通常コーチング記録を作成するとリロード後に詳細パネルに表示される
18-06-2026 14:19:49.775 [Gauge] [DEBUG] * 職員としてセッションを設定して管理画面を開く（localStorageなし）
18-06-2026 14:19:49.873 [Gauge] [DEBUG] * localStorageに会員データを注入してリロードする
18-06-2026 14:19:49.901 [Gauge] [DEBUG] * 会員カルテメニューをクリックする
18-06-2026 14:19:49.957 [Gauge] [DEBUG] * コーチング記録追加ボタンをクリックする
18-06-2026 14:19:50.034 [Gauge] [DEBUG] * コーチング種別を "通常コーチング" に選択する
18-06-2026 14:19:50.343 [Gauge] [DEBUG] * コーチング日付に今日を入力する
18-06-2026 14:19:50.354 [Gauge] [DEBUG] * コーチング記録を保存する
18-06-2026 14:19:50.407 [Gauge] [DEBUG] * 管理画面をリロードする
18-06-2026 14:19:50.435 [Gauge] [DEBUG] * 会員カルテメニューをクリックする
18-06-2026 14:19:50.467 [Gauge] [DEBUG] * コーチング記録 "通常コーチング" が表示される
18-06-2026 14:19:50.480 [Gauge] [INFO] # PROGOSスコア登録
18-06-2026 14:19:50.481 [Gauge] [INFO] ## PROGOSスコアを登録するとリロード後に詳細パネルに表示される
18-06-2026 14:19:50.516 [Gauge] [DEBUG] * 職員としてセッションを設定して管理画面を開く（localStorageなし）
18-06-2026 14:19:50.616 [Gauge] [DEBUG] * localStorageに会員データを注入してリロードする
18-06-2026 14:19:50.645 [Gauge] [DEBUG] * 会員カルテメニューをクリックする
18-06-2026 14:19:50.692 [Gauge] [DEBUG] * PROGOSスコア登録ボタンをクリックする
18-06-2026 14:19:50.784 [Gauge] [DEBUG] * PROGOSフォームに最小限の情報を入力する
18-06-2026 14:19:51.022 [Gauge] [DEBUG] * PROGOSスコアを保存する
18-06-2026 14:19:51.071 [Gauge] [DEBUG] * 管理画面をリロードする
18-06-2026 14:19:51.100 [Gauge] [DEBUG] * 会員カルテメニューをクリックする
18-06-2026 14:19:51.133 [Gauge] [DEBUG] * PROGOSスコアが表示される
18-06-2026 14:19:51.147 [Gauge] [INFO] # 継続プラン管理
18-06-2026 14:19:51.148 [Gauge] [INFO] ## 継続プランを追加するとリロード後に詳細パネルに表示される
18-06-2026 14:19:51.183 [Gauge] [DEBUG] * 職員としてセッションを設定して管理画面を開く（localStorageなし）
18-06-2026 14:19:51.284 [Gauge] [DEBUG] * localStorageに会員データを注入してリロードする
18-06-2026 14:19:51.312 [Gauge] [DEBUG] * 会員管理メニューをクリックする
18-06-2026 14:19:51.352 [Gauge] [DEBUG] * 会員 "見本一郎" の行をクリックする
18-06-2026 14:19:51.391 [Gauge] [DEBUG] * 継続プラン追加ボタンをクリックする
18-06-2026 14:19:51.785 [Gauge] [DEBUG] * 継続プランフォームに最小限の情報を入力する
18-06-2026 14:19:52.005 [Gauge] [DEBUG] * 継続プランを保存する
18-06-2026 14:19:52.040 [Gauge] [DEBUG] * 管理画面をリロードする
18-06-2026 14:19:52.075 [Gauge] [DEBUG] * 会員管理メニューをクリックする
18-06-2026 14:19:52.114 [Gauge] [DEBUG] * 会員 "見本一郎" の行をクリックする
18-06-2026 14:19:52.151 [Gauge] [DEBUG] * 継続プランが表示される
18-06-2026 14:19:52.158 [Gauge] [INFO] # 休会設定
18-06-2026 14:19:52.159 [Gauge] [INFO] ## 休会期間を設定するとリロード後にステータスが休会中になる
18-06-2026 14:19:52.195 [Gauge] [DEBUG] * 職員としてセッションを設定して管理画面を開く（localStorageなし）
18-06-2026 14:19:52.295 [Gauge] [DEBUG] * localStorageに会員データを注入してリロードする
18-06-2026 14:19:52.324 [Gauge] [DEBUG] * 会員管理メニューをクリックする
18-06-2026 14:19:52.368 [Gauge] [DEBUG] * 会員 "見本一郎" の行をクリックする
18-06-2026 14:19:52.407 [Gauge] [DEBUG] * 休会設定ボタンをクリックする
18-06-2026 14:19:52.785 [Gauge] [DEBUG] * 休会フォームに今日から "30" 日間の期間を入力する
18-06-2026 14:19:53.001 [Gauge] [DEBUG] * 休会設定を保存する
18-06-2026 14:19:53.040 [Gauge] [DEBUG] * 管理画面をリロードする
18-06-2026 14:19:53.074 [Gauge] [DEBUG] * 会員管理メニューをクリックする
18-06-2026 14:19:53.115 [Gauge] [DEBUG] * 会員 "見本一郎" の行をクリックする
18-06-2026 14:19:53.151 [Gauge] [DEBUG] * 詳細パネルのステータスが "休会中" と表示される
18-06-2026 14:19:53.159 [Gauge] [INFO] # 自動ステータス切り替え
18-06-2026 14:19:53.160 [Gauge] [INFO] ## 卒業日が昨日の会員は管理画面ロード時に卒業ステータスになる
18-06-2026 14:19:53.195 [Gauge] [DEBUG] * 卒業日が昨日の会員データを注入して管理画面を開く
18-06-2026 14:19:53.297 [Gauge] [DEBUG] * 会員管理メニューをクリックする
18-06-2026 14:19:53.334 [Gauge] [DEBUG] * 会員 "見本一郎" の行をクリックする
18-06-2026 14:19:53.377 [Gauge] [DEBUG] * 詳細パネルのステータスが "卒業" と表示される

18-06-2026 14:19:53.383 [Gauge] [INFO] ## 今日が休会期間内の会員は管理画面ロード時に休会中ステータスになる
18-06-2026 14:19:53.419 [Gauge] [DEBUG] * 今日が休会期間内の会員データを注入して管理画面を開く
18-06-2026 14:19:53.519 [Gauge] [DEBUG] * 会員管理メニューをクリックする
18-06-2026 14:19:53.550 [Gauge] [DEBUG] * 会員 "見本一郎" の行をクリックする
18-06-2026 14:19:53.589 [Gauge] [DEBUG] * 詳細パネルのステータスが "休会中" と表示される
18-06-2026 14:19:53.596 [Gauge] [INFO] # 会員ダッシュボード表示値検証
18-06-2026 14:19:53.597 [Gauge] [INFO] ## 3日連続の学習記録があるとストリークが3と表示される
18-06-2026 14:19:53.631 [Gauge] [DEBUG] * "3" 日分の連続学習記録を注入して会員画面を開く
18-06-2026 14:19:53.703 [Gauge] [DEBUG] * ストリーク表示が "3" 日と表示される

18-06-2026 14:19:53.713 [Gauge] [INFO] ## 今日の目標を達成するとグラフが100%!と(MISSING)表示される
18-06-2026 14:19:53.748 [Gauge] [DEBUG] * 今日 "60" 分の学習記録と目標 "60" 分を注入して会員画面を開く
18-06-2026 14:19:53.818 [Gauge] [DEBUG] * 目標円グラフが "100" %!と(MISSING)表示される

18-06-2026 14:19:53.828 [Gauge] [INFO] ## 卒業日が設定されていると卒業カウントダウンが正しく表示される
18-06-2026 14:19:53.863 [Gauge] [DEBUG] * "13" 日後の卒業日で会員データを注入して会員画面を開く
18-06-2026 14:19:53.935 [Gauge] [DEBUG] * 卒業カウントダウンが "13" 日と表示される
18-06-2026 14:19:53.945 [Gauge] [INFO] # 教材進捗・コーチングリマインダー
18-06-2026 14:19:53.946 [Gauge] [INFO] ## 教材選定済みの会員は会員画面に教材進捗が表示される
18-06-2026 14:19:53.979 [Gauge] [DEBUG] * 教材選定済みの会員データを注入して会員画面を開く
18-06-2026 14:19:54.048 [Gauge] [DEBUG] * 教材進捗エリアに教材が表示される

18-06-2026 14:19:54.057 [Gauge] [INFO] ## 最後のコーチングから31日以上経過するとリマインダーが表示される
18-06-2026 14:19:54.093 [Gauge] [DEBUG] * "31" 日前のコーチング記録を持つ会員データを注入して会員画面を開く
18-06-2026 14:19:54.161 [Gauge] [DEBUG] * コーチングリマインダーが表示される
18-06-2026 14:19:54.171 [Gauge] [INFO] # 達成率グラフ
18-06-2026 14:19:54.171 [Gauge] [INFO] ## 学習記録があると達成率グラフが表示される
18-06-2026 14:19:54.205 [Gauge] [DEBUG] * 学習記録を "60" 分注入して会員画面を開く
18-06-2026 14:19:54.297 [Gauge] [DEBUG] * 達成率グラフが表示される

18-06-2026 14:19:54.302 [Gauge] [INFO] ## 期間タブを今週に切り替えてもグラフが表示される
18-06-2026 14:19:54.338 [Gauge] [DEBUG] * 学習記録を "60" 分注入して会員画面を開く
18-06-2026 14:19:54.431 [Gauge] [DEBUG] * 達成率グラフの "week" タブに切り替える
18-06-2026 14:19:54.763 [Gauge] [DEBUG] * 達成率グラフが表示される
18-06-2026 14:19:54.772 [Gauge] [INFO] # 学習履歴カレンダー
18-06-2026 14:19:54.772 [Gauge] [INFO] ## 今日の目標を達成した場合カレンダーに緑セルが表示される
18-06-2026 14:19:54.812 [Gauge] [DEBUG] * 今日 "60" 分の学習記録と目標 "60" 分を注入して会員画面を開く
18-06-2026 14:19:54.885 [Gauge] [DEBUG] * 学習カレンダーに達成済みセルが表示される
18-06-2026 14:19:54.896 [Gauge] [INFO] # 学習記録の編集・削除
18-06-2026 14:19:54.897 [Gauge] [INFO] ## 学習記録を編集するとリロード後も変更が保持される
18-06-2026 14:19:54.931 [Gauge] [DEBUG] * 学習記録を "30" 分注入して会員画面を開く
18-06-2026 14:19:55.022 [Gauge] [DEBUG] * 今日のカレンダーセルをクリックする
18-06-2026 14:19:55.108 [Gauge] [DEBUG] * 学習記録の編集ボタンをクリックする
18-06-2026 14:19:55.149 [Gauge] [DEBUG] * 学習時間を "1" 時間 "0" 分に変更する
18-06-2026 14:19:55.153 [Gauge] [DEBUG] * 記録を保存する
18-06-2026 14:19:55.181 [Gauge] [DEBUG] * 会員画面をリロードする
18-06-2026 14:19:55.197 [Gauge] [DEBUG] * 今日の学習記録が "60" 分で保存されている

18-06-2026 14:19:55.204 [Gauge] [INFO] ## 学習記録を削除するとリロード後も削除が保持される
18-06-2026 14:19:55.240 [Gauge] [DEBUG] * 学習記録を "30" 分注入して会員画面を開く
18-06-2026 14:19:55.330 [Gauge] [DEBUG] * 今日のカレンダーセルをクリックする
18-06-2026 14:19:55.412 [Gauge] [DEBUG] * 学習記録の削除ボタンをクリックする
18-06-2026 14:19:55.947 [Gauge] [DEBUG] * 会員画面をリロードする
18-06-2026 14:19:55.968 [Gauge] [DEBUG] * 学習記録が "0" 件保存されている
18-06-2026 14:19:55.990 [html-report] [DEBUG] Transformed SuiteResult to report structure
18-06-2026 14:19:56.017 [html-report] [INFO] Successfully generated html-report to => /Users/yasuikendo/morrow-world/study_app/e2e/reports/html-report/index.html
18-06-2026 14:19:56.017 [html-report] [DEBUG] Done generating HTML report using theme from /Users/yasuikendo/.gauge/plugins/html-report/4.4.5/themes/default
18-06-2026 14:19:56.017 [Gauge] [DEBUG] Sending kill message to Html Report plugin.
18-06-2026 14:19:56.018 [Gauge] [INFO] Specifications:	17 executed	17 passed	0 failed	0 skipped
18-06-2026 14:19:56.018 [Gauge] [INFO] Scenarios:	26 executed	26 passed	0 failed	0 skipped
18-06-2026 14:19:56.018 [Gauge] [INFO] 
Total time taken: 11.78s
18-06-2026 19:38:25.098 [Gauge] [DEBUG] Created gauge_screenshots_dir at /Users/yasuikendo/morrow-world/study_app/e2e/.gauge/screenshots
18-06-2026 19:38:25.099 [Gauge] [DEBUG] Plugin html-report is already installed.
18-06-2026 19:38:25.099 [Gauge] [DEBUG] Plugin ts is already installed.
18-06-2026 19:38:25.100 [Gauge] [DEBUG] Parsing started.
18-06-2026 19:38:25.100 [Gauge] [DEBUG] Started concepts parsing.
18-06-2026 19:38:25.102 [Gauge] [DEBUG] 0 concepts parsing completed.
18-06-2026 19:38:25.102 [Gauge] [DEBUG] Started specifications parsing.
18-06-2026 19:38:25.102 [Gauge] [DEBUG] 1 specifications parsing completed.
18-06-2026 19:38:25.102 [Gauge] [DEBUG] Parsing completed.
18-06-2026 19:38:25.148 [ts] [ERROR] (node:97307) [DEP0190] DeprecationWarning: Passing args to a child process with shell option true can lead to security vulnerabilities, as the arguments are not escaped, only concatenated.
18-06-2026 19:38:25.148 [ts] [ERROR] (Use `node --trace-deprecation ...` to show where the warning was created)
18-06-2026 19:38:25.983 [Gauge] [DEBUG] Checking updates...
18-06-2026 19:38:25.983 [Gauge] [DEBUG] Downloading https://downloads.gauge.org/plugin/html-report?l=ts&p=html-report,screenshot,ts&o=darwin&a=arm64
18-06-2026 19:38:26.255 [ts] [ERROR] (node:97335) [DEP0180] DeprecationWarning: fs.Stats constructor is deprecated.
18-06-2026 19:38:26.255 [ts] [ERROR] (Use `node --trace-deprecation ...` to show where the warning was created)
18-06-2026 19:38:26.272 [Gauge] [DEBUG] Attempting to connect to grpc server at port: 57332
18-06-2026 19:38:26.272 [Gauge] [DEBUG] Successfully made the connection with runner with port: 57332
18-06-2026 19:38:26.273 [Gauge] [DEBUG] Validation started.
18-06-2026 19:38:26.283 [Gauge] [DEBUG] Validation completed.
18-06-2026 19:38:26.283 [Gauge] [DEBUG] Run started
18-06-2026 19:38:26.284 [Gauge] [DEBUG] Starting Html Report plugin
18-06-2026 19:38:26.320 [html-report] [DEBUG] Setting MaxRecvMsgSize = 1024 MB
18-06-2026 19:38:26.320 [Gauge] [DEBUG] Attempting to connect to grpc server at port: 57335
18-06-2026 19:38:26.320 [Gauge] [DEBUG] Successfully made the connection with plugin with port: 57335
18-06-2026 19:38:26.320 [Gauge] [DEBUG] Initialising suite data store.
18-06-2026 19:38:26.613 [Gauge] [DEBUG] Downloading https://downloads.gauge.org/plugin/screenshot?l=ts&p=html-report,screenshot,ts&o=darwin&a=arm64
18-06-2026 19:38:26.702 [Gauge] [DEBUG] Downloading https://downloads.gauge.org/plugin/ts?l=ts&p=html-report,screenshot,ts&o=darwin&a=arm64
18-06-2026 19:38:26.983 [Gauge] [INFO] # 会員ログイン
18-06-2026 19:38:26.987 [Gauge] [INFO] ## 会員が正常にログインして会員ダッシュボードに遷移する
18-06-2026 19:38:27.186 [Gauge] [DEBUG] * ログインページを開く
18-06-2026 19:38:27.271 [Gauge] [DEBUG] * 会員 "student_10001@example.jp" / "student10001" でログインする
18-06-2026 19:38:27.376 [Gauge] [DEBUG] * 会員ダッシュボード（ホーム画面）が表示される

18-06-2026 19:38:27.411 [Gauge] [INFO] ## 誤ったパスワードでログインするとエラーが表示される
18-06-2026 19:38:27.446 [Gauge] [DEBUG] * ログインページを開く
18-06-2026 19:38:27.472 [Gauge] [DEBUG] * 会員 "student_10001@example.jp" / "wrongpassword" でログインする
18-06-2026 19:38:27.537 [Gauge] [DEBUG] * ログインエラーメッセージが表示される

18-06-2026 19:38:27.542 [Gauge] [INFO] ## 未登録メールアドレスでログインするとエラーが表示される
18-06-2026 19:38:27.577 [Gauge] [DEBUG] * ログインページを開く
18-06-2026 19:38:27.603 [Gauge] [DEBUG] * 会員 "unknown@example.jp" / "anypassword" でログインする
18-06-2026 19:38:27.670 [Gauge] [DEBUG] * ログインエラーメッセージが表示される
18-06-2026 19:38:27.689 [html-report] [DEBUG] Transformed SuiteResult to report structure
18-06-2026 19:38:27.697 [html-report] [INFO] Successfully generated html-report to => /Users/yasuikendo/morrow-world/study_app/e2e/reports/html-report/index.html
18-06-2026 19:38:27.697 [html-report] [DEBUG] Done generating HTML report using theme from /Users/yasuikendo/.gauge/plugins/html-report/4.4.5/themes/default
18-06-2026 19:38:27.697 [Gauge] [DEBUG] Sending kill message to Html Report plugin.
18-06-2026 19:38:27.698 [Gauge] [INFO] Specifications:	1 executed	1 passed	0 failed	0 skipped
18-06-2026 19:38:27.698 [Gauge] [INFO] Scenarios:	3 executed	3 passed	0 failed	0 skipped
18-06-2026 19:38:27.698 [Gauge] [INFO] 
Total time taken: 1.404s
18-06-2026 19:38:27.698 [Gauge] [INFO] Updates are available. Run `gauge update -c` for more info.
18-06-2026 19:38:50.089 [Gauge] [DEBUG] Created gauge_screenshots_dir at /Users/yasuikendo/morrow-world/study_app/e2e/.gauge/screenshots
18-06-2026 19:38:50.090 [Gauge] [DEBUG] Plugin html-report is already installed.
18-06-2026 19:38:50.090 [Gauge] [DEBUG] Plugin ts is already installed.
18-06-2026 19:38:50.091 [Gauge] [DEBUG] Parsing started.
18-06-2026 19:38:50.091 [Gauge] [DEBUG] Started concepts parsing.
18-06-2026 19:38:50.091 [Gauge] [DEBUG] 0 concepts parsing completed.
18-06-2026 19:38:50.091 [Gauge] [DEBUG] Started specifications parsing.
18-06-2026 19:38:50.092 [Gauge] [DEBUG] 1 specifications parsing completed.
18-06-2026 19:38:50.092 [Gauge] [DEBUG] Parsing completed.
18-06-2026 19:38:50.134 [ts] [ERROR] (node:97582) [DEP0190] DeprecationWarning: Passing args to a child process with shell option true can lead to security vulnerabilities, as the arguments are not escaped, only concatenated.
18-06-2026 19:38:50.134 [ts] [ERROR] (Use `node --trace-deprecation ...` to show where the warning was created)
18-06-2026 19:38:50.253 [Gauge] [DEBUG] Checking updates...
18-06-2026 19:38:50.253 [Gauge] [DEBUG] Downloading https://downloads.gauge.org/plugin/html-report?l=ts&p=html-report,screenshot,ts&o=darwin&a=arm64
18-06-2026 19:38:50.600 [Gauge] [DEBUG] Downloading https://downloads.gauge.org/plugin/screenshot?l=ts&p=html-report,screenshot,ts&o=darwin&a=arm64
18-06-2026 19:38:50.687 [Gauge] [DEBUG] Downloading https://downloads.gauge.org/plugin/ts?l=ts&p=html-report,screenshot,ts&o=darwin&a=arm64
18-06-2026 19:38:51.184 [ts] [ERROR] (node:97610) [DEP0180] DeprecationWarning: fs.Stats constructor is deprecated.
18-06-2026 19:38:51.184 [ts] [ERROR] (Use `node --trace-deprecation ...` to show where the warning was created)
18-06-2026 19:38:51.200 [Gauge] [DEBUG] Attempting to connect to grpc server at port: 57352
18-06-2026 19:38:51.200 [Gauge] [DEBUG] Successfully made the connection with runner with port: 57352
18-06-2026 19:38:51.200 [Gauge] [DEBUG] Validation started.
18-06-2026 19:38:51.209 [Gauge] [DEBUG] Validation completed.
18-06-2026 19:38:51.210 [Gauge] [DEBUG] Run started
18-06-2026 19:38:51.210 [Gauge] [DEBUG] Starting Html Report plugin
18-06-2026 19:38:51.261 [Gauge] [DEBUG] Attempting to connect to grpc server at port: 57355
18-06-2026 19:38:51.261 [Gauge] [DEBUG] Successfully made the connection with plugin with port: 57355
18-06-2026 19:38:51.261 [Gauge] [DEBUG] Initialising suite data store.
18-06-2026 19:38:51.899 [Gauge] [INFO] # 学習記録の入力
18-06-2026 19:38:51.902 [Gauge] [INFO] ## 会員が学習記録を入力して保存できる
18-06-2026 19:38:52.150 [Gauge] [DEBUG] * 会員としてセッションを設定して会員画面を開く
18-06-2026 19:38:52.345 [Gauge] [DEBUG] * 学習記録ボタンをクリックする
18-06-2026 19:38:52.429 [Gauge] [DEBUG] * 学習日 "2026-06-01" を入力する
18-06-2026 19:38:52.434 [Gauge] [DEBUG] * 教材を選択する
18-06-2026 19:38:52.440 [Gauge] [DEBUG] * 学習時間 "30" 分を選択する
18-06-2026 19:38:52.443 [Gauge] [DEBUG] * 記録を保存する
18-06-2026 19:38:52.471 [Gauge] [DEBUG] * 会員画面をリロードする
18-06-2026 19:38:52.489 [Gauge] [DEBUG] * カレンダーに "2026-06-01" の記録が表示される
18-06-2026 19:38:52.512 [html-report] [DEBUG] Transformed SuiteResult to report structure
18-06-2026 19:38:52.519 [html-report] [INFO] Successfully generated html-report to => /Users/yasuikendo/morrow-world/study_app/e2e/reports/html-report/index.html
18-06-2026 19:38:52.519 [html-report] [DEBUG] Done generating HTML report using theme from /Users/yasuikendo/.gauge/plugins/html-report/4.4.5/themes/default
18-06-2026 19:38:52.519 [Gauge] [DEBUG] Sending kill message to Html Report plugin.
18-06-2026 19:38:52.520 [Gauge] [INFO] Specifications:	1 executed	1 passed	0 failed	0 skipped
18-06-2026 19:38:52.520 [Gauge] [INFO] Scenarios:	1 executed	1 passed	0 failed	0 skipped
18-06-2026 19:38:52.520 [Gauge] [INFO] 
Total time taken: 1.301s
18-06-2026 19:38:52.520 [Gauge] [INFO] Updates are available. Run `gauge update -c` for more info.
18-06-2026 19:39:09.489 [Gauge] [DEBUG] Created gauge_screenshots_dir at /Users/yasuikendo/morrow-world/study_app/e2e/.gauge/screenshots
18-06-2026 19:39:09.489 [Gauge] [DEBUG] Plugin ts is already installed.
18-06-2026 19:39:09.490 [Gauge] [DEBUG] Plugin html-report is already installed.
18-06-2026 19:39:09.490 [Gauge] [DEBUG] Parsing started.
18-06-2026 19:39:09.490 [Gauge] [DEBUG] Started concepts parsing.
18-06-2026 19:39:09.490 [Gauge] [DEBUG] 0 concepts parsing completed.
18-06-2026 19:39:09.490 [Gauge] [DEBUG] Started specifications parsing.
18-06-2026 19:39:09.491 [Gauge] [DEBUG] 1 specifications parsing completed.
18-06-2026 19:39:09.491 [Gauge] [DEBUG] Parsing completed.
18-06-2026 19:39:09.533 [ts] [ERROR] (node:97796) [DEP0190] DeprecationWarning: Passing args to a child process with shell option true can lead to security vulnerabilities, as the arguments are not escaped, only concatenated.
18-06-2026 19:39:09.533 [ts] [ERROR] (Use `node --trace-deprecation ...` to show where the warning was created)
18-06-2026 19:39:09.603 [Gauge] [DEBUG] Checking updates...
18-06-2026 19:39:09.604 [Gauge] [DEBUG] Downloading https://downloads.gauge.org/plugin/html-report?l=ts&p=html-report,screenshot,ts&o=darwin&a=arm64
18-06-2026 19:39:09.909 [Gauge] [DEBUG] Downloading https://downloads.gauge.org/plugin/screenshot?l=ts&p=html-report,screenshot,ts&o=darwin&a=arm64
18-06-2026 19:39:09.996 [Gauge] [DEBUG] Downloading https://downloads.gauge.org/plugin/ts?l=ts&p=html-report,screenshot,ts&o=darwin&a=arm64
18-06-2026 19:39:10.343 [ts] [ERROR] (node:97824) [DEP0180] DeprecationWarning: fs.Stats constructor is deprecated.
18-06-2026 19:39:10.343 [ts] [ERROR] (Use `node --trace-deprecation ...` to show where the warning was created)
18-06-2026 19:39:10.349 [Gauge] [DEBUG] Attempting to connect to grpc server at port: 57366
18-06-2026 19:39:10.349 [Gauge] [DEBUG] Successfully made the connection with runner with port: 57366
18-06-2026 19:39:10.349 [Gauge] [DEBUG] Validation started.
18-06-2026 19:39:10.355 [Gauge] [DEBUG] Validation completed.
18-06-2026 19:39:10.355 [Gauge] [DEBUG] Run started
18-06-2026 19:39:10.356 [Gauge] [DEBUG] Starting Html Report plugin
18-06-2026 19:39:10.363 [Gauge] [DEBUG] Attempting to connect to grpc server at port: 57369
18-06-2026 19:39:10.363 [Gauge] [DEBUG] Successfully made the connection with plugin with port: 57369
18-06-2026 19:39:10.363 [Gauge] [DEBUG] Initialising suite data store.
18-06-2026 19:39:10.834 [Gauge] [INFO] # 会員ログイン
18-06-2026 19:39:10.838 [Gauge] [INFO] ## 会員が正常にログインして会員ダッシュボードに遷移する
18-06-2026 19:39:10.883 [Gauge] [DEBUG] * ログインページを開く
18-06-2026 19:39:10.914 [Gauge] [DEBUG] * 会員 "student_10001@example.jp" / "student10001" でログインする
18-06-2026 19:39:10.995 [Gauge] [DEBUG] * 会員ダッシュボード（ホーム画面）が表示される

18-06-2026 19:39:11.060 [html-report] [DEBUG] Transformed SuiteResult to report structure
18-06-2026 19:39:11.063 [html-report] [INFO] Successfully generated html-report to => /Users/yasuikendo/morrow-world/study_app/e2e/reports/html-report/index.html
18-06-2026 19:39:11.063 [html-report] [DEBUG] Done generating HTML report using theme from /Users/yasuikendo/.gauge/plugins/html-report/4.4.5/themes/default
18-06-2026 19:39:11.063 [Gauge] [DEBUG] Sending kill message to Html Report plugin.
18-06-2026 19:39:11.064 [Gauge] [INFO] Specifications:	1 executed	1 passed	0 failed	0 skipped
18-06-2026 19:39:11.064 [Gauge] [INFO] Scenarios:	1 executed	1 passed	0 failed	0 skipped
18-06-2026 19:39:11.064 [Gauge] [INFO] 
Total time taken: 704ms
18-06-2026 19:39:11.064 [Gauge] [INFO] Updates are available. Run `gauge update -c` for more info.
18-06-2026 19:39:19.116 [Gauge] [DEBUG] Created gauge_screenshots_dir at /Users/yasuikendo/morrow-world/study_app/e2e/.gauge/screenshots
18-06-2026 19:39:19.117 [Gauge] [DEBUG] Plugin ts is already installed.
18-06-2026 19:39:19.117 [Gauge] [DEBUG] Plugin html-report is already installed.
18-06-2026 19:39:19.117 [Gauge] [DEBUG] Parsing started.
18-06-2026 19:39:19.117 [Gauge] [DEBUG] Started concepts parsing.
18-06-2026 19:39:19.118 [Gauge] [DEBUG] 0 concepts parsing completed.
18-06-2026 19:39:19.118 [Gauge] [DEBUG] Started specifications parsing.
18-06-2026 19:39:19.118 [Gauge] [DEBUG] 1 specifications parsing completed.
18-06-2026 19:39:19.118 [Gauge] [DEBUG] Parsing completed.
18-06-2026 19:39:19.161 [ts] [ERROR] (node:97924) [DEP0190] DeprecationWarning: Passing args to a child process with shell option true can lead to security vulnerabilities, as the arguments are not escaped, only concatenated.
18-06-2026 19:39:19.161 [ts] [ERROR] (Use `node --trace-deprecation ...` to show where the warning was created)
18-06-2026 19:39:19.546 [Gauge] [DEBUG] Checking updates...
18-06-2026 19:39:19.547 [Gauge] [DEBUG] Downloading https://downloads.gauge.org/plugin/html-report?l=ts&p=html-report,screenshot,ts&o=darwin&a=arm64
18-06-2026 19:39:19.947 [ts] [ERROR] (node:97952) [DEP0180] DeprecationWarning: fs.Stats constructor is deprecated.
18-06-2026 19:39:19.947 [ts] [ERROR] (Use `node --trace-deprecation ...` to show where the warning was created)
18-06-2026 19:39:19.953 [Gauge] [DEBUG] Attempting to connect to grpc server at port: 57379
18-06-2026 19:39:19.953 [Gauge] [DEBUG] Successfully made the connection with runner with port: 57379
18-06-2026 19:39:19.953 [Gauge] [DEBUG] Validation started.
18-06-2026 19:39:19.959 [Gauge] [DEBUG] Validation completed.
18-06-2026 19:39:19.959 [Gauge] [DEBUG] Run started
18-06-2026 19:39:19.959 [Gauge] [DEBUG] Starting Html Report plugin
18-06-2026 19:39:19.967 [html-report] [DEBUG] Setting MaxRecvMsgSize = 1024 MB
18-06-2026 19:39:19.967 [Gauge] [DEBUG] Attempting to connect to grpc server at port: 57382
18-06-2026 19:39:19.967 [Gauge] [DEBUG] Successfully made the connection with plugin with port: 57382
18-06-2026 19:39:19.967 [Gauge] [DEBUG] Initialising suite data store.
18-06-2026 19:39:20.036 [Gauge] [DEBUG] Downloading https://downloads.gauge.org/plugin/screenshot?l=ts&p=html-report,screenshot,ts&o=darwin&a=arm64
18-06-2026 19:39:20.199 [Gauge] [DEBUG] Downloading https://downloads.gauge.org/plugin/ts?l=ts&p=html-report,screenshot,ts&o=darwin&a=arm64
18-06-2026 19:39:20.440 [Gauge] [INFO] # 会員ログイン
18-06-2026 19:39:20.444 [Gauge] [INFO] ## 誤ったパスワードでログインするとエラーが表示される
18-06-2026 19:39:20.494 [Gauge] [DEBUG] * ログインページを開く
18-06-2026 19:39:20.532 [Gauge] [DEBUG] * 会員 "student_10001@example.jp" / "wrongpassword" でログインする
18-06-2026 19:39:20.605 [Gauge] [DEBUG] * ログインエラーメッセージが表示される

18-06-2026 19:39:20.626 [html-report] [DEBUG] Transformed SuiteResult to report structure
18-06-2026 19:39:20.629 [html-report] [INFO] Successfully generated html-report to => /Users/yasuikendo/morrow-world/study_app/e2e/reports/html-report/index.html
18-06-2026 19:39:20.629 [html-report] [DEBUG] Done generating HTML report using theme from /Users/yasuikendo/.gauge/plugins/html-report/4.4.5/themes/default
18-06-2026 19:39:20.629 [Gauge] [DEBUG] Sending kill message to Html Report plugin.
18-06-2026 19:39:20.630 [Gauge] [INFO] Specifications:	1 executed	1 passed	0 failed	0 skipped
18-06-2026 19:39:20.630 [Gauge] [INFO] Scenarios:	1 executed	1 passed	0 failed	0 skipped
18-06-2026 19:39:20.630 [Gauge] [INFO] 
Total time taken: 667ms
18-06-2026 19:39:20.630 [Gauge] [INFO] Updates are available. Run `gauge update -c` for more info.
18-06-2026 19:39:33.631 [Gauge] [DEBUG] Created gauge_screenshots_dir at /Users/yasuikendo/morrow-world/study_app/e2e/.gauge/screenshots
18-06-2026 19:39:33.632 [Gauge] [DEBUG] Plugin ts is already installed.
18-06-2026 19:39:33.632 [Gauge] [DEBUG] Plugin html-report is already installed.
18-06-2026 19:39:33.632 [Gauge] [DEBUG] Parsing started.
18-06-2026 19:39:33.632 [Gauge] [DEBUG] Started concepts parsing.
18-06-2026 19:39:33.633 [Gauge] [DEBUG] 0 concepts parsing completed.
18-06-2026 19:39:33.633 [Gauge] [DEBUG] Started specifications parsing.
18-06-2026 19:39:33.634 [Gauge] [DEBUG] 1 specifications parsing completed.
18-06-2026 19:39:33.634 [Gauge] [DEBUG] Parsing completed.
18-06-2026 19:39:33.678 [ts] [ERROR] (node:98093) [DEP0190] DeprecationWarning: Passing args to a child process with shell option true can lead to security vulnerabilities, as the arguments are not escaped, only concatenated.
18-06-2026 19:39:33.678 [ts] [ERROR] (Use `node --trace-deprecation ...` to show where the warning was created)
18-06-2026 19:39:33.876 [Gauge] [DEBUG] Checking updates...
18-06-2026 19:39:33.877 [Gauge] [DEBUG] Downloading https://downloads.gauge.org/plugin/html-report?l=ts&p=html-report,screenshot,ts&o=darwin&a=arm64
18-06-2026 19:39:34.301 [Gauge] [DEBUG] Downloading https://downloads.gauge.org/plugin/screenshot?l=ts&p=html-report,screenshot,ts&o=darwin&a=arm64
18-06-2026 19:39:34.386 [Gauge] [DEBUG] Downloading https://downloads.gauge.org/plugin/ts?l=ts&p=html-report,screenshot,ts&o=darwin&a=arm64
18-06-2026 19:39:34.503 [ts] [ERROR] (node:98121) [DEP0180] DeprecationWarning: fs.Stats constructor is deprecated.
18-06-2026 19:39:34.503 [ts] [ERROR] (Use `node --trace-deprecation ...` to show where the warning was created)
18-06-2026 19:39:34.508 [Gauge] [DEBUG] Attempting to connect to grpc server at port: 57390
18-06-2026 19:39:34.508 [Gauge] [DEBUG] Successfully made the connection with runner with port: 57390
18-06-2026 19:39:34.508 [Gauge] [DEBUG] Validation started.
18-06-2026 19:39:34.515 [Gauge] [DEBUG] Validation completed.
18-06-2026 19:39:34.515 [Gauge] [DEBUG] Run started
18-06-2026 19:39:34.515 [Gauge] [DEBUG] Starting Html Report plugin
18-06-2026 19:39:34.523 [html-report] [DEBUG] Setting MaxRecvMsgSize = 1024 MB
18-06-2026 19:39:34.523 [Gauge] [DEBUG] Attempting to connect to grpc server at port: 57393
18-06-2026 19:39:34.524 [Gauge] [DEBUG] Successfully made the connection with plugin with port: 57393
18-06-2026 19:39:34.524 [Gauge] [DEBUG] Initialising suite data store.
18-06-2026 19:39:35.042 [Gauge] [INFO] # 会員ログイン
18-06-2026 19:39:35.047 [Gauge] [INFO] ## 会員が正常にログインして会員ダッシュボードに遷移する
18-06-2026 19:39:35.094 [Gauge] [DEBUG] * ログインページを開く
18-06-2026 19:39:35.125 [Gauge] [DEBUG] * 会員 "student_10001@example.jp" / "student10001" でログインする
18-06-2026 19:39:35.207 [Gauge] [DEBUG] * 会員ダッシュボード（ホーム画面）が表示される

18-06-2026 19:39:35.246 [html-report] [DEBUG] Transformed SuiteResult to report structure
18-06-2026 19:39:35.250 [html-report] [INFO] Successfully generated html-report to => /Users/yasuikendo/morrow-world/study_app/e2e/reports/html-report/index.html
18-06-2026 19:39:35.250 [html-report] [DEBUG] Done generating HTML report using theme from /Users/yasuikendo/.gauge/plugins/html-report/4.4.5/themes/default
18-06-2026 19:39:35.250 [Gauge] [DEBUG] Sending kill message to Html Report plugin.
18-06-2026 19:39:35.251 [Gauge] [INFO] Specifications:	1 executed	1 passed	0 failed	0 skipped
18-06-2026 19:39:35.251 [Gauge] [INFO] Scenarios:	1 executed	1 passed	0 failed	0 skipped
18-06-2026 19:39:35.251 [Gauge] [INFO] 
Total time taken: 730ms
18-06-2026 19:39:35.251 [Gauge] [INFO] Updates are available. Run `gauge update -c` for more info.
18-06-2026 19:39:58.665 [Gauge] [DEBUG] Created gauge_screenshots_dir at /Users/yasuikendo/morrow-world/study_app/e2e/.gauge/screenshots
18-06-2026 19:39:58.665 [Gauge] [DEBUG] Plugin ts is already installed.
18-06-2026 19:39:58.666 [Gauge] [DEBUG] Plugin html-report is already installed.
18-06-2026 19:39:58.666 [Gauge] [DEBUG] Parsing started.
18-06-2026 19:39:58.666 [Gauge] [DEBUG] Started concepts parsing.
18-06-2026 19:39:58.667 [Gauge] [DEBUG] 0 concepts parsing completed.
18-06-2026 19:39:58.667 [Gauge] [DEBUG] Started specifications parsing.
18-06-2026 19:39:58.667 [Gauge] [DEBUG] 1 specifications parsing completed.
18-06-2026 19:39:58.667 [Gauge] [DEBUG] Parsing completed.
18-06-2026 19:39:58.708 [ts] [ERROR] (node:98348) [DEP0190] DeprecationWarning: Passing args to a child process with shell option true can lead to security vulnerabilities, as the arguments are not escaped, only concatenated.
18-06-2026 19:39:58.708 [ts] [ERROR] (Use `node --trace-deprecation ...` to show where the warning was created)
18-06-2026 19:39:58.789 [Gauge] [DEBUG] Checking updates...
18-06-2026 19:39:58.790 [Gauge] [DEBUG] Downloading https://downloads.gauge.org/plugin/html-report?l=ts&p=html-report,screenshot,ts&o=darwin&a=arm64
18-06-2026 19:39:59.086 [Gauge] [DEBUG] Downloading https://downloads.gauge.org/plugin/screenshot?l=ts&p=html-report,screenshot,ts&o=darwin&a=arm64
18-06-2026 19:39:59.271 [Gauge] [DEBUG] Downloading https://downloads.gauge.org/plugin/ts?l=ts&p=html-report,screenshot,ts&o=darwin&a=arm64
18-06-2026 19:39:59.505 [ts] [ERROR] (node:98376) [DEP0180] DeprecationWarning: fs.Stats constructor is deprecated.
18-06-2026 19:39:59.505 [ts] [ERROR] (Use `node --trace-deprecation ...` to show where the warning was created)
18-06-2026 19:39:59.520 [Gauge] [DEBUG] Attempting to connect to grpc server at port: 57404
18-06-2026 19:39:59.520 [Gauge] [DEBUG] Successfully made the connection with runner with port: 57404
18-06-2026 19:39:59.520 [Gauge] [DEBUG] Validation started.
18-06-2026 19:39:59.529 [Gauge] [DEBUG] Validation completed.
18-06-2026 19:39:59.529 [Gauge] [DEBUG] Run started
18-06-2026 19:39:59.530 [Gauge] [DEBUG] Starting Html Report plugin
18-06-2026 19:39:59.539 [Gauge] [DEBUG] Attempting to connect to grpc server at port: 57407
18-06-2026 19:39:59.539 [Gauge] [DEBUG] Successfully made the connection with plugin with port: 57407
18-06-2026 19:39:59.539 [Gauge] [DEBUG] Initialising suite data store.
18-06-2026 19:40:00.018 [Gauge] [INFO] # 学習記録の入力
18-06-2026 19:40:00.022 [Gauge] [INFO] ## 会員が学習記録を入力して保存できる
18-06-2026 19:40:00.067 [Gauge] [DEBUG] * 会員としてセッションを設定して会員画面を開く
18-06-2026 19:40:00.170 [Gauge] [DEBUG] * 学習記録ボタンをクリックする
18-06-2026 19:40:00.210 [Gauge] [DEBUG] * 学習日 "2026-06-01" を入力する
18-06-2026 19:40:00.214 [Gauge] [DEBUG] * 教材を選択する
18-06-2026 19:40:00.239 [Gauge] [DEBUG] * 学習時間 "30" 分を選択する
18-06-2026 19:40:00.243 [Gauge] [DEBUG] * 記録を保存する
18-06-2026 19:40:00.271 [Gauge] [DEBUG] * 会員画面をリロードする
18-06-2026 19:40:00.288 [Gauge] [DEBUG] * カレンダーに "2026-06-01" の記録が表示される
18-06-2026 19:40:00.309 [html-report] [DEBUG] Transformed SuiteResult to report structure
18-06-2026 19:40:00.313 [html-report] [INFO] Successfully generated html-report to => /Users/yasuikendo/morrow-world/study_app/e2e/reports/html-report/index.html
18-06-2026 19:40:00.313 [html-report] [DEBUG] Done generating HTML report using theme from /Users/yasuikendo/.gauge/plugins/html-report/4.4.5/themes/default
18-06-2026 19:40:00.313 [Gauge] [DEBUG] Sending kill message to Html Report plugin.
18-06-2026 19:40:00.314 [Gauge] [INFO] Specifications:	1 executed	1 passed	0 failed	0 skipped
18-06-2026 19:40:00.314 [Gauge] [INFO] Scenarios:	1 executed	1 passed	0 failed	0 skipped
18-06-2026 19:40:00.314 [Gauge] [INFO] 
Total time taken: 779ms
18-06-2026 19:40:00.314 [Gauge] [INFO] Updates are available. Run `gauge update -c` for more info.
18-06-2026 19:40:58.256 [Gauge] [DEBUG] Created gauge_screenshots_dir at /Users/yasuikendo/morrow-world/study_app/e2e/.gauge/screenshots
18-06-2026 19:40:58.256 [Gauge] [DEBUG] Plugin ts is already installed.
18-06-2026 19:40:58.257 [Gauge] [DEBUG] Plugin html-report is already installed.
18-06-2026 19:40:58.257 [Gauge] [DEBUG] Parsing started.
18-06-2026 19:40:58.257 [Gauge] [DEBUG] Started concepts parsing.
18-06-2026 19:40:58.257 [Gauge] [DEBUG] 0 concepts parsing completed.
18-06-2026 19:40:58.257 [Gauge] [DEBUG] Started specifications parsing.
18-06-2026 19:40:58.257 [Gauge] [DEBUG] 2 specifications parsing completed.
18-06-2026 19:40:58.257 [Gauge] [DEBUG] Parsing completed.
18-06-2026 19:40:58.288 [ts] [ERROR] (node:98921) [DEP0190] DeprecationWarning: Passing args to a child process with shell option true can lead to security vulnerabilities, as the arguments are not escaped, only concatenated.
18-06-2026 19:40:58.288 [ts] [ERROR] (Use `node --trace-deprecation ...` to show where the warning was created)
18-06-2026 19:40:59.084 [ts] [ERROR] (node:98952) [DEP0180] DeprecationWarning: fs.Stats constructor is deprecated.
18-06-2026 19:40:59.084 [ts] [ERROR] (Use `node --trace-deprecation ...` to show where the warning was created)
18-06-2026 19:40:59.097 [Gauge] [DEBUG] Attempting to connect to grpc server at port: 57419
18-06-2026 19:40:59.097 [Gauge] [DEBUG] Successfully made the connection with runner with port: 57419
18-06-2026 19:40:59.097 [Gauge] [DEBUG] Validation started.
18-06-2026 19:40:59.113 [Gauge] [DEBUG] Validation completed.
18-06-2026 19:40:59.113 [Gauge] [DEBUG] Run started
18-06-2026 19:40:59.115 [Gauge] [DEBUG] Starting Html Report plugin
18-06-2026 19:40:59.123 [html-report] [DEBUG] Setting MaxRecvMsgSize = 1024 MB
18-06-2026 19:40:59.123 [Gauge] [DEBUG] Attempting to connect to grpc server at port: 57422
18-06-2026 19:40:59.123 [Gauge] [DEBUG] Successfully made the connection with plugin with port: 57422
18-06-2026 19:40:59.123 [Gauge] [DEBUG] Initialising suite data store.
18-06-2026 19:40:59.146 [Gauge] [DEBUG] Checking updates...
18-06-2026 19:40:59.146 [Gauge] [DEBUG] Downloading https://downloads.gauge.org/plugin/html-report?l=ts&p=html-report,screenshot,ts&o=darwin&a=arm64
18-06-2026 19:40:59.488 [Gauge] [DEBUG] Downloading https://downloads.gauge.org/plugin/screenshot?l=ts&p=html-report,screenshot,ts&o=darwin&a=arm64
18-06-2026 19:40:59.576 [Gauge] [DEBUG] Downloading https://downloads.gauge.org/plugin/ts?l=ts&p=html-report,screenshot,ts&o=darwin&a=arm64
18-06-2026 19:40:59.701 [Gauge] [INFO] # 会員ログイン
18-06-2026 19:40:59.703 [Gauge] [INFO] ## 会員が正常にログインして会員ダッシュボードに遷移する
18-06-2026 19:40:59.766 [Gauge] [DEBUG] * ログインページを開く
18-06-2026 19:40:59.800 [Gauge] [DEBUG] * 会員 "student_10001@example.jp" / "student10001" でログインする
18-06-2026 19:40:59.868 [Gauge] [DEBUG] * 会員ダッシュボード（ホーム画面）が表示される

18-06-2026 19:40:59.894 [Gauge] [INFO] ## 誤ったパスワードでログインするとエラーが表示される
18-06-2026 19:40:59.928 [Gauge] [DEBUG] * ログインページを開く
18-06-2026 19:40:59.958 [Gauge] [DEBUG] * 会員 "student_10001@example.jp" / "wrongpassword" でログインする
18-06-2026 19:41:00.021 [Gauge] [DEBUG] * ログインエラーメッセージが表示される

18-06-2026 19:41:00.026 [Gauge] [INFO] ## 未登録メールアドレスでログインするとエラーが表示される
18-06-2026 19:41:00.061 [Gauge] [DEBUG] * ログインページを開く
18-06-2026 19:41:00.089 [Gauge] [DEBUG] * 会員 "unknown@example.jp" / "anypassword" でログインする
18-06-2026 19:41:00.154 [Gauge] [DEBUG] * ログインエラーメッセージが表示される
18-06-2026 19:41:00.160 [Gauge] [INFO] # 職員（コーチ）ログイン
18-06-2026 19:41:00.160 [Gauge] [INFO] ## sessionStorage から管理画面を直接開ける
18-06-2026 19:41:00.194 [Gauge] [DEBUG] * 職員としてセッションを設定して管理画面を開く
18-06-2026 19:41:00.295 [Gauge] [DEBUG] * 管理画面（ダッシュボード）が表示される
18-06-2026 19:41:00.302 [Gauge] [DEBUG] * サイドバーが表示される
18-06-2026 19:41:00.323 [html-report] [DEBUG] Transformed SuiteResult to report structure
18-06-2026 19:41:00.328 [html-report] [INFO] Successfully generated html-report to => /Users/yasuikendo/morrow-world/study_app/e2e/reports/html-report/index.html
18-06-2026 19:41:00.328 [html-report] [DEBUG] Done generating HTML report using theme from /Users/yasuikendo/.gauge/plugins/html-report/4.4.5/themes/default
18-06-2026 19:41:00.328 [Gauge] [DEBUG] Sending kill message to Html Report plugin.
18-06-2026 19:41:00.329 [Gauge] [INFO] Specifications:	2 executed	2 passed	0 failed	0 skipped
18-06-2026 19:41:00.329 [Gauge] [INFO] Scenarios:	4 executed	4 passed	0 failed	0 skipped
18-06-2026 19:41:00.329 [Gauge] [INFO] 
Total time taken: 1.208s
18-06-2026 19:41:00.329 [Gauge] [INFO] Updates are available. Run `gauge update -c` for more info.
18-06-2026 19:41:29.161 [Gauge] [DEBUG] Created gauge_screenshots_dir at /Users/yasuikendo/morrow-world/study_app/e2e/.gauge/screenshots
18-06-2026 19:41:29.162 [Gauge] [DEBUG] Plugin ts is already installed.
18-06-2026 19:41:29.162 [Gauge] [DEBUG] Plugin html-report is already installed.
18-06-2026 19:41:29.162 [Gauge] [DEBUG] Parsing started.
18-06-2026 19:41:29.162 [Gauge] [DEBUG] Started concepts parsing.
18-06-2026 19:41:29.162 [Gauge] [DEBUG] 0 concepts parsing completed.
18-06-2026 19:41:29.162 [Gauge] [DEBUG] Started specifications parsing.
18-06-2026 19:41:29.163 [Gauge] [DEBUG] 2 specifications parsing completed.
18-06-2026 19:41:29.163 [Gauge] [DEBUG] Parsing completed.
18-06-2026 19:41:29.193 [ts] [ERROR] (node:99247) [DEP0190] DeprecationWarning: Passing args to a child process with shell option true can lead to security vulnerabilities, as the arguments are not escaped, only concatenated.
18-06-2026 19:41:29.193 [ts] [ERROR] (Use `node --trace-deprecation ...` to show where the warning was created)
18-06-2026 19:41:29.260 [Gauge] [DEBUG] Checking updates...
18-06-2026 19:41:29.260 [Gauge] [DEBUG] Downloading https://downloads.gauge.org/plugin/html-report?l=ts&p=html-report,screenshot,ts&o=darwin&a=arm64
18-06-2026 19:41:29.542 [Gauge] [DEBUG] Downloading https://downloads.gauge.org/plugin/screenshot?l=ts&p=html-report,screenshot,ts&o=darwin&a=arm64
18-06-2026 19:41:29.629 [Gauge] [DEBUG] Downloading https://downloads.gauge.org/plugin/ts?l=ts&p=html-report,screenshot,ts&o=darwin&a=arm64
18-06-2026 19:41:29.993 [ts] [ERROR] (node:99286) [DEP0180] DeprecationWarning: fs.Stats constructor is deprecated.
18-06-2026 19:41:29.993 [ts] [ERROR] (Use `node --trace-deprecation ...` to show where the warning was created)
18-06-2026 19:41:29.998 [Gauge] [DEBUG] Attempting to connect to grpc server at port: 57441
18-06-2026 19:41:29.998 [Gauge] [DEBUG] Successfully made the connection with runner with port: 57441
18-06-2026 19:41:29.998 [Gauge] [DEBUG] Validation started.
18-06-2026 19:41:30.006 [Gauge] [DEBUG] Validation completed.
18-06-2026 19:41:30.006 [Gauge] [DEBUG] Run started
18-06-2026 19:41:30.007 [Gauge] [DEBUG] Starting Html Report plugin
18-06-2026 19:41:30.015 [html-report] [DEBUG] Setting MaxRecvMsgSize = 1024 MB
18-06-2026 19:41:30.015 [Gauge] [DEBUG] Attempting to connect to grpc server at port: 57444
18-06-2026 19:41:30.015 [Gauge] [DEBUG] Successfully made the connection with plugin with port: 57444
18-06-2026 19:41:30.015 [Gauge] [DEBUG] Initialising suite data store.
18-06-2026 19:41:31.184 [Gauge] [INFO] # 会員ログイン
18-06-2026 19:41:31.186 [Gauge] [INFO] ## 会員が正常にログインして会員ダッシュボードに遷移する
18-06-2026 19:41:31.625 [Gauge] [DEBUG] * ログインページを開く
18-06-2026 19:41:31.768 [Gauge] [DEBUG] * 会員 "student_10001@example.jp" / "student10001" でログインする
18-06-2026 19:41:32.097 [Gauge] [DEBUG] * 会員ダッシュボード（ホーム画面）が表示される

18-06-2026 19:41:32.223 [Gauge] [INFO] ## 誤ったパスワードでログインするとエラーが表示される
18-06-2026 19:41:32.356 [Gauge] [DEBUG] * ログインページを開く
18-06-2026 19:41:32.426 [Gauge] [DEBUG] * 会員 "student_10001@example.jp" / "wrongpassword" でログインする
18-06-2026 19:41:32.489 [Gauge] [DEBUG] * ログインエラーメッセージが表示される

18-06-2026 19:41:32.543 [Gauge] [INFO] ## 未登録メールアドレスでログインするとエラーが表示される
18-06-2026 19:41:32.655 [Gauge] [DEBUG] * ログインページを開く
18-06-2026 19:41:32.720 [Gauge] [DEBUG] * 会員 "unknown@example.jp" / "anypassword" でログインする
18-06-2026 19:41:32.822 [Gauge] [DEBUG] * ログインエラーメッセージが表示される
18-06-2026 19:41:32.864 [Gauge] [INFO] # 職員（コーチ）ログイン
18-06-2026 19:41:32.866 [Gauge] [INFO] ## sessionStorage から管理画面を直接開ける
18-06-2026 19:41:32.974 [Gauge] [DEBUG] * 職員としてセッションを設定して管理画面を開く
18-06-2026 19:41:33.221 [Gauge] [DEBUG] * 管理画面（ダッシュボード）が表示される
18-06-2026 19:41:33.227 [Gauge] [DEBUG] * サイドバーが表示される
18-06-2026 19:41:33.308 [html-report] [DEBUG] Transformed SuiteResult to report structure
18-06-2026 19:41:33.322 [html-report] [INFO] Successfully generated html-report to => /Users/yasuikendo/morrow-world/study_app/e2e/reports/html-report/index.html
18-06-2026 19:41:33.322 [html-report] [DEBUG] Done generating HTML report using theme from /Users/yasuikendo/.gauge/plugins/html-report/4.4.5/themes/default
18-06-2026 19:41:33.322 [Gauge] [DEBUG] Sending kill message to Html Report plugin.
18-06-2026 19:41:33.323 [Gauge] [INFO] Specifications:	2 executed	2 passed	0 failed	0 skipped
18-06-2026 19:41:33.323 [Gauge] [INFO] Scenarios:	4 executed	4 passed	0 failed	0 skipped
18-06-2026 19:41:33.323 [Gauge] [INFO] 
Total time taken: 3.301s
18-06-2026 19:41:33.324 [Gauge] [INFO] Updates are available. Run `gauge update -c` for more info.
18-06-2026 19:42:21.560 [Gauge] [DEBUG] Created gauge_screenshots_dir at /Users/yasuikendo/morrow-world/study_app/e2e/.gauge/screenshots
18-06-2026 19:42:21.560 [Gauge] [DEBUG] Plugin ts is already installed.
18-06-2026 19:42:21.560 [Gauge] [DEBUG] Plugin html-report is already installed.
18-06-2026 19:42:21.561 [Gauge] [DEBUG] Parsing started.
18-06-2026 19:42:21.561 [Gauge] [DEBUG] Started concepts parsing.
18-06-2026 19:42:21.561 [Gauge] [DEBUG] 0 concepts parsing completed.
18-06-2026 19:42:21.561 [Gauge] [DEBUG] Started specifications parsing.
18-06-2026 19:42:21.561 [Gauge] [DEBUG] 2 specifications parsing completed.
18-06-2026 19:42:21.561 [Gauge] [DEBUG] Parsing completed.
18-06-2026 19:42:21.593 [ts] [ERROR] (node:283) [DEP0190] DeprecationWarning: Passing args to a child process with shell option true can lead to security vulnerabilities, as the arguments are not escaped, only concatenated.
18-06-2026 19:42:21.593 [ts] [ERROR] (Use `node --trace-deprecation ...` to show where the warning was created)
18-06-2026 19:42:21.693 [Gauge] [DEBUG] Checking updates...
18-06-2026 19:42:21.693 [Gauge] [DEBUG] Downloading https://downloads.gauge.org/plugin/html-report?l=ts&p=html-report,screenshot,ts&o=darwin&a=arm64
18-06-2026 19:42:21.977 [Gauge] [DEBUG] Downloading https://downloads.gauge.org/plugin/screenshot?l=ts&p=html-report,screenshot,ts&o=darwin&a=arm64
18-06-2026 19:42:22.063 [Gauge] [DEBUG] Downloading https://downloads.gauge.org/plugin/ts?l=ts&p=html-report,screenshot,ts&o=darwin&a=arm64
18-06-2026 19:42:22.397 [ts] [ERROR] (node:314) [DEP0180] DeprecationWarning: fs.Stats constructor is deprecated.
18-06-2026 19:42:22.397 [ts] [ERROR] (Use `node --trace-deprecation ...` to show where the warning was created)
18-06-2026 19:42:22.402 [Gauge] [DEBUG] Attempting to connect to grpc server at port: 57485
18-06-2026 19:42:22.402 [Gauge] [DEBUG] Successfully made the connection with runner with port: 57485
18-06-2026 19:42:22.402 [Gauge] [DEBUG] Validation started.
18-06-2026 19:42:22.411 [Gauge] [DEBUG] Validation completed.
18-06-2026 19:42:22.411 [Gauge] [DEBUG] Run started
18-06-2026 19:42:22.412 [Gauge] [DEBUG] Starting Html Report plugin
18-06-2026 19:42:22.420 [Gauge] [DEBUG] Attempting to connect to grpc server at port: 57488
18-06-2026 19:42:22.420 [Gauge] [DEBUG] Successfully made the connection with plugin with port: 57488
18-06-2026 19:42:22.420 [Gauge] [DEBUG] Initialising suite data store.
18-06-2026 19:42:23.120 [Gauge] [INFO] # 会員ログイン
18-06-2026 19:42:23.124 [Gauge] [INFO] ## 会員が正常にログインして会員ダッシュボードに遷移する
18-06-2026 19:42:23.396 [Gauge] [DEBUG] * ログインページを開く
18-06-2026 19:42:23.469 [Gauge] [DEBUG] * 会員 "student_10001@example.jp" / "student10001" でログインする
18-06-2026 19:42:23.572 [Gauge] [DEBUG] * 会員ダッシュボード（ホーム画面）が表示される

18-06-2026 19:42:23.654 [Gauge] [INFO] ## 誤ったパスワードでログインするとエラーが表示される
18-06-2026 19:42:23.753 [Gauge] [DEBUG] * ログインページを開く
18-06-2026 19:42:23.809 [Gauge] [DEBUG] * 会員 "student_10001@example.jp" / "wrongpassword" でログインする
18-06-2026 19:42:23.888 [Gauge] [DEBUG] * ログインエラーメッセージが表示される

18-06-2026 19:42:23.939 [Gauge] [INFO] ## 未登録メールアドレスでログインするとエラーが表示される
18-06-2026 19:42:24.042 [Gauge] [DEBUG] * ログインページを開く
18-06-2026 19:42:24.096 [Gauge] [DEBUG] * 会員 "unknown@example.jp" / "anypassword" でログインする
18-06-2026 19:42:24.155 [Gauge] [DEBUG] * ログインエラーメッセージが表示される
18-06-2026 19:42:24.193 [Gauge] [INFO] # 職員（コーチ）ログイン
18-06-2026 19:42:24.194 [Gauge] [INFO] ## sessionStorage から管理画面を直接開ける
18-06-2026 19:42:24.302 [Gauge] [DEBUG] * 職員としてセッションを設定して管理画面を開く
18-06-2026 19:42:24.576 [Gauge] [DEBUG] * 管理画面（ダッシュボード）が表示される
18-06-2026 19:42:24.582 [Gauge] [DEBUG] * サイドバーが表示される
18-06-2026 19:42:24.661 [html-report] [DEBUG] Transformed SuiteResult to report structure
18-06-2026 19:42:24.667 [html-report] [INFO] Successfully generated html-report to => /Users/yasuikendo/morrow-world/study_app/e2e/reports/html-report/index.html
18-06-2026 19:42:24.667 [html-report] [DEBUG] Done generating HTML report using theme from /Users/yasuikendo/.gauge/plugins/html-report/4.4.5/themes/default
18-06-2026 19:42:24.667 [Gauge] [DEBUG] Sending kill message to Html Report plugin.
18-06-2026 19:42:24.668 [Gauge] [INFO] Specifications:	2 executed	2 passed	0 failed	0 skipped
18-06-2026 19:42:24.668 [Gauge] [INFO] Scenarios:	4 executed	4 passed	0 failed	0 skipped
18-06-2026 19:42:24.668 [Gauge] [INFO] 
Total time taken: 2.249s
18-06-2026 19:42:24.668 [Gauge] [INFO] Updates are available. Run `gauge update -c` for more info.
18-06-2026 19:44:09.683 [Gauge] [DEBUG] Created gauge_screenshots_dir at /Users/yasuikendo/morrow-world/study_app/e2e/.gauge/screenshots
18-06-2026 19:44:09.684 [Gauge] [DEBUG] Plugin ts is already installed.
18-06-2026 19:44:09.684 [Gauge] [DEBUG] Plugin html-report is already installed.
18-06-2026 19:44:09.684 [Gauge] [DEBUG] Parsing started.
18-06-2026 19:44:09.684 [Gauge] [DEBUG] Started concepts parsing.
18-06-2026 19:44:09.685 [Gauge] [DEBUG] 0 concepts parsing completed.
18-06-2026 19:44:09.685 [Gauge] [DEBUG] Started specifications parsing.
18-06-2026 19:44:09.685 [Gauge] [DEBUG] 1 specifications parsing completed.
18-06-2026 19:44:09.685 [Gauge] [DEBUG] Parsing completed.
18-06-2026 19:44:09.729 [ts] [ERROR] (node:1907) [DEP0190] DeprecationWarning: Passing args to a child process with shell option true can lead to security vulnerabilities, as the arguments are not escaped, only concatenated.
18-06-2026 19:44:09.729 [ts] [ERROR] (Use `node --trace-deprecation ...` to show where the warning was created)
18-06-2026 19:44:10.529 [ts] [ERROR] (node:1943) [DEP0180] DeprecationWarning: fs.Stats constructor is deprecated.
18-06-2026 19:44:10.529 [ts] [ERROR] (Use `node --trace-deprecation ...` to show where the warning was created)
18-06-2026 19:44:10.534 [Gauge] [DEBUG] Attempting to connect to grpc server at port: 57537
18-06-2026 19:44:10.534 [Gauge] [DEBUG] Successfully made the connection with runner with port: 57537
18-06-2026 19:44:10.534 [Gauge] [DEBUG] Validation started.
18-06-2026 19:44:10.540 [Gauge] [DEBUG] Validation completed.
18-06-2026 19:44:10.541 [Gauge] [DEBUG] Run started
18-06-2026 19:44:10.541 [Gauge] [DEBUG] Starting Html Report plugin
18-06-2026 19:44:10.549 [Gauge] [DEBUG] Attempting to connect to grpc server at port: 57540
18-06-2026 19:44:10.549 [Gauge] [DEBUG] Successfully made the connection with plugin with port: 57540
18-06-2026 19:44:10.549 [Gauge] [DEBUG] Initialising suite data store.
18-06-2026 19:44:10.674 [Gauge] [DEBUG] Checking updates...
18-06-2026 19:44:10.674 [Gauge] [DEBUG] Downloading https://downloads.gauge.org/plugin/html-report?l=ts&p=html-report,screenshot,ts&o=darwin&a=arm64
18-06-2026 19:44:11.005 [Gauge] [DEBUG] Downloading https://downloads.gauge.org/plugin/screenshot?l=ts&p=html-report,screenshot,ts&o=darwin&a=arm64
18-06-2026 19:44:11.090 [Gauge] [DEBUG] Downloading https://downloads.gauge.org/plugin/ts?l=ts&p=html-report,screenshot,ts&o=darwin&a=arm64
18-06-2026 19:44:11.140 [Gauge] [INFO] # 会員ログイン
18-06-2026 19:44:11.143 [Gauge] [INFO] ## 会員が正常にログインして会員ダッシュボードに遷移する
18-06-2026 19:44:11.315 [Gauge] [DEBUG] * ログインページを開く
18-06-2026 19:44:11.400 [Gauge] [DEBUG] * 会員 "student_10001@example.jp" / "student10001" でログインする
18-06-2026 19:44:11.499 [Gauge] [DEBUG] * 会員ダッシュボード（ホーム画面）が表示される

18-06-2026 19:44:11.548 [html-report] [DEBUG] Transformed SuiteResult to report structure
18-06-2026 19:44:11.551 [html-report] [INFO] Successfully generated html-report to => /Users/yasuikendo/morrow-world/study_app/e2e/reports/html-report/index.html
18-06-2026 19:44:11.551 [html-report] [DEBUG] Done generating HTML report using theme from /Users/yasuikendo/.gauge/plugins/html-report/4.4.5/themes/default
18-06-2026 19:44:11.551 [Gauge] [DEBUG] Sending kill message to Html Report plugin.
18-06-2026 19:44:11.552 [Gauge] [INFO] Specifications:	1 executed	1 passed	0 failed	0 skipped
18-06-2026 19:44:11.552 [Gauge] [INFO] Scenarios:	1 executed	1 passed	0 failed	0 skipped
18-06-2026 19:44:11.552 [Gauge] [INFO] 
Total time taken: 1.007s
18-06-2026 19:44:11.553 [Gauge] [INFO] Updates are available. Run `gauge update -c` for more info.
18-06-2026 19:44:29.717 [Gauge] [DEBUG] Created gauge_screenshots_dir at /Users/yasuikendo/morrow-world/study_app/e2e/.gauge/screenshots
18-06-2026 19:44:29.717 [Gauge] [DEBUG] Plugin ts is already installed.
18-06-2026 19:44:29.717 [Gauge] [DEBUG] Plugin html-report is already installed.
18-06-2026 19:44:29.717 [Gauge] [DEBUG] Parsing started.
18-06-2026 19:44:29.717 [Gauge] [DEBUG] Started concepts parsing.
18-06-2026 19:44:29.718 [Gauge] [DEBUG] 0 concepts parsing completed.
18-06-2026 19:44:29.718 [Gauge] [DEBUG] Started specifications parsing.
18-06-2026 19:44:29.718 [Gauge] [DEBUG] 2 specifications parsing completed.
18-06-2026 19:44:29.718 [Gauge] [DEBUG] Parsing completed.
18-06-2026 19:44:29.749 [ts] [ERROR] (node:2291) [DEP0190] DeprecationWarning: Passing args to a child process with shell option true can lead to security vulnerabilities, as the arguments are not escaped, only concatenated.
18-06-2026 19:44:29.749 [ts] [ERROR] (Use `node --trace-deprecation ...` to show where the warning was created)
18-06-2026 19:44:29.813 [Gauge] [DEBUG] Checking updates...
18-06-2026 19:44:29.813 [Gauge] [DEBUG] Downloading https://downloads.gauge.org/plugin/html-report?l=ts&p=html-report,screenshot,ts&o=darwin&a=arm64
18-06-2026 19:44:30.076 [Gauge] [DEBUG] Downloading https://downloads.gauge.org/plugin/screenshot?l=ts&p=html-report,screenshot,ts&o=darwin&a=arm64
18-06-2026 19:44:30.233 [Gauge] [DEBUG] Downloading https://downloads.gauge.org/plugin/ts?l=ts&p=html-report,screenshot,ts&o=darwin&a=arm64
18-06-2026 19:44:30.539 [ts] [ERROR] (node:2322) [DEP0180] DeprecationWarning: fs.Stats constructor is deprecated.
18-06-2026 19:44:30.539 [ts] [ERROR] (Use `node --trace-deprecation ...` to show where the warning was created)
18-06-2026 19:44:30.553 [Gauge] [DEBUG] Attempting to connect to grpc server at port: 57552
18-06-2026 19:44:30.553 [Gauge] [DEBUG] Successfully made the connection with runner with port: 57552
18-06-2026 19:44:30.553 [Gauge] [DEBUG] Validation started.
18-06-2026 19:44:30.563 [Gauge] [DEBUG] Validation completed.
18-06-2026 19:44:30.564 [Gauge] [DEBUG] Run started
18-06-2026 19:44:30.564 [Gauge] [DEBUG] Starting Html Report plugin
18-06-2026 19:44:30.575 [Gauge] [DEBUG] Attempting to connect to grpc server at port: 57555
18-06-2026 19:44:30.575 [Gauge] [DEBUG] Successfully made the connection with plugin with port: 57555
18-06-2026 19:44:30.575 [Gauge] [DEBUG] Initialising suite data store.
18-06-2026 19:44:31.366 [Gauge] [INFO] # 会員ログイン
18-06-2026 19:44:31.371 [Gauge] [INFO] ## 会員が正常にログインして会員ダッシュボードに遷移する
18-06-2026 19:44:31.648 [Gauge] [DEBUG] * ログインページを開く
18-06-2026 19:44:31.722 [Gauge] [DEBUG] * 会員 "student_10001@example.jp" / "student10001" でログインする
18-06-2026 19:44:31.851 [Gauge] [DEBUG] * 会員ダッシュボード（ホーム画面）が表示される

18-06-2026 19:44:31.923 [Gauge] [INFO] ## 誤ったパスワードでログインするとエラーが表示される
18-06-2026 19:44:32.046 [Gauge] [DEBUG] * ログインページを開く
18-06-2026 19:44:32.098 [Gauge] [DEBUG] * 会員 "student_10001@example.jp" / "wrongpassword" でログインする
18-06-2026 19:44:32.152 [Gauge] [DEBUG] * ログインエラーメッセージが表示される

18-06-2026 19:44:32.191 [Gauge] [INFO] ## 未登録メールアドレスでログインするとエラーが表示される
18-06-2026 19:44:32.294 [Gauge] [DEBUG] * ログインページを開く
18-06-2026 19:44:32.349 [Gauge] [DEBUG] * 会員 "unknown@example.jp" / "anypassword" でログインする
18-06-2026 19:44:32.402 [Gauge] [DEBUG] * ログインエラーメッセージが表示される
18-06-2026 19:44:32.442 [Gauge] [INFO] # 職員（コーチ）ログイン
18-06-2026 19:44:32.444 [Gauge] [INFO] ## sessionStorage から管理画面を直接開ける
18-06-2026 19:44:32.557 [Gauge] [DEBUG] * 職員としてセッションを設定して管理画面を開く
18-06-2026 19:44:32.813 [Gauge] [DEBUG] * 管理画面（ダッシュボード）が表示される
18-06-2026 19:44:32.820 [Gauge] [DEBUG] * サイドバーが表示される
18-06-2026 19:44:32.902 [html-report] [DEBUG] Transformed SuiteResult to report structure
18-06-2026 19:44:32.908 [html-report] [INFO] Successfully generated html-report to => /Users/yasuikendo/morrow-world/study_app/e2e/reports/html-report/index.html
18-06-2026 19:44:32.908 [html-report] [DEBUG] Done generating HTML report using theme from /Users/yasuikendo/.gauge/plugins/html-report/4.4.5/themes/default
18-06-2026 19:44:32.908 [Gauge] [DEBUG] Sending kill message to Html Report plugin.
18-06-2026 19:44:32.909 [Gauge] [INFO] Specifications:	2 executed	2 passed	0 failed	0 skipped
18-06-2026 19:44:32.910 [Gauge] [INFO] Scenarios:	4 executed	4 passed	0 failed	0 skipped
18-06-2026 19:44:32.910 [Gauge] [INFO] 
Total time taken: 2.337s
18-06-2026 19:44:32.910 [Gauge] [INFO] Updates are available. Run `gauge update -c` for more info.
18-06-2026 19:44:36.123 [Gauge] [DEBUG] Created gauge_screenshots_dir at /Users/yasuikendo/morrow-world/study_app/e2e/.gauge/screenshots
18-06-2026 19:44:36.123 [Gauge] [DEBUG] Plugin ts is already installed.
18-06-2026 19:44:36.124 [Gauge] [DEBUG] Plugin html-report is already installed.
18-06-2026 19:44:36.124 [Gauge] [DEBUG] Parsing started.
18-06-2026 19:44:36.124 [Gauge] [DEBUG] Started concepts parsing.
18-06-2026 19:44:36.124 [Gauge] [DEBUG] 0 concepts parsing completed.
18-06-2026 19:44:36.124 [Gauge] [DEBUG] Started specifications parsing.
18-06-2026 19:44:36.124 [Gauge] [DEBUG] 2 specifications parsing completed.
18-06-2026 19:44:36.124 [Gauge] [DEBUG] Parsing completed.
18-06-2026 19:44:36.155 [ts] [ERROR] (node:2512) [DEP0190] DeprecationWarning: Passing args to a child process with shell option true can lead to security vulnerabilities, as the arguments are not escaped, only concatenated.
18-06-2026 19:44:36.155 [ts] [ERROR] (Use `node --trace-deprecation ...` to show where the warning was created)
18-06-2026 19:44:36.245 [Gauge] [DEBUG] Checking updates...
18-06-2026 19:44:36.245 [Gauge] [DEBUG] Downloading https://downloads.gauge.org/plugin/html-report?l=ts&p=html-report,screenshot,ts&o=darwin&a=arm64
18-06-2026 19:44:36.690 [Gauge] [DEBUG] Downloading https://downloads.gauge.org/plugin/screenshot?l=ts&p=html-report,screenshot,ts&o=darwin&a=arm64
18-06-2026 19:44:36.852 [Gauge] [DEBUG] Downloading https://downloads.gauge.org/plugin/ts?l=ts&p=html-report,screenshot,ts&o=darwin&a=arm64
18-06-2026 19:44:36.944 [ts] [ERROR] (node:2552) [DEP0180] DeprecationWarning: fs.Stats constructor is deprecated.
18-06-2026 19:44:36.944 [ts] [ERROR] (Use `node --trace-deprecation ...` to show where the warning was created)
18-06-2026 19:44:36.958 [Gauge] [DEBUG] Attempting to connect to grpc server at port: 57582
18-06-2026 19:44:36.958 [Gauge] [DEBUG] Successfully made the connection with runner with port: 57582
18-06-2026 19:44:36.958 [Gauge] [DEBUG] Validation started.
18-06-2026 19:44:36.969 [Gauge] [DEBUG] Validation completed.
18-06-2026 19:44:36.969 [Gauge] [DEBUG] Run started
18-06-2026 19:44:36.970 [Gauge] [DEBUG] Starting Html Report plugin
18-06-2026 19:44:36.979 [Gauge] [DEBUG] Attempting to connect to grpc server at port: 57585
18-06-2026 19:44:36.979 [Gauge] [DEBUG] Successfully made the connection with plugin with port: 57585
18-06-2026 19:44:36.979 [Gauge] [DEBUG] Initialising suite data store.
18-06-2026 19:44:37.584 [Gauge] [INFO] # 会員ログイン
18-06-2026 19:44:37.589 [Gauge] [INFO] ## 会員が正常にログインして会員ダッシュボードに遷移する
18-06-2026 19:44:37.840 [Gauge] [DEBUG] * ログインページを開く
18-06-2026 19:44:37.914 [Gauge] [DEBUG] * 会員 "student_10001@example.jp" / "student10001" でログインする
18-06-2026 19:44:38.031 [Gauge] [DEBUG] * 会員ダッシュボード（ホーム画面）が表示される

18-06-2026 19:44:38.072 [Gauge] [INFO] ## 誤ったパスワードでログインするとエラーが表示される
18-06-2026 19:44:38.195 [Gauge] [DEBUG] * ログインページを開く
18-06-2026 19:44:38.248 [Gauge] [DEBUG] * 会員 "student_10001@example.jp" / "wrongpassword" でログインする
18-06-2026 19:44:38.319 [Gauge] [DEBUG] * ログインエラーメッセージが表示される

18-06-2026 19:44:38.359 [Gauge] [INFO] ## 未登録メールアドレスでログインするとエラーが表示される
18-06-2026 19:44:38.470 [Gauge] [DEBUG] * ログインページを開く
18-06-2026 19:44:38.522 [Gauge] [DEBUG] * 会員 "unknown@example.jp" / "anypassword" でログインする
18-06-2026 19:44:38.587 [Gauge] [DEBUG] * ログインエラーメッセージが表示される
18-06-2026 19:44:38.626 [Gauge] [INFO] # 職員（コーチ）ログイン
18-06-2026 19:44:38.628 [Gauge] [INFO] ## sessionStorage から管理画面を直接開ける
18-06-2026 19:44:38.734 [Gauge] [DEBUG] * 職員としてセッションを設定して管理画面を開く
18-06-2026 19:44:38.963 [Gauge] [DEBUG] * 管理画面（ダッシュボード）が表示される
18-06-2026 19:44:38.971 [Gauge] [DEBUG] * サイドバーが表示される
18-06-2026 19:44:39.055 [html-report] [DEBUG] Transformed SuiteResult to report structure
18-06-2026 19:44:39.061 [html-report] [INFO] Successfully generated html-report to => /Users/yasuikendo/morrow-world/study_app/e2e/reports/html-report/index.html
18-06-2026 19:44:39.061 [html-report] [DEBUG] Done generating HTML report using theme from /Users/yasuikendo/.gauge/plugins/html-report/4.4.5/themes/default
18-06-2026 19:44:39.061 [Gauge] [DEBUG] Sending kill message to Html Report plugin.
18-06-2026 19:44:39.062 [Gauge] [INFO] Specifications:	2 executed	2 passed	0 failed	0 skipped
18-06-2026 19:44:39.062 [Gauge] [INFO] Scenarios:	4 executed	4 passed	0 failed	0 skipped
18-06-2026 19:44:39.062 [Gauge] [INFO] 
Total time taken: 2.084s
18-06-2026 19:44:39.062 [Gauge] [INFO] Updates are available. Run `gauge update -c` for more info.
18-06-2026 19:54:52.284 [Gauge] [DEBUG] Created gauge_screenshots_dir at /Users/yasuikendo/morrow-world/study_app/e2e/.gauge/screenshots
18-06-2026 19:54:52.285 [Gauge] [DEBUG] Plugin html-report is already installed.
18-06-2026 19:54:52.285 [Gauge] [DEBUG] Plugin ts is already installed.
18-06-2026 19:54:52.285 [Gauge] [DEBUG] Parsing started.
18-06-2026 19:54:52.285 [Gauge] [DEBUG] Started concepts parsing.
18-06-2026 19:54:52.286 [Gauge] [DEBUG] 0 concepts parsing completed.
18-06-2026 19:54:52.286 [Gauge] [DEBUG] Started specifications parsing.
18-06-2026 19:54:52.286 [Gauge] [DEBUG] 1 specifications parsing completed.
18-06-2026 19:54:52.286 [Gauge] [DEBUG] Parsing completed.
18-06-2026 19:54:52.326 [ts] [ERROR] (node:7548) [DEP0190] DeprecationWarning: Passing args to a child process with shell option true can lead to security vulnerabilities, as the arguments are not escaped, only concatenated.
18-06-2026 19:54:52.326 [ts] [ERROR] (Use `node --trace-deprecation ...` to show where the warning was created)
18-06-2026 19:54:52.997 [Gauge] [DEBUG] Checking updates...
18-06-2026 19:54:52.997 [Gauge] [DEBUG] Downloading https://downloads.gauge.org/plugin/html-report?l=ts&p=html-report,screenshot,ts&o=darwin&a=arm64
18-06-2026 19:54:53.189 [ts] [ERROR] (node:7576) [DEP0180] DeprecationWarning: fs.Stats constructor is deprecated.
18-06-2026 19:54:53.189 [ts] [ERROR] (Use `node --trace-deprecation ...` to show where the warning was created)
18-06-2026 19:54:53.202 [Gauge] [DEBUG] Attempting to connect to grpc server at port: 57736
18-06-2026 19:54:53.202 [Gauge] [DEBUG] Successfully made the connection with runner with port: 57736
18-06-2026 19:54:53.202 [Gauge] [DEBUG] Validation started.
18-06-2026 19:54:53.213 [Gauge] [DEBUG] Validation completed.
18-06-2026 19:54:53.213 [Gauge] [DEBUG] Run started
18-06-2026 19:54:53.214 [Gauge] [DEBUG] Starting Html Report plugin
18-06-2026 19:54:53.254 [html-report] [DEBUG] Setting MaxRecvMsgSize = 1024 MB
18-06-2026 19:54:53.254 [Gauge] [DEBUG] Attempting to connect to grpc server at port: 57739
18-06-2026 19:54:53.254 [Gauge] [DEBUG] Successfully made the connection with plugin with port: 57739
18-06-2026 19:54:53.254 [Gauge] [DEBUG] Initialising suite data store.
18-06-2026 19:54:53.372 [Gauge] [DEBUG] Downloading https://downloads.gauge.org/plugin/screenshot?l=ts&p=html-report,screenshot,ts&o=darwin&a=arm64
18-06-2026 19:54:53.459 [Gauge] [DEBUG] Downloading https://downloads.gauge.org/plugin/ts?l=ts&p=html-report,screenshot,ts&o=darwin&a=arm64
18-06-2026 19:54:53.889 [Gauge] [INFO] # 会員ログイン
18-06-2026 19:54:53.892 [Gauge] [INFO] ## 会員が正常にログインして会員ダッシュボードに遷移する
18-06-2026 19:54:54.152 [Gauge] [DEBUG] * ログインページを開く
18-06-2026 19:54:54.241 [Gauge] [DEBUG] * 会員 "student_10001@example.jp" / "student10001" でログインする
18-06-2026 19:54:54.330 [Gauge] [DEBUG] * 会員ダッシュボード（ホーム画面）が表示される

18-06-2026 19:54:54.371 [Gauge] [INFO] ## 誤ったパスワードでログインするとエラーが表示される
18-06-2026 19:54:54.408 [Gauge] [DEBUG] * ログインページを開く
18-06-2026 19:54:54.440 [Gauge] [DEBUG] * 会員 "student_10001@example.jp" / "wrongpassword" でログインする
18-06-2026 19:54:54.497 [Gauge] [DEBUG] * ログインエラーメッセージが表示される

18-06-2026 19:54:54.503 [Gauge] [INFO] ## 未登録メールアドレスでログインするとエラーが表示される
18-06-2026 19:54:54.542 [Gauge] [DEBUG] * ログインページを開く
18-06-2026 19:54:54.574 [Gauge] [DEBUG] * 会員 "unknown@example.jp" / "anypassword" でログインする
18-06-2026 19:54:54.631 [Gauge] [DEBUG] * ログインエラーメッセージが表示される
18-06-2026 19:54:54.653 [html-report] [DEBUG] Transformed SuiteResult to report structure
18-06-2026 19:54:54.660 [html-report] [INFO] Successfully generated html-report to => /Users/yasuikendo/morrow-world/study_app/e2e/reports/html-report/index.html
18-06-2026 19:54:54.660 [html-report] [DEBUG] Done generating HTML report using theme from /Users/yasuikendo/.gauge/plugins/html-report/4.4.5/themes/default
18-06-2026 19:54:54.660 [Gauge] [DEBUG] Sending kill message to Html Report plugin.
18-06-2026 19:54:54.661 [Gauge] [INFO] Specifications:	1 executed	1 passed	0 failed	0 skipped
18-06-2026 19:54:54.661 [Gauge] [INFO] Scenarios:	3 executed	3 passed	0 failed	0 skipped
18-06-2026 19:54:54.661 [Gauge] [INFO] 
Total time taken: 1.439s
18-06-2026 19:54:54.661 [Gauge] [INFO] Updates are available. Run `gauge update -c` for more info.
18-06-2026 19:55:14.103 [Gauge] [DEBUG] Created gauge_screenshots_dir at /Users/yasuikendo/morrow-world/study_app/e2e/.gauge/screenshots
18-06-2026 19:55:14.104 [Gauge] [DEBUG] Plugin html-report is already installed.
18-06-2026 19:55:14.104 [Gauge] [DEBUG] Plugin ts is already installed.
18-06-2026 19:55:14.104 [Gauge] [DEBUG] Parsing started.
18-06-2026 19:55:14.104 [Gauge] [DEBUG] Started concepts parsing.
18-06-2026 19:55:14.105 [Gauge] [DEBUG] 0 concepts parsing completed.
18-06-2026 19:55:14.105 [Gauge] [DEBUG] Started specifications parsing.
18-06-2026 19:55:14.105 [Gauge] [DEBUG] 1 specifications parsing completed.
18-06-2026 19:55:14.105 [Gauge] [DEBUG] Parsing completed.
18-06-2026 19:55:14.147 [ts] [ERROR] (node:7923) [DEP0190] DeprecationWarning: Passing args to a child process with shell option true can lead to security vulnerabilities, as the arguments are not escaped, only concatenated.
18-06-2026 19:55:14.147 [ts] [ERROR] (Use `node --trace-deprecation ...` to show where the warning was created)
18-06-2026 19:55:14.186 [Gauge] [DEBUG] Checking updates...
18-06-2026 19:55:14.187 [Gauge] [DEBUG] Downloading https://downloads.gauge.org/plugin/html-report?l=ts&p=html-report,screenshot,ts&o=darwin&a=arm64
18-06-2026 19:55:14.452 [Gauge] [DEBUG] Downloading https://downloads.gauge.org/plugin/screenshot?l=ts&p=html-report,screenshot,ts&o=darwin&a=arm64
18-06-2026 19:55:14.593 [Gauge] [DEBUG] Downloading https://downloads.gauge.org/plugin/ts?l=ts&p=html-report,screenshot,ts&o=darwin&a=arm64
18-06-2026 19:55:14.969 [ts] [ERROR] (node:7951) [DEP0180] DeprecationWarning: fs.Stats constructor is deprecated.
18-06-2026 19:55:14.969 [ts] [ERROR] (Use `node --trace-deprecation ...` to show where the warning was created)
18-06-2026 19:55:14.973 [Gauge] [DEBUG] Attempting to connect to grpc server at port: 57758
18-06-2026 19:55:14.973 [Gauge] [DEBUG] Successfully made the connection with runner with port: 57758
18-06-2026 19:55:14.973 [Gauge] [DEBUG] Validation started.
18-06-2026 19:55:14.980 [Gauge] [DEBUG] Validation completed.
18-06-2026 19:55:14.981 [Gauge] [DEBUG] Run started
18-06-2026 19:55:14.982 [Gauge] [DEBUG] Starting Html Report plugin
18-06-2026 19:55:14.989 [html-report] [DEBUG] Setting MaxRecvMsgSize = 1024 MB
18-06-2026 19:55:14.989 [Gauge] [DEBUG] Attempting to connect to grpc server at port: 57761
18-06-2026 19:55:14.989 [Gauge] [DEBUG] Successfully made the connection with plugin with port: 57761
18-06-2026 19:55:14.989 [Gauge] [DEBUG] Initialising suite data store.
18-06-2026 19:55:15.446 [Gauge] [INFO] # 会員ログイン
18-06-2026 19:55:15.448 [Gauge] [INFO] ## 会員が正常にログインして会員ダッシュボードに遷移する
18-06-2026 19:55:15.495 [Gauge] [DEBUG] * ログインページを開く
18-06-2026 19:55:15.533 [Gauge] [DEBUG] * 会員 "student_10001@example.jp" / "student10001" でログインする
18-06-2026 19:55:15.601 [Gauge] [DEBUG] * 会員ダッシュボード（ホーム画面）が表示される

18-06-2026 19:55:15.623 [Gauge] [INFO] ## 誤ったパスワードでログインするとエラーが表示される
18-06-2026 19:55:15.675 [Gauge] [DEBUG] * ログインページを開く
18-06-2026 19:55:15.709 [Gauge] [DEBUG] * 会員 "student_10001@example.jp" / "wrongpassword" でログインする
18-06-2026 19:55:15.764 [Gauge] [DEBUG] * ログインエラーメッセージが表示される

18-06-2026 19:55:15.769 [Gauge] [INFO] ## 未登録メールアドレスでログインするとエラーが表示される
18-06-2026 19:55:15.808 [Gauge] [DEBUG] * ログインページを開く
18-06-2026 19:55:15.840 [Gauge] [DEBUG] * 会員 "unknown@example.jp" / "anypassword" でログインする
18-06-2026 19:55:15.897 [Gauge] [DEBUG] * ログインエラーメッセージが表示される
18-06-2026 19:55:15.915 [html-report] [DEBUG] Transformed SuiteResult to report structure
18-06-2026 19:55:15.920 [html-report] [INFO] Successfully generated html-report to => /Users/yasuikendo/morrow-world/study_app/e2e/reports/html-report/index.html
18-06-2026 19:55:15.920 [html-report] [DEBUG] Done generating HTML report using theme from /Users/yasuikendo/.gauge/plugins/html-report/4.4.5/themes/default
18-06-2026 19:55:15.920 [Gauge] [DEBUG] Sending kill message to Html Report plugin.
18-06-2026 19:55:15.921 [Gauge] [INFO] Specifications:	1 executed	1 passed	0 failed	0 skipped
18-06-2026 19:55:15.921 [Gauge] [INFO] Scenarios:	3 executed	3 passed	0 failed	0 skipped
18-06-2026 19:55:15.921 [Gauge] [INFO] 
Total time taken: 934ms
18-06-2026 19:55:15.921 [Gauge] [INFO] Updates are available. Run `gauge update -c` for more info.
18-06-2026 19:55:20.912 [Gauge] [DEBUG] Created gauge_screenshots_dir at /Users/yasuikendo/morrow-world/study_app/e2e/.gauge/screenshots
18-06-2026 19:55:20.912 [Gauge] [DEBUG] Plugin ts is already installed.
18-06-2026 19:55:20.912 [Gauge] [DEBUG] Plugin html-report is already installed.
18-06-2026 19:55:20.912 [Gauge] [DEBUG] Parsing started.
18-06-2026 19:55:20.912 [Gauge] [DEBUG] Started concepts parsing.
18-06-2026 19:55:20.913 [Gauge] [DEBUG] 0 concepts parsing completed.
18-06-2026 19:55:20.913 [Gauge] [DEBUG] Started specifications parsing.
18-06-2026 19:55:20.913 [Gauge] [DEBUG] 1 specifications parsing completed.
18-06-2026 19:55:20.913 [Gauge] [DEBUG] Parsing completed.
18-06-2026 19:55:20.955 [ts] [ERROR] (node:8100) [DEP0190] DeprecationWarning: Passing args to a child process with shell option true can lead to security vulnerabilities, as the arguments are not escaped, only concatenated.
18-06-2026 19:55:20.955 [ts] [ERROR] (Use `node --trace-deprecation ...` to show where the warning was created)
18-06-2026 19:55:21.136 [Gauge] [DEBUG] Checking updates...
18-06-2026 19:55:21.136 [Gauge] [DEBUG] Downloading https://downloads.gauge.org/plugin/html-report?l=ts&p=html-report,screenshot,ts&o=darwin&a=arm64
18-06-2026 19:55:21.407 [Gauge] [DEBUG] Downloading https://downloads.gauge.org/plugin/screenshot?l=ts&p=html-report,screenshot,ts&o=darwin&a=arm64
18-06-2026 19:55:21.493 [Gauge] [DEBUG] Downloading https://downloads.gauge.org/plugin/ts?l=ts&p=html-report,screenshot,ts&o=darwin&a=arm64
18-06-2026 19:55:21.780 [ts] [ERROR] (node:8128) [DEP0180] DeprecationWarning: fs.Stats constructor is deprecated.
18-06-2026 19:55:21.780 [ts] [ERROR] (Use `node --trace-deprecation ...` to show where the warning was created)
18-06-2026 19:55:21.784 [Gauge] [DEBUG] Attempting to connect to grpc server at port: 57777
18-06-2026 19:55:21.784 [Gauge] [DEBUG] Successfully made the connection with runner with port: 57777
18-06-2026 19:55:21.784 [Gauge] [DEBUG] Validation started.
18-06-2026 19:55:21.792 [Gauge] [DEBUG] Validation completed.
18-06-2026 19:55:21.792 [Gauge] [DEBUG] Run started
18-06-2026 19:55:21.793 [Gauge] [DEBUG] Starting Html Report plugin
18-06-2026 19:55:21.800 [html-report] [DEBUG] Setting MaxRecvMsgSize = 1024 MB
18-06-2026 19:55:21.801 [Gauge] [DEBUG] Attempting to connect to grpc server at port: 57780
18-06-2026 19:55:21.801 [Gauge] [DEBUG] Successfully made the connection with plugin with port: 57780
18-06-2026 19:55:21.801 [Gauge] [DEBUG] Initialising suite data store.
18-06-2026 19:55:22.976 [Gauge] [INFO] # 会員ログイン
18-06-2026 19:55:22.980 [Gauge] [INFO] ## 会員が正常にログインして会員ダッシュボードに遷移する
18-06-2026 19:55:23.371 [Gauge] [DEBUG] * ログインページを開く
18-06-2026 19:55:23.481 [Gauge] [DEBUG] * 会員 "student_10001@example.jp" / "student10001" でログインする
18-06-2026 19:55:23.608 [Gauge] [DEBUG] * 会員ダッシュボード（ホーム画面）が表示される

18-06-2026 19:55:23.672 [Gauge] [INFO] ## 誤ったパスワードでログインするとエラーが表示される
18-06-2026 19:55:23.780 [Gauge] [DEBUG] * ログインページを開く
18-06-2026 19:55:23.854 [Gauge] [DEBUG] * 会員 "student_10001@example.jp" / "wrongpassword" でログインする
18-06-2026 19:55:23.898 [Gauge] [DEBUG] * ログインエラーメッセージが表示される

18-06-2026 19:55:23.935 [Gauge] [INFO] ## 未登録メールアドレスでログインするとエラーが表示される
18-06-2026 19:55:24.043 [Gauge] [DEBUG] * ログインページを開く
18-06-2026 19:55:24.103 [Gauge] [DEBUG] * 会員 "unknown@example.jp" / "anypassword" でログインする
18-06-2026 19:55:24.197 [Gauge] [DEBUG] * ログインエラーメッセージが表示される
18-06-2026 19:55:24.302 [html-report] [DEBUG] Transformed SuiteResult to report structure
18-06-2026 19:55:24.307 [html-report] [INFO] Successfully generated html-report to => /Users/yasuikendo/morrow-world/study_app/e2e/reports/html-report/index.html
18-06-2026 19:55:24.307 [html-report] [DEBUG] Done generating HTML report using theme from /Users/yasuikendo/.gauge/plugins/html-report/4.4.5/themes/default
18-06-2026 19:55:24.307 [Gauge] [DEBUG] Sending kill message to Html Report plugin.
18-06-2026 19:55:24.308 [Gauge] [INFO] Specifications:	1 executed	1 passed	0 failed	0 skipped
18-06-2026 19:55:24.308 [Gauge] [INFO] Scenarios:	3 executed	3 passed	0 failed	0 skipped
18-06-2026 19:55:24.308 [Gauge] [INFO] 
Total time taken: 2.509s
18-06-2026 19:55:24.309 [Gauge] [INFO] Updates are available. Run `gauge update -c` for more info.
18-06-2026 20:00:16.106 [Gauge] [DEBUG] Created gauge_screenshots_dir at /Users/yasuikendo/morrow-world/study_app/e2e/.gauge/screenshots
18-06-2026 20:00:16.106 [Gauge] [DEBUG] Plugin html-report is already installed.
18-06-2026 20:00:16.107 [Gauge] [DEBUG] Plugin ts is already installed.
18-06-2026 20:00:16.107 [Gauge] [DEBUG] Parsing started.
18-06-2026 20:00:16.107 [Gauge] [DEBUG] Started concepts parsing.
18-06-2026 20:00:16.107 [Gauge] [DEBUG] 0 concepts parsing completed.
18-06-2026 20:00:16.107 [Gauge] [DEBUG] Started specifications parsing.
18-06-2026 20:00:16.108 [Gauge] [DEBUG] 2 specifications parsing completed.
18-06-2026 20:00:16.108 [Gauge] [DEBUG] Parsing completed.
18-06-2026 20:00:16.145 [ts] [ERROR] (node:10747) [DEP0190] DeprecationWarning: Passing args to a child process with shell option true can lead to security vulnerabilities, as the arguments are not escaped, only concatenated.
18-06-2026 20:00:16.145 [ts] [ERROR] (Use `node --trace-deprecation ...` to show where the warning was created)
18-06-2026 20:00:17.104 [Gauge] [DEBUG] Checking updates...
18-06-2026 20:00:17.105 [Gauge] [DEBUG] Downloading https://downloads.gauge.org/plugin/html-report?l=ts&p=html-report,screenshot,ts&o=darwin&a=arm64
18-06-2026 20:00:17.218 [ts] [ERROR] (node:10775) [DEP0180] DeprecationWarning: fs.Stats constructor is deprecated.
18-06-2026 20:00:17.218 [ts] [ERROR] (Use `node --trace-deprecation ...` to show where the warning was created)
18-06-2026 20:00:17.222 [Gauge] [DEBUG] Attempting to connect to grpc server at port: 57853
18-06-2026 20:00:17.222 [Gauge] [DEBUG] Successfully made the connection with runner with port: 57853
18-06-2026 20:00:17.222 [Gauge] [DEBUG] Validation started.
18-06-2026 20:00:17.230 [Gauge] [DEBUG] Validation completed.
18-06-2026 20:00:17.231 [Gauge] [DEBUG] Run started
18-06-2026 20:00:17.231 [Gauge] [DEBUG] Starting Html Report plugin
18-06-2026 20:00:17.272 [html-report] [DEBUG] Setting MaxRecvMsgSize = 1024 MB
18-06-2026 20:00:17.272 [Gauge] [DEBUG] Attempting to connect to grpc server at port: 57856
18-06-2026 20:00:17.272 [Gauge] [DEBUG] Successfully made the connection with plugin with port: 57856
18-06-2026 20:00:17.272 [Gauge] [DEBUG] Initialising suite data store.
18-06-2026 20:00:17.800 [Gauge] [DEBUG] Downloading https://downloads.gauge.org/plugin/screenshot?l=ts&p=html-report,screenshot,ts&o=darwin&a=arm64
18-06-2026 20:00:17.949 [Gauge] [INFO] # 会員ログイン
18-06-2026 20:00:17.951 [Gauge] [INFO] ## 会員が正常にログインして会員ダッシュボードに遷移する
18-06-2026 20:00:18.154 [Gauge] [DEBUG] Downloading https://downloads.gauge.org/plugin/ts?l=ts&p=html-report,screenshot,ts&o=darwin&a=arm64
18-06-2026 20:00:18.206 [Gauge] [DEBUG] * ログインページを開く
18-06-2026 20:00:18.301 [Gauge] [DEBUG] * デモ会員ボタンでログインする
18-06-2026 20:00:18.336 [Gauge] [DEBUG] * 会員ダッシュボード（ホーム画面）が表示される

18-06-2026 20:00:18.391 [Gauge] [INFO] ## 誤ったパスワードでログインするとエラーが表示される
18-06-2026 20:00:18.424 [Gauge] [DEBUG] * ログインページを開く
18-06-2026 20:00:18.450 [Gauge] [DEBUG] * 会員 "student_10001@example.jp" / "wrongpassword" でログインする
18-06-2026 20:00:18.533 [Gauge] [DEBUG] * ログインエラーメッセージが表示される

18-06-2026 20:00:18.539 [Gauge] [INFO] ## 未登録メールアドレスでログインするとエラーが表示される
18-06-2026 20:00:18.574 [Gauge] [DEBUG] * ログインページを開く
18-06-2026 20:00:18.601 [Gauge] [DEBUG] * 会員 "unknown@example.jp" / "anypassword" でログインする
18-06-2026 20:00:18.664 [Gauge] [DEBUG] * ログインエラーメッセージが表示される
18-06-2026 20:00:18.670 [Gauge] [INFO] # 職員（コーチ）ログイン
18-06-2026 20:00:18.670 [Gauge] [INFO] ## sessionStorage から管理画面を直接開ける
18-06-2026 20:00:18.705 [Gauge] [DEBUG] * 職員としてセッションを設定して管理画面を開く
18-06-2026 20:00:18.813 [Gauge] [DEBUG] * 管理画面（ダッシュボード）が表示される
18-06-2026 20:00:18.820 [Gauge] [DEBUG] * サイドバーが表示される
18-06-2026 20:00:18.842 [html-report] [DEBUG] Transformed SuiteResult to report structure
18-06-2026 20:00:18.849 [html-report] [INFO] Successfully generated html-report to => /Users/yasuikendo/morrow-world/study_app/e2e/reports/html-report/index.html
18-06-2026 20:00:18.849 [html-report] [DEBUG] Done generating HTML report using theme from /Users/yasuikendo/.gauge/plugins/html-report/4.4.5/themes/default
18-06-2026 20:00:18.849 [Gauge] [DEBUG] Sending kill message to Html Report plugin.
18-06-2026 20:00:18.849 [Gauge] [INFO] Specifications:	2 executed	2 passed	0 failed	0 skipped
18-06-2026 20:00:18.849 [Gauge] [INFO] Scenarios:	4 executed	4 passed	0 failed	0 skipped
18-06-2026 20:00:18.849 [Gauge] [INFO] 
Total time taken: 1.61s
18-06-2026 20:00:18.850 [Gauge] [INFO] Updates are available. Run `gauge update -c` for more info.
18-06-2026 20:02:17.040 [Gauge] [DEBUG] Created gauge_screenshots_dir at /Users/yasuikendo/morrow-world/study_app/e2e/.gauge/screenshots
18-06-2026 20:02:17.040 [Gauge] [DEBUG] Plugin html-report is already installed.
18-06-2026 20:02:17.040 [Gauge] [DEBUG] Plugin ts is already installed.
18-06-2026 20:02:17.040 [Gauge] [DEBUG] Parsing started.
18-06-2026 20:02:17.040 [Gauge] [DEBUG] Started concepts parsing.
18-06-2026 20:02:17.041 [Gauge] [DEBUG] 0 concepts parsing completed.
18-06-2026 20:02:17.041 [Gauge] [DEBUG] Started specifications parsing.
18-06-2026 20:02:17.041 [Gauge] [DEBUG] 2 specifications parsing completed.
18-06-2026 20:02:17.041 [Gauge] [DEBUG] Parsing completed.
18-06-2026 20:02:17.078 [ts] [ERROR] (node:11837) [DEP0190] DeprecationWarning: Passing args to a child process with shell option true can lead to security vulnerabilities, as the arguments are not escaped, only concatenated.
18-06-2026 20:02:17.078 [ts] [ERROR] (Use `node --trace-deprecation ...` to show where the warning was created)
18-06-2026 20:02:17.864 [ts] [ERROR] (node:11865) [DEP0180] DeprecationWarning: fs.Stats constructor is deprecated.
18-06-2026 20:02:17.864 [ts] [ERROR] (Use `node --trace-deprecation ...` to show where the warning was created)
18-06-2026 20:02:17.877 [Gauge] [DEBUG] Attempting to connect to grpc server at port: 57881
18-06-2026 20:02:17.877 [Gauge] [DEBUG] Successfully made the connection with runner with port: 57881
18-06-2026 20:02:17.877 [Gauge] [DEBUG] Validation started.
18-06-2026 20:02:17.886 [Gauge] [DEBUG] Validation completed.
18-06-2026 20:02:17.886 [Gauge] [DEBUG] Run started
18-06-2026 20:02:17.887 [Gauge] [DEBUG] Starting Html Report plugin
18-06-2026 20:02:17.897 [Gauge] [DEBUG] Attempting to connect to grpc server at port: 57884
18-06-2026 20:02:17.897 [Gauge] [DEBUG] Successfully made the connection with plugin with port: 57884
18-06-2026 20:02:17.897 [Gauge] [DEBUG] Initialising suite data store.
18-06-2026 20:02:18.046 [Gauge] [DEBUG] Checking updates...
18-06-2026 20:02:18.046 [Gauge] [DEBUG] Downloading https://downloads.gauge.org/plugin/html-report?l=ts&p=html-report,screenshot,ts&o=darwin&a=arm64
18-06-2026 20:02:18.352 [Gauge] [INFO] # 会員ログイン
18-06-2026 20:02:18.354 [Gauge] [INFO] ## 会員が正常にログインして会員ダッシュボードに遷移する
18-06-2026 20:02:18.396 [Gauge] [DEBUG] Downloading https://downloads.gauge.org/plugin/screenshot?l=ts&p=html-report,screenshot,ts&o=darwin&a=arm64
18-06-2026 20:02:18.410 [Gauge] [DEBUG] * ログインページを開く
18-06-2026 20:02:18.442 [Gauge] [DEBUG] * デモ会員ボタンでログインする
18-06-2026 20:02:18.485 [Gauge] [DEBUG] Downloading https://downloads.gauge.org/plugin/ts?l=ts&p=html-report,screenshot,ts&o=darwin&a=arm64
18-06-2026 20:02:18.488 [Gauge] [DEBUG] * 会員ダッシュボード（ホーム画面）が表示される

18-06-2026 20:02:18.538 [Gauge] [INFO] ## 誤ったパスワードでログインするとエラーが表示される
18-06-2026 20:02:18.572 [Gauge] [DEBUG] * ログインページを開く
18-06-2026 20:02:18.597 [Gauge] [DEBUG] * 会員 "student_10001@example.jp" / "wrongpassword" でログインする
18-06-2026 20:02:18.665 [Gauge] [DEBUG] * ログインエラーメッセージが表示される

18-06-2026 20:02:18.670 [Gauge] [INFO] ## 未登録メールアドレスでログインするとエラーが表示される
18-06-2026 20:02:18.705 [Gauge] [DEBUG] * ログインページを開く
18-06-2026 20:02:18.731 [Gauge] [DEBUG] * 会員 "unknown@example.jp" / "anypassword" でログインする
18-06-2026 20:02:18.797 [Gauge] [DEBUG] * ログインエラーメッセージが表示される
18-06-2026 20:02:18.803 [Gauge] [INFO] # 職員（コーチ）ログイン
18-06-2026 20:02:18.804 [Gauge] [INFO] ## 職員が正常にログインして管理画面に遷移する
18-06-2026 20:02:18.837 [Gauge] [DEBUG] * ログインページを開く
18-06-2026 20:02:18.865 [Gauge] [DEBUG] * 職員 "coach_001@example.jp" / "coach001" でログインする
18-06-2026 20:02:18.934 [Gauge] [DEBUG] * 管理画面（ダッシュボード）が表示される
18-06-2026 20:02:18.983 [Gauge] [DEBUG] * サイドバーが表示される
18-06-2026 20:02:19.009 [html-report] [DEBUG] Transformed SuiteResult to report structure
18-06-2026 20:02:19.015 [html-report] [INFO] Successfully generated html-report to => /Users/yasuikendo/morrow-world/study_app/e2e/reports/html-report/index.html
18-06-2026 20:02:19.015 [html-report] [DEBUG] Done generating HTML report using theme from /Users/yasuikendo/.gauge/plugins/html-report/4.4.5/themes/default
18-06-2026 20:02:19.015 [Gauge] [DEBUG] Sending kill message to Html Report plugin.
18-06-2026 20:02:19.016 [Gauge] [INFO] Specifications:	2 executed	2 passed	0 failed	0 skipped
18-06-2026 20:02:19.016 [Gauge] [INFO] Scenarios:	4 executed	4 passed	0 failed	0 skipped
18-06-2026 20:02:19.016 [Gauge] [INFO] 
Total time taken: 1.122s
18-06-2026 20:02:19.016 [Gauge] [INFO] Updates are available. Run `gauge update -c` for more info.
18-06-2026 20:04:23.572 [Gauge] [DEBUG] Created gauge_screenshots_dir at /Users/yasuikendo/morrow-world/study_app/e2e/.gauge/screenshots
18-06-2026 20:04:23.572 [Gauge] [DEBUG] Plugin ts is already installed.
18-06-2026 20:04:23.572 [Gauge] [DEBUG] Plugin html-report is already installed.
18-06-2026 20:04:23.573 [Gauge] [DEBUG] Parsing started.
18-06-2026 20:04:23.573 [Gauge] [DEBUG] Started concepts parsing.
18-06-2026 20:04:23.573 [Gauge] [DEBUG] 0 concepts parsing completed.
18-06-2026 20:04:23.573 [Gauge] [DEBUG] Started specifications parsing.
18-06-2026 20:04:23.573 [Gauge] [DEBUG] 2 specifications parsing completed.
18-06-2026 20:04:23.573 [Gauge] [DEBUG] Parsing completed.
18-06-2026 20:04:23.610 [ts] [ERROR] (node:12963) [DEP0190] DeprecationWarning: Passing args to a child process with shell option true can lead to security vulnerabilities, as the arguments are not escaped, only concatenated.
18-06-2026 20:04:23.610 [ts] [ERROR] (Use `node --trace-deprecation ...` to show where the warning was created)
18-06-2026 20:04:24.306 [Gauge] [DEBUG] Checking updates...
18-06-2026 20:04:24.307 [Gauge] [DEBUG] Downloading https://downloads.gauge.org/plugin/html-report?l=ts&p=html-report,screenshot,ts&o=darwin&a=arm64
18-06-2026 20:04:24.397 [ts] [ERROR] (node:12991) [DEP0180] DeprecationWarning: fs.Stats constructor is deprecated.
18-06-2026 20:04:24.397 [ts] [ERROR] (Use `node --trace-deprecation ...` to show where the warning was created)
18-06-2026 20:04:24.412 [Gauge] [DEBUG] Attempting to connect to grpc server at port: 57910
18-06-2026 20:04:24.412 [Gauge] [DEBUG] Successfully made the connection with runner with port: 57910
18-06-2026 20:04:24.412 [Gauge] [DEBUG] Validation started.
18-06-2026 20:04:24.428 [Gauge] [DEBUG] Validation completed.
18-06-2026 20:04:24.429 [Gauge] [DEBUG] Run started
18-06-2026 20:04:24.429 [Gauge] [DEBUG] Starting Html Report plugin
18-06-2026 20:04:24.438 [html-report] [DEBUG] Setting MaxRecvMsgSize = 1024 MB
18-06-2026 20:04:24.438 [Gauge] [DEBUG] Attempting to connect to grpc server at port: 57913
18-06-2026 20:04:24.438 [Gauge] [DEBUG] Successfully made the connection with plugin with port: 57913
18-06-2026 20:04:24.438 [Gauge] [DEBUG] Initialising suite data store.
18-06-2026 20:04:24.664 [Gauge] [DEBUG] Downloading https://downloads.gauge.org/plugin/screenshot?l=ts&p=html-report,screenshot,ts&o=darwin&a=arm64
18-06-2026 20:04:24.688 [ts] [ERROR] tests/StepImplementation.ts(2,20): error TS2305: Module '"playwright"' has no exported member 'expect'.
18-06-2026 20:04:24.691 [Gauge] [INFO] # 会員ログイン
18-06-2026 20:04:24.692 [Gauge] [INFO] ## 会員が正常にログインして会員ダッシュボードに遷移する
18-06-2026 20:04:24.694 [Gauge] [DEBUG] * ログインページを開く
18-06-2026 20:04:24.696 [Gauge] [ERROR] Failed Step: ログインページを開く
18-06-2026 20:04:24.696 [Gauge] [ERROR] Error Message: Step Implementation not found
18-06-2026 20:04:24.696 [Gauge] [ERROR] Specification: specs/01_member_login.spec:8
18-06-2026 20:04:24.696 [Gauge] [ERROR] Stacktrace: 
18-06-2026 20:04:24.696 [Gauge] [INFO] ## 誤ったパスワードでログインするとエラーが表示される
18-06-2026 20:04:24.697 [Gauge] [DEBUG] * ログインページを開く
18-06-2026 20:04:24.698 [Gauge] [ERROR] Failed Step: ログインページを開く
18-06-2026 20:04:24.698 [Gauge] [ERROR] Error Message: Step Implementation not found
18-06-2026 20:04:24.698 [Gauge] [ERROR] Specification: specs/01_member_login.spec:14
18-06-2026 20:04:24.698 [Gauge] [ERROR] Stacktrace: 
18-06-2026 20:04:24.699 [Gauge] [INFO] ## 未登録メールアドレスでログインするとエラーが表示される
18-06-2026 20:04:24.699 [Gauge] [DEBUG] * ログインページを開く
18-06-2026 20:04:24.700 [Gauge] [ERROR] Failed Step: ログインページを開く
18-06-2026 20:04:24.700 [Gauge] [ERROR] Error Message: Step Implementation not found
18-06-2026 20:04:24.700 [Gauge] [ERROR] Specification: specs/01_member_login.spec:20
18-06-2026 20:04:24.700 [Gauge] [ERROR] Stacktrace: 
18-06-2026 20:04:24.701 [Gauge] [INFO] # 職員（コーチ）ログイン
18-06-2026 20:04:24.702 [Gauge] [INFO] ## 職員が正常にログインして管理画面に遷移する
18-06-2026 20:04:24.703 [Gauge] [DEBUG] * ログインページを開く
18-06-2026 20:04:24.704 [Gauge] [ERROR] Failed Step: ログインページを開く
18-06-2026 20:04:24.704 [Gauge] [ERROR] Error Message: Step Implementation not found
18-06-2026 20:04:24.704 [Gauge] [ERROR] Specification: specs/02_staff_login.spec:7
18-06-2026 20:04:24.704 [Gauge] [ERROR] Stacktrace: 
18-06-2026 20:04:24.705 [html-report] [DEBUG] Transformed SuiteResult to report structure
18-06-2026 20:04:24.710 [html-report] [INFO] Successfully generated html-report to => /Users/yasuikendo/morrow-world/study_app/e2e/reports/html-report/index.html
18-06-2026 20:04:24.710 [html-report] [DEBUG] Done generating HTML report using theme from /Users/yasuikendo/.gauge/plugins/html-report/4.4.5/themes/default
18-06-2026 20:04:24.710 [Gauge] [DEBUG] Sending kill message to Html Report plugin.
18-06-2026 20:04:24.711 [Gauge] [INFO] Specifications:	2 executed	0 passed	2 failed	0 skipped
18-06-2026 20:04:24.711 [Gauge] [INFO] Scenarios:	4 executed	0 passed	4 failed	0 skipped
18-06-2026 20:04:24.711 [Gauge] [INFO] 
Total time taken: 276ms
18-06-2026 20:05:28.912 [Gauge] [DEBUG] Created gauge_screenshots_dir at /Users/yasuikendo/morrow-world/study_app/e2e/.gauge/screenshots
18-06-2026 20:05:28.913 [Gauge] [DEBUG] Plugin html-report is already installed.
18-06-2026 20:05:28.913 [Gauge] [DEBUG] Plugin ts is already installed.
18-06-2026 20:05:28.913 [Gauge] [DEBUG] Parsing started.
18-06-2026 20:05:28.913 [Gauge] [DEBUG] Started concepts parsing.
18-06-2026 20:05:28.916 [Gauge] [DEBUG] 0 concepts parsing completed.
18-06-2026 20:05:28.916 [Gauge] [DEBUG] Started specifications parsing.
18-06-2026 20:05:28.916 [Gauge] [DEBUG] 2 specifications parsing completed.
18-06-2026 20:05:28.916 [Gauge] [DEBUG] Parsing completed.
18-06-2026 20:05:28.951 [ts] [ERROR] (node:13714) [DEP0190] DeprecationWarning: Passing args to a child process with shell option true can lead to security vulnerabilities, as the arguments are not escaped, only concatenated.
18-06-2026 20:05:28.951 [ts] [ERROR] (Use `node --trace-deprecation ...` to show where the warning was created)
18-06-2026 20:05:29.820 [Gauge] [DEBUG] Checking updates...
18-06-2026 20:05:29.821 [Gauge] [DEBUG] Downloading https://downloads.gauge.org/plugin/html-report?l=ts&p=html-report,screenshot,ts&o=darwin&a=arm64
18-06-2026 20:05:29.918 [ts] [ERROR] (node:13737) [DEP0180] DeprecationWarning: fs.Stats constructor is deprecated.
18-06-2026 20:05:29.918 [ts] [ERROR] (Use `node --trace-deprecation ...` to show where the warning was created)
18-06-2026 20:05:29.932 [Gauge] [DEBUG] Attempting to connect to grpc server at port: 57931
18-06-2026 20:05:29.932 [Gauge] [DEBUG] Successfully made the connection with runner with port: 57931
18-06-2026 20:05:29.932 [Gauge] [DEBUG] Validation started.
18-06-2026 20:05:29.948 [Gauge] [DEBUG] Validation completed.
18-06-2026 20:05:29.949 [Gauge] [DEBUG] Run started
18-06-2026 20:05:29.950 [Gauge] [DEBUG] Starting Html Report plugin
18-06-2026 20:05:29.991 [Gauge] [DEBUG] Attempting to connect to grpc server at port: 57934
18-06-2026 20:05:29.992 [Gauge] [DEBUG] Successfully made the connection with plugin with port: 57934
18-06-2026 20:05:29.992 [Gauge] [DEBUG] Initialising suite data store.
18-06-2026 20:05:30.364 [Gauge] [DEBUG] Downloading https://downloads.gauge.org/plugin/screenshot?l=ts&p=html-report,screenshot,ts&o=darwin&a=arm64
18-06-2026 20:05:30.451 [Gauge] [DEBUG] Downloading https://downloads.gauge.org/plugin/ts?l=ts&p=html-report,screenshot,ts&o=darwin&a=arm64
18-06-2026 20:05:30.653 [Gauge] [INFO] # 会員ログイン
18-06-2026 20:05:30.656 [Gauge] [INFO] ## 会員が正常にログインして会員ダッシュボードに遷移する
18-06-2026 20:05:30.874 [Gauge] [DEBUG] * ログインページを開く
18-06-2026 20:05:30.969 [Gauge] [DEBUG] * デモ会員ボタンでログインする
18-06-2026 20:05:31.035 [Gauge] [DEBUG] * 会員ダッシュボード（ホーム画面）が表示される

18-06-2026 20:05:31.087 [Gauge] [INFO] ## 誤ったパスワードでログインするとエラーが表示される
18-06-2026 20:05:31.120 [Gauge] [DEBUG] * ログインページを開く
18-06-2026 20:05:31.148 [Gauge] [DEBUG] * 会員 "student_10001@example.jp" / "wrongpassword" でログインする
18-06-2026 20:05:31.232 [Gauge] [DEBUG] * ログインエラーメッセージが表示される

18-06-2026 20:05:31.237 [Gauge] [INFO] ## 未登録メールアドレスでログインするとエラーが表示される
18-06-2026 20:05:31.272 [Gauge] [DEBUG] * ログインページを開く
18-06-2026 20:05:31.297 [Gauge] [DEBUG] * 会員 "unknown@example.jp" / "anypassword" でログインする
18-06-2026 20:05:31.347 [Gauge] [DEBUG] * ログインエラーメッセージが表示される
18-06-2026 20:05:31.353 [Gauge] [INFO] # 職員（コーチ）ログイン
18-06-2026 20:05:31.354 [Gauge] [INFO] ## 職員が正常にログインして管理画面に遷移する
18-06-2026 20:05:31.391 [Gauge] [DEBUG] * ログインページを開く
18-06-2026 20:05:31.417 [Gauge] [DEBUG] * 職員 "coach_001@example.jp" / "coach001" でログインする
18-06-2026 20:05:31.484 [Gauge] [DEBUG] * 管理画面（ダッシュボード）が表示される
18-06-2026 20:05:31.535 [Gauge] [DEBUG] * サイドバーが表示される
18-06-2026 20:05:31.558 [html-report] [DEBUG] Transformed SuiteResult to report structure
18-06-2026 20:05:31.566 [html-report] [INFO] Successfully generated html-report to => /Users/yasuikendo/morrow-world/study_app/e2e/reports/html-report/index.html
18-06-2026 20:05:31.566 [html-report] [DEBUG] Done generating HTML report using theme from /Users/yasuikendo/.gauge/plugins/html-report/4.4.5/themes/default
18-06-2026 20:05:31.566 [Gauge] [DEBUG] Sending kill message to Html Report plugin.
18-06-2026 20:05:31.567 [Gauge] [INFO] Specifications:	2 executed	2 passed	0 failed	0 skipped
18-06-2026 20:05:31.567 [Gauge] [INFO] Scenarios:	4 executed	4 passed	0 failed	0 skipped
18-06-2026 20:05:31.567 [Gauge] [INFO] 
Total time taken: 1.608s
18-06-2026 20:05:31.567 [Gauge] [INFO] Updates are available. Run `gauge update -c` for more info.
18-06-2026 20:10:22.891 [Gauge] [DEBUG] Created gauge_screenshots_dir at /Users/yasuikendo/morrow-world/study_app/e2e/.gauge/screenshots
18-06-2026 20:10:22.891 [Gauge] [DEBUG] Plugin ts is already installed.
18-06-2026 20:10:22.892 [Gauge] [DEBUG] Plugin html-report is already installed.
18-06-2026 20:10:22.892 [Gauge] [DEBUG] Parsing started.
18-06-2026 20:10:22.892 [Gauge] [DEBUG] Started concepts parsing.
18-06-2026 20:10:22.895 [Gauge] [DEBUG] 0 concepts parsing completed.
18-06-2026 20:10:22.895 [Gauge] [DEBUG] Started specifications parsing.
18-06-2026 20:10:22.896 [Gauge] [DEBUG] 17 specifications parsing completed.
18-06-2026 20:10:22.896 [Gauge] [DEBUG] Parsing completed.
18-06-2026 20:10:22.935 [ts] [ERROR] (node:16232) [DEP0190] DeprecationWarning: Passing args to a child process with shell option true can lead to security vulnerabilities, as the arguments are not escaped, only concatenated.
18-06-2026 20:10:22.936 [ts] [ERROR] (Use `node --trace-deprecation ...` to show where the warning was created)
18-06-2026 20:10:23.779 [ts] [ERROR] (node:16255) [DEP0180] DeprecationWarning: fs.Stats constructor is deprecated.
18-06-2026 20:10:23.779 [ts] [ERROR] (Use `node --trace-deprecation ...` to show where the warning was created)
18-06-2026 20:10:23.784 [Gauge] [DEBUG] Attempting to connect to grpc server at port: 57970
18-06-2026 20:10:23.784 [Gauge] [DEBUG] Successfully made the connection with runner with port: 57970
18-06-2026 20:10:23.784 [Gauge] [DEBUG] Validation started.
18-06-2026 20:10:23.808 [Gauge] [DEBUG] Validation completed.
18-06-2026 20:10:23.808 [Gauge] [DEBUG] Run started
18-06-2026 20:10:23.809 [Gauge] [DEBUG] Starting Html Report plugin
18-06-2026 20:10:23.817 [Gauge] [DEBUG] Attempting to connect to grpc server at port: 57973
18-06-2026 20:10:23.817 [Gauge] [DEBUG] Successfully made the connection with plugin with port: 57973
18-06-2026 20:10:23.817 [Gauge] [DEBUG] Initialising suite data store.
18-06-2026 20:10:23.866 [Gauge] [DEBUG] Checking updates...
18-06-2026 20:10:23.866 [Gauge] [DEBUG] Downloading https://downloads.gauge.org/plugin/html-report?l=ts&p=html-report,screenshot,ts&o=darwin&a=arm64
18-06-2026 20:10:24.243 [Gauge] [DEBUG] Downloading https://downloads.gauge.org/plugin/screenshot?l=ts&p=html-report,screenshot,ts&o=darwin&a=arm64
18-06-2026 20:10:24.332 [Gauge] [DEBUG] Downloading https://downloads.gauge.org/plugin/ts?l=ts&p=html-report,screenshot,ts&o=darwin&a=arm64
18-06-2026 20:10:24.339 [Gauge] [INFO] # 会員ログイン
18-06-2026 20:10:24.343 [Gauge] [INFO] ## 会員が正常にログインして会員ダッシュボードに遷移する
18-06-2026 20:10:24.404 [Gauge] [DEBUG] * ログインページを開く
18-06-2026 20:10:24.435 [Gauge] [DEBUG] * デモ会員ボタンでログインする
18-06-2026 20:10:24.473 [Gauge] [DEBUG] * 会員ダッシュボード（ホーム画面）が表示される

18-06-2026 20:10:24.525 [Gauge] [INFO] ## 誤ったパスワードでログインするとエラーが表示される
18-06-2026 20:10:24.559 [Gauge] [DEBUG] * ログインページを開く
18-06-2026 20:10:24.585 [Gauge] [DEBUG] * 会員 "student_10001@example.jp" / "wrongpassword" でログインする
18-06-2026 20:10:24.657 [Gauge] [DEBUG] * ログインエラーメッセージが表示される

18-06-2026 20:10:24.665 [Gauge] [INFO] ## 未登録メールアドレスでログインするとエラーが表示される
18-06-2026 20:10:24.701 [Gauge] [DEBUG] * ログインページを開く
18-06-2026 20:10:24.729 [Gauge] [DEBUG] * 会員 "unknown@example.jp" / "anypassword" でログインする
18-06-2026 20:10:24.781 [Gauge] [DEBUG] * ログインエラーメッセージが表示される
18-06-2026 20:10:24.790 [Gauge] [INFO] # 職員（コーチ）ログイン
18-06-2026 20:10:24.791 [Gauge] [INFO] ## 職員が正常にログインして管理画面に遷移する
18-06-2026 20:10:24.829 [Gauge] [DEBUG] * ログインページを開く
18-06-2026 20:10:24.856 [Gauge] [DEBUG] * 職員 "coach_001@example.jp" / "coach001" でログインする
18-06-2026 20:10:24.919 [Gauge] [DEBUG] * 管理画面（ダッシュボード）が表示される
18-06-2026 20:10:24.968 [Gauge] [DEBUG] * サイドバーが表示される
18-06-2026 20:10:24.977 [Gauge] [INFO] # 学習記録の入力
18-06-2026 20:10:24.977 [Gauge] [INFO] ## 会員が学習記録を入力して保存できる
18-06-2026 20:10:25.012 [Gauge] [DEBUG] * 会員としてセッションを設定して会員画面を開く
18-06-2026 20:10:25.106 [Gauge] [DEBUG] * 学習記録ボタンをクリックする
18-06-2026 20:10:25.178 [Gauge] [DEBUG] * 学習日 "2026-06-01" を入力する
18-06-2026 20:10:25.182 [Gauge] [DEBUG] * 教材を選択する
18-06-2026 20:10:25.186 [Gauge] [DEBUG] * 学習時間 "30" 分を選択する
18-06-2026 20:10:25.189 [Gauge] [DEBUG] * 記録を保存する
18-06-2026 20:10:25.215 [Gauge] [DEBUG] * 会員画面をリロードする
18-06-2026 20:10:25.233 [Gauge] [DEBUG] * カレンダーに "2026-06-01" の記録が表示される
18-06-2026 20:10:25.240 [Gauge] [INFO] # 会員一覧の検索
18-06-2026 20:10:25.241 [Gauge] [INFO] ## キーワードで会員を検索できる
18-06-2026 20:10:25.309 [Gauge] [DEBUG] * 職員としてセッションを設定して管理画面を開く
18-06-2026 20:10:25.414 [Gauge] [DEBUG] * 会員管理メニューをクリックする
18-06-2026 20:10:25.454 [Gauge] [DEBUG] * 会員検索欄に "見本一郎" と入力する
18-06-2026 20:10:25.801 [Gauge] [DEBUG] * 会員一覧に "見本一郎" が表示される

18-06-2026 20:10:25.825 [Gauge] [INFO] ## 存在しないキーワードで検索すると該当なしになる
18-06-2026 20:10:25.871 [Gauge] [DEBUG] * 職員としてセッションを設定して管理画面を開く
18-06-2026 20:10:25.976 [Gauge] [DEBUG] * 会員管理メニューをクリックする
18-06-2026 20:10:26.018 [Gauge] [DEBUG] * 会員検索欄に "zzznotexist" と入力する
18-06-2026 20:10:26.352 [Gauge] [DEBUG] * 会員一覧に "見本一郎" が表示されない
18-06-2026 20:10:26.376 [Gauge] [INFO] # ログアウト
18-06-2026 20:10:26.377 [Gauge] [INFO] ## 職員がログアウトすると login.html に戻る
18-06-2026 20:10:26.423 [Gauge] [DEBUG] * 職員としてセッションを設定して管理画面を開く
18-06-2026 20:10:26.523 [Gauge] [DEBUG] * 管理画面でログアウトする
18-06-2026 20:10:26.567 [Gauge] [DEBUG] * ログインページにリダイレクトされる
18-06-2026 20:10:26.577 [Gauge] [INFO] # 新規会員登録
18-06-2026 20:10:26.578 [Gauge] [INFO] ## 新規会員を登録するとリロード後に詳細パネルで確認できる
18-06-2026 20:10:26.612 [Gauge] [DEBUG] * 職員としてセッションを設定して管理画面を開く（localStorageなし）
18-06-2026 20:10:26.712 [Gauge] [DEBUG] * 会員管理メニューをクリックする
18-06-2026 20:10:26.751 [Gauge] [DEBUG] * 新規会員登録ボタンをクリックする
18-06-2026 20:10:26.787 [Gauge] [DEBUG] * 新規会員フォームに最小限の情報を入力する
18-06-2026 20:10:26.830 [Gauge] [DEBUG] * 新規会員フォームを保存する
18-06-2026 20:10:26.869 [Gauge] [DEBUG] * 管理画面をリロードする
18-06-2026 20:10:26.896 [Gauge] [DEBUG] * 会員管理メニューをクリックする
18-06-2026 20:10:26.932 [Gauge] [DEBUG] * 会員 "テスト 太郎" の行をクリックする
18-06-2026 20:10:26.967 [Gauge] [DEBUG] * 詳細パネルの "em-email" が "e2etest@example.jp" と表示される
18-06-2026 20:10:26.975 [Gauge] [DEBUG] * 詳細パネルの "em-id" が "99990" と表示される
18-06-2026 20:10:26.985 [Gauge] [INFO] # 会員情報編集
18-06-2026 20:10:26.985 [Gauge] [INFO] ## 会員のプランを変更するとリロード後に詳細パネルに反映される
18-06-2026 20:10:27.020 [Gauge] [DEBUG] * 職員としてセッションを設定して管理画面を開く（localStorageなし）
18-06-2026 20:10:27.121 [Gauge] [DEBUG] * localStorageに会員データを注入してリロードする
18-06-2026 20:10:27.151 [Gauge] [DEBUG] * 会員管理メニューをクリックする
18-06-2026 20:10:27.185 [Gauge] [DEBUG] * 会員 "見本一郎" の行をクリックする
18-06-2026 20:10:27.227 [Gauge] [DEBUG] * 詳細パネルの "em-plan" を "給付金6ヶ月プラン" に変更する
18-06-2026 20:10:27.236 [Gauge] [DEBUG] * 詳細パネルの変更を保存する
18-06-2026 20:10:29.109 [Gauge] [DEBUG] * 会員管理メニューをクリックする
18-06-2026 20:10:29.152 [Gauge] [DEBUG] * 会員 "見本一郎" の行をクリックする
18-06-2026 20:10:29.204 [Gauge] [DEBUG] * 詳細パネルの "em-plan" が "給付金6ヶ月プラン" と表示される
18-06-2026 20:10:29.217 [Gauge] [INFO] # コーチング記録
18-06-2026 20:10:29.218 [Gauge] [INFO] ## 通常コーチング記録を作成するとリロード後に詳細パネルに表示される
18-06-2026 20:10:29.257 [Gauge] [DEBUG] * 職員としてセッションを設定して管理画面を開く（localStorageなし）
18-06-2026 20:10:29.354 [Gauge] [DEBUG] * localStorageに会員データを注入してリロードする
18-06-2026 20:10:29.382 [Gauge] [DEBUG] * 会員カルテメニューをクリックする
18-06-2026 20:10:29.427 [Gauge] [DEBUG] * コーチング記録追加ボタンをクリックする
18-06-2026 20:10:29.518 [Gauge] [DEBUG] * コーチング種別を "通常コーチング" に選択する
18-06-2026 20:10:29.828 [Gauge] [DEBUG] * コーチング日付に今日を入力する
18-06-2026 20:10:29.833 [Gauge] [DEBUG] * コーチング記録を保存する
18-06-2026 20:10:29.871 [Gauge] [DEBUG] * 管理画面をリロードする
18-06-2026 20:10:29.909 [Gauge] [DEBUG] * 会員カルテメニューをクリックする
18-06-2026 20:10:29.952 [Gauge] [DEBUG] * コーチング記録 "通常コーチング" が表示される
18-06-2026 20:10:29.966 [Gauge] [INFO] # PROGOSスコア登録
18-06-2026 20:10:29.967 [Gauge] [INFO] ## PROGOSスコアを登録するとリロード後に詳細パネルに表示される
18-06-2026 20:10:30.001 [Gauge] [DEBUG] * 職員としてセッションを設定して管理画面を開く（localStorageなし）
18-06-2026 20:10:30.101 [Gauge] [DEBUG] * localStorageに会員データを注入してリロードする
18-06-2026 20:10:30.130 [Gauge] [DEBUG] * 会員カルテメニューをクリックする
18-06-2026 20:10:30.195 [Gauge] [DEBUG] * PROGOSスコア登録ボタンをクリックする
18-06-2026 20:10:30.271 [Gauge] [DEBUG] * PROGOSフォームに最小限の情報を入力する
18-06-2026 20:10:30.505 [Gauge] [DEBUG] * PROGOSスコアを保存する
18-06-2026 20:10:30.557 [Gauge] [DEBUG] * 管理画面をリロードする
18-06-2026 20:10:30.585 [Gauge] [DEBUG] * 会員カルテメニューをクリックする
18-06-2026 20:10:30.618 [Gauge] [DEBUG] * PROGOSスコアが表示される
18-06-2026 20:10:30.843 [Gauge] [ERROR] Failed Step: PROGOSスコアが表示される
18-06-2026 20:10:30.843 [Gauge] [ERROR] Error Message: expect(locator).toBeVisible() failed

Locator: locator('#karte-main :text("A2")')
Expected: visible
Error: strict mode violation: locator('#karte-main :text("A2")') resolved to 14 elements:
    1) <div class="bar-value">A2</div> aka getByText('A2').nth(2)
    2) <div class="progos-skill-score">A2</div> aka getByText('A2').nth(3)
    3) <div class="progos-skill-score">A2</div> aka getByText('A2').nth(4)
    4) <div class="progos-skill-score">A2</div> aka getByText('A2').nth(5)
    5) <div class="progos-skill-score">A2</div> aka getByText('A2', { exact: true }).nth(5)
    6) <div class="progos-skill-score">A2</div> aka locator('div').filter({ hasText: /^A2$/ }).nth(5)
    7) <div class="progos-skill-score">A2</div> aka locator('div:nth-child(7) > .progos-skill-score')
    8) <span class="rate-badge rate-blue">A2</span> aka locator('span').filter({ hasText: 'A2' }).first()
    9) <span>A2</span> aka locator('span').filter({ hasText: 'A2' }).nth(1)
    10) <span>A2</span> aka locator('span').filter({ hasText: 'A2' }).nth(2)
    ...

Call log:
  - Expect "to.be.visible" with timeout 5000ms
  - waiting for locator('#karte-main :text("A2")')
18-06-2026 20:10:30.843 [Gauge] [ERROR] Specification: specs/09_progos_score.spec:15
18-06-2026 20:10:30.843 [Gauge] [ERROR] Stacktrace: 
Error: expect(locator).toBeVisible() failed

Locator: locator('#karte-main :text("A2")')
Expected: visible
Error: strict mode violation: locator('#karte-main :text("A2")') resolved to 14 elements:
    1) <div class="bar-value">A2</div> aka getByText('A2').nth(2)
    2) <div class="progos-skill-score">A2</div> aka getByText('A2').nth(3)
    3) <div class="progos-skill-score">A2</div> aka getByText('A2').nth(4)
    4) <div class="progos-skill-score">A2</div> aka getByText('A2').nth(5)
    5) <div class="progos-skill-score">A2</div> aka getByText('A2', { exact: true }).nth(5)
    6) <div class="progos-skill-score">A2</div> aka locator('div').filter({ hasText: /^A2$/ }).nth(5)
    7) <div class="progos-skill-score">A2</div> aka locator('div:nth-child(7) > .progos-skill-score')
    8) <span class="rate-badge rate-blue">A2</span> aka locator('span').filter({ hasText: 'A2' }).first()
    9) <span>A2</span> aka locator('span').filter({ hasText: 'A2' }).nth(1)
    10) <span>A2</span> aka locator('span').filter({ hasText: 'A2' }).nth(2)
    ...

Call log:
  - Expect "to.be.visible" with timeout 5000ms
  - waiting for locator('#karte-main :text("A2")')

    at captureRawStack (/Users/yasuikendo/morrow-world/study_app/e2e/node_modules/playwright-core/lib/coreBundle.js:3172:17)
    at callMatcherAsStep (/Users/yasuikendo/morrow-world/study_app/e2e/node_modules/playwright/lib/matchers/expect.js:12875:57)
    at Object.toBeVisible (/Users/yasuikendo/morrow-world/study_app/e2e/node_modules/playwright/lib/matchers/expect.js:12865:23)
    at StepImplementation.<anonymous> (/Users/yasuikendo/morrow-world/study_app/e2e/tests/StepImplementation.ts:421:58)
    at /Users/yasuikendo/morrow-world/study_app/e2e/tests/StepImplementation.ts:17:71
    at __awaiter (/Users/yasuikendo/morrow-world/study_app/e2e/tests/StepImplementation.ts:13:12)
    at StepImplementation.assertProgosScoreVisible (/Users/yasuikendo/morrow-world/study_app/e2e/tests/StepImplementation.ts:424:16)
    at StepExecutionProcessor.executeMethod (/Users/yasuikendo/morrow-world/study_app/node_modules/.pnpm/gauge-ts@0.3.0_@types+node@25.9.3/node_modules/gauge-ts/dist/processors/ExecutionProcessor.js:12:22)
    at StepExecutionProcessor.execute (/Users/yasuikendo/morrow-world/study_app/node_modules/.pnpm/gauge-ts@0.3.0_@types+node@25.9.3/node_modules/gauge-ts/dist/processors/StepExecutionProcessor.js:35:24)
    at StepExecutionProcessor.process (/Users/yasuikendo/morrow-world/study_app/node_modules/.pnpm/gauge-ts@0.3.0_@types+node@25.9.3/node_modules/gauge-ts/dist/processors/StepExecutionProcessor.js:16:35)
    at RunnerServer.executeStep (/Users/yasuikendo/morrow-world/study_app/node_modules/.pnpm/gauge-ts@0.3.0_@types+node@25.9.3/node_modules/gauge-ts/dist/RunnerServer.js:139:14)
    at Object.onReceiveHalfClose (/Users/yasuikendo/morrow-world/study_app/node_modules/.pnpm/@grpc+grpc-js@1.14.4/node_modules/@grpc/grpc-js/src/server.ts:2053:17)
    at BaseServerInterceptingCall.maybePushNextMessage (/Users/yasuikendo/morrow-world/study_app/node_modules/.pnpm/@grpc+grpc-js@1.14.4/node_modules/@grpc/grpc-js/src/server-interceptors.ts:815:23)
    at BaseServerInterceptingCall.handleEndEvent (/Users/yasuikendo/morrow-world/study_app/node_modules/.pnpm/@grpc+grpc-js@1.14.4/node_modules/@grpc/grpc-js/src/server-interceptors.ts:857:10)
    at ServerHttp2Stream.<anonymous> (/Users/yasuikendo/morrow-world/study_app/node_modules/.pnpm/@grpc+grpc-js@1.14.4/node_modules/@grpc/grpc-js/src/server-interceptors.ts:584:12)
18-06-2026 20:10:30.847 [Gauge] [INFO] # 継続プラン管理
18-06-2026 20:10:30.848 [Gauge] [INFO] ## 継続プランを追加するとリロード後に詳細パネルに表示される
18-06-2026 20:10:30.900 [Gauge] [DEBUG] * 職員としてセッションを設定して管理画面を開く（localStorageなし）
18-06-2026 20:10:31.006 [Gauge] [DEBUG] * localStorageに会員データを注入してリロードする
18-06-2026 20:10:31.035 [Gauge] [DEBUG] * 会員管理メニューをクリックする
18-06-2026 20:10:31.069 [Gauge] [DEBUG] * 会員 "見本一郎" の行をクリックする
18-06-2026 20:10:31.121 [Gauge] [DEBUG] * 継続プラン追加ボタンをクリックする
18-06-2026 20:10:31.500 [Gauge] [DEBUG] * 継続プランフォームに最小限の情報を入力する
18-06-2026 20:10:31.712 [Gauge] [DEBUG] * 継続プランを保存する
18-06-2026 20:10:31.739 [Gauge] [DEBUG] * 管理画面をリロードする
18-06-2026 20:10:31.771 [Gauge] [DEBUG] * 会員管理メニューをクリックする
18-06-2026 20:10:31.798 [Gauge] [DEBUG] * 会員 "見本一郎" の行をクリックする
18-06-2026 20:10:31.835 [Gauge] [DEBUG] * 継続プランが表示される
18-06-2026 20:10:31.842 [Gauge] [INFO] # 休会設定
18-06-2026 20:10:31.843 [Gauge] [INFO] ## 休会期間を設定するとリロード後にステータスが休会中になる
18-06-2026 20:10:31.880 [Gauge] [DEBUG] * 職員としてセッションを設定して管理画面を開く（localStorageなし）
18-06-2026 20:10:31.996 [Gauge] [DEBUG] * localStorageに会員データを注入してリロードする
18-06-2026 20:10:32.025 [Gauge] [DEBUG] * 会員管理メニューをクリックする
18-06-2026 20:10:32.069 [Gauge] [DEBUG] * 会員 "見本一郎" の行をクリックする
18-06-2026 20:10:32.108 [Gauge] [DEBUG] * 休会設定ボタンをクリックする
18-06-2026 20:10:32.487 [Gauge] [DEBUG] * 休会フォームに今日から "30" 日間の期間を入力する
18-06-2026 20:10:32.703 [Gauge] [DEBUG] * 休会設定を保存する
18-06-2026 20:10:32.741 [Gauge] [DEBUG] * 管理画面をリロードする
18-06-2026 20:10:32.775 [Gauge] [DEBUG] * 会員管理メニューをクリックする
18-06-2026 20:10:32.816 [Gauge] [DEBUG] * 会員 "見本一郎" の行をクリックする
18-06-2026 20:10:32.853 [Gauge] [DEBUG] * 詳細パネルのステータスが "休会中" と表示される
18-06-2026 20:10:32.862 [Gauge] [INFO] # 自動ステータス切り替え
18-06-2026 20:10:32.863 [Gauge] [INFO] ## 卒業日が昨日の会員は管理画面ロード時に卒業ステータスになる
18-06-2026 20:10:32.900 [Gauge] [DEBUG] * 卒業日が昨日の会員データを注入して管理画面を開く
18-06-2026 20:10:33.003 [Gauge] [DEBUG] * 会員管理メニューをクリックする
18-06-2026 20:10:33.037 [Gauge] [DEBUG] * 会員 "見本一郎" の行をクリックする
18-06-2026 20:10:33.105 [Gauge] [DEBUG] * 詳細パネルのステータスが "卒業" と表示される

18-06-2026 20:10:33.114 [Gauge] [INFO] ## 今日が休会期間内の会員は管理画面ロード時に休会中ステータスになる
18-06-2026 20:10:33.150 [Gauge] [DEBUG] * 今日が休会期間内の会員データを注入して管理画面を開く
18-06-2026 20:10:33.254 [Gauge] [DEBUG] * 会員管理メニューをクリックする
18-06-2026 20:10:33.285 [Gauge] [DEBUG] * 会員 "見本一郎" の行をクリックする
18-06-2026 20:10:33.325 [Gauge] [DEBUG] * 詳細パネルのステータスが "休会中" と表示される
18-06-2026 20:10:33.334 [Gauge] [INFO] # 会員ダッシュボード表示値検証
18-06-2026 20:10:33.335 [Gauge] [INFO] ## 3日連続の学習記録があるとストリークが3と表示される
18-06-2026 20:10:33.370 [Gauge] [DEBUG] * "3" 日分の連続学習記録を注入して会員画面を開く
18-06-2026 20:10:33.445 [Gauge] [DEBUG] * ストリーク表示が "3" 日と表示される

18-06-2026 20:10:33.454 [Gauge] [INFO] ## 今日の目標を達成するとグラフが100%!と(MISSING)表示される
18-06-2026 20:10:33.490 [Gauge] [DEBUG] * 今日 "60" 分の学習記録と目標 "60" 分を注入して会員画面を開く
18-06-2026 20:10:33.562 [Gauge] [DEBUG] * 目標円グラフが "100" %!と(MISSING)表示される

18-06-2026 20:10:33.570 [Gauge] [INFO] ## 卒業日が設定されていると卒業カウントダウンが正しく表示される
18-06-2026 20:10:33.605 [Gauge] [DEBUG] * "13" 日後の卒業日で会員データを注入して会員画面を開く
18-06-2026 20:10:33.674 [Gauge] [DEBUG] * 卒業カウントダウンが "13" 日と表示される
18-06-2026 20:10:33.684 [Gauge] [INFO] # 教材進捗・コーチングリマインダー
18-06-2026 20:10:33.685 [Gauge] [INFO] ## 教材選定済みの会員は会員画面に教材進捗が表示される
18-06-2026 20:10:33.722 [Gauge] [DEBUG] * 教材選定済みの会員データを注入して会員画面を開く
18-06-2026 20:10:33.794 [Gauge] [DEBUG] * 教材進捗エリアに教材が表示される

18-06-2026 20:10:33.805 [Gauge] [INFO] ## 最後のコーチングから31日以上経過するとリマインダーが表示される
18-06-2026 20:10:33.840 [Gauge] [DEBUG] * "31" 日前のコーチング記録を持つ会員データを注入して会員画面を開く
18-06-2026 20:10:33.916 [Gauge] [DEBUG] * コーチングリマインダーが表示される
18-06-2026 20:10:33.928 [Gauge] [INFO] # 達成率グラフ
18-06-2026 20:10:33.930 [Gauge] [INFO] ## 学習記録があると達成率グラフが表示される
18-06-2026 20:10:33.964 [Gauge] [DEBUG] * 学習記録を "60" 分注入して会員画面を開く
18-06-2026 20:10:34.062 [Gauge] [DEBUG] * 達成率グラフが表示される

18-06-2026 20:10:34.067 [Gauge] [INFO] ## 期間タブを今週に切り替えてもグラフが表示される
18-06-2026 20:10:34.103 [Gauge] [DEBUG] * 学習記録を "60" 分注入して会員画面を開く
18-06-2026 20:10:34.193 [Gauge] [DEBUG] * 達成率グラフの "week" タブに切り替える
18-06-2026 20:10:34.533 [Gauge] [DEBUG] * 達成率グラフが表示される
18-06-2026 20:10:34.540 [Gauge] [INFO] # 学習履歴カレンダー
18-06-2026 20:10:34.541 [Gauge] [INFO] ## 今日の目標を達成した場合カレンダーに緑セルが表示される
18-06-2026 20:10:34.577 [Gauge] [DEBUG] * 今日 "60" 分の学習記録と目標 "60" 分を注入して会員画面を開く
18-06-2026 20:10:34.652 [Gauge] [DEBUG] * 学習カレンダーに達成済みセルが表示される
18-06-2026 20:10:34.662 [Gauge] [INFO] # 学習記録の編集・削除
18-06-2026 20:10:34.663 [Gauge] [INFO] ## 学習記録を編集するとリロード後も変更が保持される
18-06-2026 20:10:34.698 [Gauge] [DEBUG] * 学習記録を "30" 分注入して会員画面を開く
18-06-2026 20:10:34.796 [Gauge] [DEBUG] * 今日のカレンダーセルをクリックする
18-06-2026 20:10:34.881 [Gauge] [DEBUG] * 学習記録の編集ボタンをクリックする
18-06-2026 20:10:34.917 [Gauge] [DEBUG] * 学習時間を "1" 時間 "0" 分に変更する
18-06-2026 20:10:34.921 [Gauge] [DEBUG] * 記録を保存する
18-06-2026 20:10:34.951 [Gauge] [DEBUG] * 会員画面をリロードする
18-06-2026 20:10:35.003 [Gauge] [DEBUG] * 今日の学習記録が "60" 分で保存されている

18-06-2026 20:10:35.009 [Gauge] [INFO] ## 学習記録を削除するとリロード後も削除が保持される
18-06-2026 20:10:35.045 [Gauge] [DEBUG] * 学習記録を "30" 分注入して会員画面を開く
18-06-2026 20:10:35.141 [Gauge] [DEBUG] * 今日のカレンダーセルをクリックする
18-06-2026 20:10:35.225 [Gauge] [DEBUG] * 学習記録の削除ボタンをクリックする
18-06-2026 20:10:35.769 [Gauge] [DEBUG] * 会員画面をリロードする
18-06-2026 20:10:35.804 [Gauge] [DEBUG] * 学習記録が "0" 件保存されている
18-06-2026 20:10:35.834 [html-report] [DEBUG] Transformed SuiteResult to report structure
18-06-2026 20:10:35.862 [html-report] [INFO] Successfully generated html-report to => /Users/yasuikendo/morrow-world/study_app/e2e/reports/html-report/index.html
18-06-2026 20:10:35.862 [html-report] [DEBUG] Done generating HTML report using theme from /Users/yasuikendo/.gauge/plugins/html-report/4.4.5/themes/default
18-06-2026 20:10:35.862 [Gauge] [DEBUG] Sending kill message to Html Report plugin.
18-06-2026 20:10:35.863 [Gauge] [INFO] Specifications:	17 executed	16 passed	1 failed	0 skipped
18-06-2026 20:10:35.863 [Gauge] [INFO] Scenarios:	26 executed	25 passed	1 failed	0 skipped
18-06-2026 20:10:35.863 [Gauge] [INFO] 
Total time taken: 12.024s
18-06-2026 20:10:35.863 [Gauge] [INFO] Updates are available. Run `gauge update -c` for more info.
18-06-2026 20:10:50.696 [Gauge] [DEBUG] Created gauge_screenshots_dir at /Users/yasuikendo/morrow-world/study_app/e2e/.gauge/screenshots
18-06-2026 20:10:50.697 [Gauge] [DEBUG] Plugin ts is already installed.
18-06-2026 20:10:50.697 [Gauge] [DEBUG] Plugin html-report is already installed.
18-06-2026 20:10:50.697 [Gauge] [DEBUG] Parsing started.
18-06-2026 20:10:50.697 [Gauge] [DEBUG] Started concepts parsing.
18-06-2026 20:10:50.700 [Gauge] [DEBUG] 0 concepts parsing completed.
18-06-2026 20:10:50.700 [Gauge] [DEBUG] Started specifications parsing.
18-06-2026 20:10:50.702 [Gauge] [DEBUG] 17 specifications parsing completed.
18-06-2026 20:10:50.702 [Gauge] [DEBUG] Parsing completed.
18-06-2026 20:10:50.737 [ts] [ERROR] (node:16602) [DEP0190] DeprecationWarning: Passing args to a child process with shell option true can lead to security vulnerabilities, as the arguments are not escaped, only concatenated.
18-06-2026 20:10:50.737 [ts] [ERROR] (Use `node --trace-deprecation ...` to show where the warning was created)
18-06-2026 20:10:50.794 [Gauge] [DEBUG] Checking updates...
18-06-2026 20:10:50.794 [Gauge] [DEBUG] Downloading https://downloads.gauge.org/plugin/html-report?l=ts&p=html-report,screenshot,ts&o=darwin&a=arm64
18-06-2026 20:10:51.070 [Gauge] [DEBUG] Downloading https://downloads.gauge.org/plugin/screenshot?l=ts&p=html-report,screenshot,ts&o=darwin&a=arm64
18-06-2026 20:10:51.158 [Gauge] [DEBUG] Downloading https://downloads.gauge.org/plugin/ts?l=ts&p=html-report,screenshot,ts&o=darwin&a=arm64
18-06-2026 20:10:51.520 [ts] [ERROR] (node:16625) [DEP0180] DeprecationWarning: fs.Stats constructor is deprecated.
18-06-2026 20:10:51.520 [ts] [ERROR] (Use `node --trace-deprecation ...` to show where the warning was created)
18-06-2026 20:10:51.525 [Gauge] [DEBUG] Attempting to connect to grpc server at port: 58110
18-06-2026 20:10:51.525 [Gauge] [DEBUG] Successfully made the connection with runner with port: 58110
18-06-2026 20:10:51.525 [Gauge] [DEBUG] Validation started.
18-06-2026 20:10:51.550 [Gauge] [DEBUG] Validation completed.
18-06-2026 20:10:51.550 [Gauge] [DEBUG] Run started
18-06-2026 20:10:51.551 [Gauge] [DEBUG] Starting Html Report plugin
18-06-2026 20:10:51.559 [Gauge] [DEBUG] Attempting to connect to grpc server at port: 58113
18-06-2026 20:10:51.559 [Gauge] [DEBUG] Successfully made the connection with plugin with port: 58113
18-06-2026 20:10:51.559 [Gauge] [DEBUG] Initialising suite data store.
18-06-2026 20:10:52.045 [Gauge] [INFO] # 会員ログイン
18-06-2026 20:10:52.047 [Gauge] [INFO] ## 会員が正常にログインして会員ダッシュボードに遷移する
18-06-2026 20:10:52.091 [Gauge] [DEBUG] * ログインページを開く
18-06-2026 20:10:52.121 [Gauge] [DEBUG] * デモ会員ボタンでログインする
18-06-2026 20:10:52.172 [Gauge] [DEBUG] * 会員ダッシュボード（ホーム画面）が表示される

18-06-2026 20:10:52.204 [Gauge] [INFO] ## 誤ったパスワードでログインするとエラーが表示される
18-06-2026 20:10:52.238 [Gauge] [DEBUG] * ログインページを開く
18-06-2026 20:10:52.264 [Gauge] [DEBUG] * 会員 "student_10001@example.jp" / "wrongpassword" でログインする
18-06-2026 20:10:52.321 [Gauge] [DEBUG] * ログインエラーメッセージが表示される

18-06-2026 20:10:52.327 [Gauge] [INFO] ## 未登録メールアドレスでログインするとエラーが表示される
18-06-2026 20:10:52.360 [Gauge] [DEBUG] * ログインページを開く
18-06-2026 20:10:52.385 [Gauge] [DEBUG] * 会員 "unknown@example.jp" / "anypassword" でログインする
18-06-2026 20:10:52.448 [Gauge] [DEBUG] * ログインエラーメッセージが表示される
18-06-2026 20:10:52.454 [Gauge] [INFO] # 職員（コーチ）ログイン
18-06-2026 20:10:52.455 [Gauge] [INFO] ## 職員が正常にログインして管理画面に遷移する
18-06-2026 20:10:52.488 [Gauge] [DEBUG] * ログインページを開く
18-06-2026 20:10:52.513 [Gauge] [DEBUG] * 職員 "coach_001@example.jp" / "coach001" でログインする
18-06-2026 20:10:52.568 [Gauge] [DEBUG] * 管理画面（ダッシュボード）が表示される
18-06-2026 20:10:52.615 [Gauge] [DEBUG] * サイドバーが表示される
18-06-2026 20:10:52.621 [Gauge] [INFO] # 学習記録の入力
18-06-2026 20:10:52.622 [Gauge] [INFO] ## 会員が学習記録を入力して保存できる
18-06-2026 20:10:52.656 [Gauge] [DEBUG] * 会員としてセッションを設定して会員画面を開く
18-06-2026 20:10:52.747 [Gauge] [DEBUG] * 学習記録ボタンをクリックする
18-06-2026 20:10:52.790 [Gauge] [DEBUG] * 学習日 "2026-06-01" を入力する
18-06-2026 20:10:52.794 [Gauge] [DEBUG] * 教材を選択する
18-06-2026 20:10:52.815 [Gauge] [DEBUG] * 学習時間 "30" 分を選択する
18-06-2026 20:10:52.818 [Gauge] [DEBUG] * 記録を保存する
18-06-2026 20:10:52.848 [Gauge] [DEBUG] * 会員画面をリロードする
18-06-2026 20:10:52.865 [Gauge] [DEBUG] * カレンダーに "2026-06-01" の記録が表示される
18-06-2026 20:10:52.872 [Gauge] [INFO] # 会員一覧の検索
18-06-2026 20:10:52.872 [Gauge] [INFO] ## キーワードで会員を検索できる
18-06-2026 20:10:52.906 [Gauge] [DEBUG] * 職員としてセッションを設定して管理画面を開く
18-06-2026 20:10:53.005 [Gauge] [DEBUG] * 会員管理メニューをクリックする
18-06-2026 20:10:53.052 [Gauge] [DEBUG] * 会員検索欄に "見本一郎" と入力する
18-06-2026 20:10:53.384 [Gauge] [DEBUG] * 会員一覧に "見本一郎" が表示される

18-06-2026 20:10:53.401 [Gauge] [INFO] ## 存在しないキーワードで検索すると該当なしになる
18-06-2026 20:10:53.444 [Gauge] [DEBUG] * 職員としてセッションを設定して管理画面を開く
18-06-2026 20:10:53.545 [Gauge] [DEBUG] * 会員管理メニューをクリックする
18-06-2026 20:10:53.586 [Gauge] [DEBUG] * 会員検索欄に "zzznotexist" と入力する
18-06-2026 20:10:53.917 [Gauge] [DEBUG] * 会員一覧に "見本一郎" が表示されない
18-06-2026 20:10:53.940 [Gauge] [INFO] # ログアウト
18-06-2026 20:10:53.941 [Gauge] [INFO] ## 職員がログアウトすると login.html に戻る
18-06-2026 20:10:53.984 [Gauge] [DEBUG] * 職員としてセッションを設定して管理画面を開く
18-06-2026 20:10:54.087 [Gauge] [DEBUG] * 管理画面でログアウトする
18-06-2026 20:10:54.116 [Gauge] [DEBUG] * ログインページにリダイレクトされる
18-06-2026 20:10:54.127 [Gauge] [INFO] # 新規会員登録
18-06-2026 20:10:54.128 [Gauge] [INFO] ## 新規会員を登録するとリロード後に詳細パネルで確認できる
18-06-2026 20:10:54.163 [Gauge] [DEBUG] * 職員としてセッションを設定して管理画面を開く（localStorageなし）
18-06-2026 20:10:54.264 [Gauge] [DEBUG] * 会員管理メニューをクリックする
18-06-2026 20:10:54.301 [Gauge] [DEBUG] * 新規会員登録ボタンをクリックする
18-06-2026 20:10:54.339 [Gauge] [DEBUG] * 新規会員フォームに最小限の情報を入力する
18-06-2026 20:10:54.384 [Gauge] [DEBUG] * 新規会員フォームを保存する
18-06-2026 20:10:54.418 [Gauge] [DEBUG] * 管理画面をリロードする
18-06-2026 20:10:54.440 [Gauge] [DEBUG] * 会員管理メニューをクリックする
18-06-2026 20:10:54.481 [Gauge] [DEBUG] * 会員 "テスト 太郎" の行をクリックする
18-06-2026 20:10:54.518 [Gauge] [DEBUG] * 詳細パネルの "em-email" が "e2etest@example.jp" と表示される
18-06-2026 20:10:54.524 [Gauge] [DEBUG] * 詳細パネルの "em-id" が "99990" と表示される
18-06-2026 20:10:54.534 [Gauge] [INFO] # 会員情報編集
18-06-2026 20:10:54.535 [Gauge] [INFO] ## 会員のプランを変更するとリロード後に詳細パネルに反映される
18-06-2026 20:10:54.569 [Gauge] [DEBUG] * 職員としてセッションを設定して管理画面を開く（localStorageなし）
18-06-2026 20:10:54.669 [Gauge] [DEBUG] * localStorageに会員データを注入してリロードする
18-06-2026 20:10:54.699 [Gauge] [DEBUG] * 会員管理メニューをクリックする
18-06-2026 20:10:54.736 [Gauge] [DEBUG] * 会員 "見本一郎" の行をクリックする
18-06-2026 20:10:54.772 [Gauge] [DEBUG] * 詳細パネルの "em-plan" を "給付金6ヶ月プラン" に変更する
18-06-2026 20:10:54.781 [Gauge] [DEBUG] * 詳細パネルの変更を保存する
18-06-2026 20:10:56.654 [Gauge] [DEBUG] * 会員管理メニューをクリックする
18-06-2026 20:10:56.684 [Gauge] [DEBUG] * 会員 "見本一郎" の行をクリックする
18-06-2026 20:10:56.720 [Gauge] [DEBUG] * 詳細パネルの "em-plan" が "給付金6ヶ月プラン" と表示される
18-06-2026 20:10:56.733 [Gauge] [INFO] # コーチング記録
18-06-2026 20:10:56.734 [Gauge] [INFO] ## 通常コーチング記録を作成するとリロード後に詳細パネルに表示される
18-06-2026 20:10:56.771 [Gauge] [DEBUG] * 職員としてセッションを設定して管理画面を開く（localStorageなし）
18-06-2026 20:10:56.870 [Gauge] [DEBUG] * localStorageに会員データを注入してリロードする
18-06-2026 20:10:56.898 [Gauge] [DEBUG] * 会員カルテメニューをクリックする
18-06-2026 20:10:56.943 [Gauge] [DEBUG] * コーチング記録追加ボタンをクリックする
18-06-2026 20:10:57.035 [Gauge] [DEBUG] * コーチング種別を "通常コーチング" に選択する
18-06-2026 20:10:57.343 [Gauge] [DEBUG] * コーチング日付に今日を入力する
18-06-2026 20:10:57.356 [Gauge] [DEBUG] * コーチング記録を保存する
18-06-2026 20:10:57.411 [Gauge] [DEBUG] * 管理画面をリロードする
18-06-2026 20:10:57.446 [Gauge] [DEBUG] * 会員カルテメニューをクリックする
18-06-2026 20:10:57.484 [Gauge] [DEBUG] * コーチング記録 "通常コーチング" が表示される
18-06-2026 20:10:57.497 [Gauge] [INFO] # PROGOSスコア登録
18-06-2026 20:10:57.498 [Gauge] [INFO] ## PROGOSスコアを登録するとリロード後に詳細パネルに表示される
18-06-2026 20:10:57.533 [Gauge] [DEBUG] * 職員としてセッションを設定して管理画面を開く（localStorageなし）
18-06-2026 20:10:57.632 [Gauge] [DEBUG] * localStorageに会員データを注入してリロードする
18-06-2026 20:10:57.661 [Gauge] [DEBUG] * 会員カルテメニューをクリックする
18-06-2026 20:10:57.711 [Gauge] [DEBUG] * PROGOSスコア登録ボタンをクリックする
18-06-2026 20:10:57.802 [Gauge] [DEBUG] * PROGOSフォームに最小限の情報を入力する
18-06-2026 20:10:58.030 [Gauge] [DEBUG] * PROGOSスコアを保存する
18-06-2026 20:10:58.073 [Gauge] [DEBUG] * 管理画面をリロードする
18-06-2026 20:10:58.102 [Gauge] [DEBUG] * 会員カルテメニューをクリックする
18-06-2026 20:10:58.134 [Gauge] [DEBUG] * PROGOSスコアが表示される
18-06-2026 20:10:58.148 [Gauge] [INFO] # 継続プラン管理
18-06-2026 20:10:58.149 [Gauge] [INFO] ## 継続プランを追加するとリロード後に詳細パネルに表示される
18-06-2026 20:10:58.183 [Gauge] [DEBUG] * 職員としてセッションを設定して管理画面を開く（localStorageなし）
18-06-2026 20:10:58.282 [Gauge] [DEBUG] * localStorageに会員データを注入してリロードする
18-06-2026 20:10:58.311 [Gauge] [DEBUG] * 会員管理メニューをクリックする
18-06-2026 20:10:58.351 [Gauge] [DEBUG] * 会員 "見本一郎" の行をクリックする
18-06-2026 20:10:58.387 [Gauge] [DEBUG] * 継続プラン追加ボタンをクリックする
18-06-2026 20:10:58.751 [Gauge] [DEBUG] * 継続プランフォームに最小限の情報を入力する
18-06-2026 20:10:58.967 [Gauge] [DEBUG] * 継続プランを保存する
18-06-2026 20:10:59.004 [Gauge] [DEBUG] * 管理画面をリロードする
18-06-2026 20:10:59.038 [Gauge] [DEBUG] * 会員管理メニューをクリックする
18-06-2026 20:10:59.065 [Gauge] [DEBUG] * 会員 "見本一郎" の行をクリックする
18-06-2026 20:10:59.101 [Gauge] [DEBUG] * 継続プランが表示される
18-06-2026 20:10:59.109 [Gauge] [INFO] # 休会設定
18-06-2026 20:10:59.110 [Gauge] [INFO] ## 休会期間を設定するとリロード後にステータスが休会中になる
18-06-2026 20:10:59.145 [Gauge] [DEBUG] * 職員としてセッションを設定して管理画面を開く（localStorageなし）
18-06-2026 20:10:59.243 [Gauge] [DEBUG] * localStorageに会員データを注入してリロードする
18-06-2026 20:10:59.270 [Gauge] [DEBUG] * 会員管理メニューをクリックする
18-06-2026 20:10:59.301 [Gauge] [DEBUG] * 会員 "見本一郎" の行をクリックする
18-06-2026 20:10:59.338 [Gauge] [DEBUG] * 休会設定ボタンをクリックする
18-06-2026 20:10:59.701 [Gauge] [DEBUG] * 休会フォームに今日から "30" 日間の期間を入力する
18-06-2026 20:10:59.912 [Gauge] [DEBUG] * 休会設定を保存する
18-06-2026 20:10:59.937 [Gauge] [DEBUG] * 管理画面をリロードする
18-06-2026 20:10:59.975 [Gauge] [DEBUG] * 会員管理メニューをクリックする
18-06-2026 20:11:00.016 [Gauge] [DEBUG] * 会員 "見本一郎" の行をクリックする
18-06-2026 20:11:00.054 [Gauge] [DEBUG] * 詳細パネルのステータスが "休会中" と表示される
18-06-2026 20:11:00.063 [Gauge] [INFO] # 自動ステータス切り替え
18-06-2026 20:11:00.064 [Gauge] [INFO] ## 卒業日が昨日の会員は管理画面ロード時に卒業ステータスになる
18-06-2026 20:11:00.098 [Gauge] [DEBUG] * 卒業日が昨日の会員データを注入して管理画面を開く
18-06-2026 20:11:00.199 [Gauge] [DEBUG] * 会員管理メニューをクリックする
18-06-2026 20:11:00.236 [Gauge] [DEBUG] * 会員 "見本一郎" の行をクリックする
18-06-2026 20:11:00.271 [Gauge] [DEBUG] * 詳細パネルのステータスが "卒業" と表示される

18-06-2026 20:11:00.278 [Gauge] [INFO] ## 今日が休会期間内の会員は管理画面ロード時に休会中ステータスになる
18-06-2026 20:11:00.313 [Gauge] [DEBUG] * 今日が休会期間内の会員データを注入して管理画面を開く
18-06-2026 20:11:00.414 [Gauge] [DEBUG] * 会員管理メニューをクリックする
18-06-2026 20:11:00.452 [Gauge] [DEBUG] * 会員 "見本一郎" の行をクリックする
18-06-2026 20:11:00.488 [Gauge] [DEBUG] * 詳細パネルのステータスが "休会中" と表示される
18-06-2026 20:11:00.495 [Gauge] [INFO] # 会員ダッシュボード表示値検証
18-06-2026 20:11:00.496 [Gauge] [INFO] ## 3日連続の学習記録があるとストリークが3と表示される
18-06-2026 20:11:00.530 [Gauge] [DEBUG] * "3" 日分の連続学習記録を注入して会員画面を開く
18-06-2026 20:11:00.602 [Gauge] [DEBUG] * ストリーク表示が "3" 日と表示される

18-06-2026 20:11:00.611 [Gauge] [INFO] ## 今日の目標を達成するとグラフが100%!と(MISSING)表示される
18-06-2026 20:11:00.645 [Gauge] [DEBUG] * 今日 "60" 分の学習記録と目標 "60" 分を注入して会員画面を開く
18-06-2026 20:11:00.715 [Gauge] [DEBUG] * 目標円グラフが "100" %!と(MISSING)表示される

18-06-2026 20:11:00.724 [Gauge] [INFO] ## 卒業日が設定されていると卒業カウントダウンが正しく表示される
18-06-2026 20:11:00.759 [Gauge] [DEBUG] * "13" 日後の卒業日で会員データを注入して会員画面を開く
18-06-2026 20:11:00.828 [Gauge] [DEBUG] * 卒業カウントダウンが "13" 日と表示される
18-06-2026 20:11:00.838 [Gauge] [INFO] # 教材進捗・コーチングリマインダー
18-06-2026 20:11:00.838 [Gauge] [INFO] ## 教材選定済みの会員は会員画面に教材進捗が表示される
18-06-2026 20:11:00.871 [Gauge] [DEBUG] * 教材選定済みの会員データを注入して会員画面を開く
18-06-2026 20:11:00.941 [Gauge] [DEBUG] * 教材進捗エリアに教材が表示される

18-06-2026 20:11:00.951 [Gauge] [INFO] ## 最後のコーチングから31日以上経過するとリマインダーが表示される
18-06-2026 20:11:00.986 [Gauge] [DEBUG] * "31" 日前のコーチング記録を持つ会員データを注入して会員画面を開く
18-06-2026 20:11:01.056 [Gauge] [DEBUG] * コーチングリマインダーが表示される
18-06-2026 20:11:01.065 [Gauge] [INFO] # 達成率グラフ
18-06-2026 20:11:01.066 [Gauge] [INFO] ## 学習記録があると達成率グラフが表示される
18-06-2026 20:11:01.099 [Gauge] [DEBUG] * 学習記録を "60" 分注入して会員画面を開く
18-06-2026 20:11:01.193 [Gauge] [DEBUG] * 達成率グラフが表示される

18-06-2026 20:11:01.200 [Gauge] [INFO] ## 期間タブを今週に切り替えてもグラフが表示される
18-06-2026 20:11:01.235 [Gauge] [DEBUG] * 学習記録を "60" 分注入して会員画面を開く
18-06-2026 20:11:01.325 [Gauge] [DEBUG] * 達成率グラフの "week" タブに切り替える
18-06-2026 20:11:01.664 [Gauge] [DEBUG] * 達成率グラフが表示される
18-06-2026 20:11:01.678 [Gauge] [INFO] # 学習履歴カレンダー
18-06-2026 20:11:01.679 [Gauge] [INFO] ## 今日の目標を達成した場合カレンダーに緑セルが表示される
18-06-2026 20:11:01.725 [Gauge] [DEBUG] * 今日 "60" 分の学習記録と目標 "60" 分を注入して会員画面を開く
18-06-2026 20:11:01.797 [Gauge] [DEBUG] * 学習カレンダーに達成済みセルが表示される
18-06-2026 20:11:01.806 [Gauge] [INFO] # 学習記録の編集・削除
18-06-2026 20:11:01.807 [Gauge] [INFO] ## 学習記録を編集するとリロード後も変更が保持される
18-06-2026 20:11:01.841 [Gauge] [DEBUG] * 学習記録を "30" 分注入して会員画面を開く
18-06-2026 20:11:01.930 [Gauge] [DEBUG] * 今日のカレンダーセルをクリックする
18-06-2026 20:11:02.009 [Gauge] [DEBUG] * 学習記録の編集ボタンをクリックする
18-06-2026 20:11:02.052 [Gauge] [DEBUG] * 学習時間を "1" 時間 "0" 分に変更する
18-06-2026 20:11:02.056 [Gauge] [DEBUG] * 記録を保存する
18-06-2026 20:11:02.080 [Gauge] [DEBUG] * 会員画面をリロードする
18-06-2026 20:11:02.097 [Gauge] [DEBUG] * 今日の学習記録が "60" 分で保存されている

18-06-2026 20:11:02.103 [Gauge] [INFO] ## 学習記録を削除するとリロード後も削除が保持される
18-06-2026 20:11:02.138 [Gauge] [DEBUG] * 学習記録を "30" 分注入して会員画面を開く
18-06-2026 20:11:02.228 [Gauge] [DEBUG] * 今日のカレンダーセルをクリックする
18-06-2026 20:11:02.307 [Gauge] [DEBUG] * 学習記録の削除ボタンをクリックする
18-06-2026 20:11:02.848 [Gauge] [DEBUG] * 会員画面をリロードする
18-06-2026 20:11:02.865 [Gauge] [DEBUG] * 学習記録が "0" 件保存されている
18-06-2026 20:11:02.886 [html-report] [DEBUG] Transformed SuiteResult to report structure
18-06-2026 20:11:02.912 [html-report] [INFO] Successfully generated html-report to => /Users/yasuikendo/morrow-world/study_app/e2e/reports/html-report/index.html
18-06-2026 20:11:02.912 [html-report] [DEBUG] Done generating HTML report using theme from /Users/yasuikendo/.gauge/plugins/html-report/4.4.5/themes/default
18-06-2026 20:11:02.912 [Gauge] [DEBUG] Sending kill message to Html Report plugin.
18-06-2026 20:11:02.913 [Gauge] [INFO] Specifications:	17 executed	17 passed	0 failed	0 skipped
18-06-2026 20:11:02.913 [Gauge] [INFO] Scenarios:	26 executed	26 passed	0 failed	0 skipped
18-06-2026 20:11:02.913 [Gauge] [INFO] 
Total time taken: 11.335s
18-06-2026 20:11:02.914 [Gauge] [INFO] Updates are available. Run `gauge update -c` for more info.
18-06-2026 20:13:17.196 [Gauge] [DEBUG] Created gauge_screenshots_dir at /Users/yasuikendo/morrow-world/study_app/e2e/.gauge/screenshots
18-06-2026 20:13:17.197 [Gauge] [DEBUG] Plugin ts is already installed.
18-06-2026 20:13:17.197 [Gauge] [DEBUG] Plugin html-report is already installed.
18-06-2026 20:13:17.197 [Gauge] [DEBUG] Parsing started.
18-06-2026 20:13:17.197 [Gauge] [DEBUG] Started concepts parsing.
18-06-2026 20:13:17.202 [Gauge] [DEBUG] 0 concepts parsing completed.
18-06-2026 20:13:17.203 [Gauge] [DEBUG] Started specifications parsing.
18-06-2026 20:13:17.203 [Gauge] [DEBUG] 1 specifications parsing completed.
18-06-2026 20:13:17.203 [Gauge] [DEBUG] Parsing completed.
18-06-2026 20:13:17.243 [ts] [ERROR] (node:17966) [DEP0190] DeprecationWarning: Passing args to a child process with shell option true can lead to security vulnerabilities, as the arguments are not escaped, only concatenated.
18-06-2026 20:13:17.243 [ts] [ERROR] (Use `node --trace-deprecation ...` to show where the warning was created)
18-06-2026 20:13:17.370 [Gauge] [DEBUG] Checking updates...
18-06-2026 20:13:17.370 [Gauge] [DEBUG] Downloading https://downloads.gauge.org/plugin/html-report?l=ts&p=html-report,screenshot,ts&o=darwin&a=arm64
18-06-2026 20:13:17.833 [Gauge] [DEBUG] Downloading https://downloads.gauge.org/plugin/screenshot?l=ts&p=html-report,screenshot,ts&o=darwin&a=arm64
18-06-2026 20:13:17.940 [Gauge] [DEBUG] Downloading https://downloads.gauge.org/plugin/ts?l=ts&p=html-report,screenshot,ts&o=darwin&a=arm64
18-06-2026 20:13:18.011 [ts] [ERROR] (node:17989) [DEP0180] DeprecationWarning: fs.Stats constructor is deprecated.
18-06-2026 20:13:18.011 [ts] [ERROR] (Use `node --trace-deprecation ...` to show where the warning was created)
18-06-2026 20:13:18.024 [Gauge] [DEBUG] Attempting to connect to grpc server at port: 58251
18-06-2026 20:13:18.024 [Gauge] [DEBUG] Successfully made the connection with runner with port: 58251
18-06-2026 20:13:18.024 [Gauge] [DEBUG] Validation started.
18-06-2026 20:13:18.038 [Gauge] [DEBUG] Validation completed.
18-06-2026 20:13:18.039 [Gauge] [DEBUG] Run started
18-06-2026 20:13:18.040 [Gauge] [DEBUG] Starting Html Report plugin
18-06-2026 20:13:18.050 [html-report] [DEBUG] Setting MaxRecvMsgSize = 1024 MB
18-06-2026 20:13:18.050 [Gauge] [DEBUG] Attempting to connect to grpc server at port: 58254
18-06-2026 20:13:18.050 [Gauge] [DEBUG] Successfully made the connection with plugin with port: 58254
18-06-2026 20:13:18.050 [Gauge] [DEBUG] Initialising suite data store.
18-06-2026 20:13:19.175 [Gauge] [INFO] # 職員（コーチ）ログイン
18-06-2026 20:13:19.178 [Gauge] [INFO] ## 職員が正常にログインして管理画面に遷移する
18-06-2026 20:13:19.570 [Gauge] [DEBUG] * ログインページを開く
18-06-2026 20:13:19.683 [Gauge] [DEBUG] * 職員 "coach_001@example.jp" / "coach001" でログインする
18-06-2026 20:13:19.802 [Gauge] [DEBUG] * 管理画面（ダッシュボード）が表示される
18-06-2026 20:13:19.868 [Gauge] [DEBUG] * サイドバーが表示される
18-06-2026 20:13:20.004 [html-report] [DEBUG] Transformed SuiteResult to report structure
18-06-2026 20:13:20.007 [html-report] [INFO] Successfully generated html-report to => /Users/yasuikendo/morrow-world/study_app/e2e/reports/html-report/index.html
18-06-2026 20:13:20.007 [html-report] [DEBUG] Done generating HTML report using theme from /Users/yasuikendo/.gauge/plugins/html-report/4.4.5/themes/default
18-06-2026 20:13:20.008 [Gauge] [DEBUG] Sending kill message to Html Report plugin.
18-06-2026 20:13:20.008 [Gauge] [INFO] Specifications:	1 executed	1 passed	0 failed	0 skipped
18-06-2026 20:13:20.009 [Gauge] [INFO] Scenarios:	1 executed	1 passed	0 failed	0 skipped
18-06-2026 20:13:20.009 [Gauge] [INFO] 
Total time taken: 1.964s
18-06-2026 20:13:20.010 [Gauge] [INFO] Updates are available. Run `gauge update -c` for more info.
18-06-2026 20:14:48.518 [Gauge] [DEBUG] Created gauge_screenshots_dir at /Users/yasuikendo/morrow-world/study_app/e2e/.gauge/screenshots
18-06-2026 20:14:48.518 [Gauge] [DEBUG] Plugin ts is already installed.
18-06-2026 20:14:48.518 [Gauge] [DEBUG] Plugin html-report is already installed.
18-06-2026 20:14:48.519 [Gauge] [DEBUG] Parsing started.
18-06-2026 20:14:48.519 [Gauge] [DEBUG] Started concepts parsing.
18-06-2026 20:14:48.521 [Gauge] [DEBUG] 0 concepts parsing completed.
18-06-2026 20:14:48.521 [Gauge] [DEBUG] Started specifications parsing.
18-06-2026 20:14:48.521 [Gauge] [DEBUG] 1 specifications parsing completed.
18-06-2026 20:14:48.521 [Gauge] [DEBUG] Parsing completed.
18-06-2026 20:14:48.555 [ts] [ERROR] (node:18863) [DEP0190] DeprecationWarning: Passing args to a child process with shell option true can lead to security vulnerabilities, as the arguments are not escaped, only concatenated.
18-06-2026 20:14:48.555 [ts] [ERROR] (Use `node --trace-deprecation ...` to show where the warning was created)
18-06-2026 20:14:49.155 [Gauge] [DEBUG] Checking updates...
18-06-2026 20:14:49.155 [Gauge] [DEBUG] Downloading https://downloads.gauge.org/plugin/html-report?l=ts&p=html-report,screenshot,ts&o=darwin&a=arm64
18-06-2026 20:14:49.416 [Gauge] [DEBUG] Downloading https://downloads.gauge.org/plugin/screenshot?l=ts&p=html-report,screenshot,ts&o=darwin&a=arm64
18-06-2026 20:14:49.439 [ts] [ERROR] (node:18886) [DEP0180] DeprecationWarning: fs.Stats constructor is deprecated.
18-06-2026 20:14:49.439 [ts] [ERROR] (Use `node --trace-deprecation ...` to show where the warning was created)
18-06-2026 20:14:49.444 [Gauge] [DEBUG] Attempting to connect to grpc server at port: 58315
18-06-2026 20:14:49.444 [Gauge] [DEBUG] Successfully made the connection with runner with port: 58315
18-06-2026 20:14:49.444 [Gauge] [DEBUG] Validation started.
18-06-2026 20:14:49.450 [Gauge] [DEBUG] Validation completed.
18-06-2026 20:14:49.450 [Gauge] [DEBUG] Run started
18-06-2026 20:14:49.451 [Gauge] [DEBUG] Starting Html Report plugin
18-06-2026 20:14:49.497 [Gauge] [DEBUG] Attempting to connect to grpc server at port: 58318
18-06-2026 20:14:49.497 [Gauge] [DEBUG] Successfully made the connection with plugin with port: 58318
18-06-2026 20:14:49.497 [Gauge] [DEBUG] Initialising suite data store.
18-06-2026 20:14:49.534 [Gauge] [DEBUG] Downloading https://downloads.gauge.org/plugin/ts?l=ts&p=html-report,screenshot,ts&o=darwin&a=arm64
18-06-2026 20:14:50.185 [Gauge] [INFO] # 職員（コーチ）ログイン
18-06-2026 20:14:50.187 [Gauge] [INFO] ## 職員が正常にログインして管理画面に遷移する
18-06-2026 20:14:50.431 [Gauge] [DEBUG] * ログインページを開く
18-06-2026 20:14:50.528 [Gauge] [DEBUG] * 職員 "coach_001@example.jp" / "coach001" でログインする
18-06-2026 20:14:50.616 [Gauge] [DEBUG] * 管理画面（ダッシュボード）が表示される
18-06-2026 20:14:50.860 [Gauge] [ERROR] Failed Step: 管理画面（ダッシュボード）が表示される
18-06-2026 20:14:50.860 [Gauge] [ERROR] Error Message: 意図的に失敗させるテスト
18-06-2026 20:14:50.860 [Gauge] [ERROR] Specification: specs/02_staff_login.spec:9
18-06-2026 20:14:50.861 [Gauge] [ERROR] Stacktrace: 
Error: 意図的に失敗させるテスト
    at StepImplementation.<anonymous> (/Users/yasuikendo/morrow-world/study_app/e2e/tests/StepImplementation.ts:278:11)
    at Generator.next (<anonymous>)
    at fulfilled (/Users/yasuikendo/morrow-world/study_app/e2e/tests/StepImplementation.ts:14:58)
18-06-2026 20:14:50.886 [html-report] [DEBUG] Transformed SuiteResult to report structure
18-06-2026 20:14:50.891 [html-report] [INFO] Successfully generated html-report to => /Users/yasuikendo/morrow-world/study_app/e2e/reports/html-report/index.html
18-06-2026 20:14:50.892 [html-report] [DEBUG] Done generating HTML report using theme from /Users/yasuikendo/.gauge/plugins/html-report/4.4.5/themes/default
18-06-2026 20:14:50.892 [Gauge] [DEBUG] Sending kill message to Html Report plugin.
18-06-2026 20:14:50.892 [Gauge] [INFO] Specifications:	1 executed	0 passed	1 failed	0 skipped
18-06-2026 20:14:50.892 [Gauge] [INFO] Scenarios:	1 executed	0 passed	1 failed	0 skipped
18-06-2026 20:14:50.892 [Gauge] [INFO] 
Total time taken: 1.434s
18-06-2026 20:14:50.893 [Gauge] [INFO] Updates are available. Run `gauge update -c` for more info.
18-06-2026 20:15:21.450 [Gauge] [DEBUG] Created gauge_screenshots_dir at /Users/yasuikendo/morrow-world/study_app/e2e/.gauge/screenshots
18-06-2026 20:15:21.450 [Gauge] [DEBUG] Plugin html-report is already installed.
18-06-2026 20:15:21.450 [Gauge] [DEBUG] Plugin ts is already installed.
18-06-2026 20:15:21.450 [Gauge] [DEBUG] Parsing started.
18-06-2026 20:15:21.451 [Gauge] [DEBUG] Started concepts parsing.
18-06-2026 20:15:21.453 [Gauge] [DEBUG] 0 concepts parsing completed.
18-06-2026 20:15:21.453 [Gauge] [DEBUG] Started specifications parsing.
18-06-2026 20:15:21.454 [Gauge] [DEBUG] 1 specifications parsing completed.
18-06-2026 20:15:21.454 [Gauge] [DEBUG] Parsing completed.
18-06-2026 20:15:21.488 [ts] [ERROR] (node:19229) [DEP0190] DeprecationWarning: Passing args to a child process with shell option true can lead to security vulnerabilities, as the arguments are not escaped, only concatenated.
18-06-2026 20:15:21.488 [ts] [ERROR] (Use `node --trace-deprecation ...` to show where the warning was created)
18-06-2026 20:15:21.821 [Gauge] [DEBUG] Checking updates...
18-06-2026 20:15:21.821 [Gauge] [DEBUG] Downloading https://downloads.gauge.org/plugin/html-report?l=ts&p=html-report,screenshot,ts&o=darwin&a=arm64
18-06-2026 20:15:22.145 [Gauge] [DEBUG] Downloading https://downloads.gauge.org/plugin/screenshot?l=ts&p=html-report,screenshot,ts&o=darwin&a=arm64
18-06-2026 20:15:22.236 [Gauge] [DEBUG] Downloading https://downloads.gauge.org/plugin/ts?l=ts&p=html-report,screenshot,ts&o=darwin&a=arm64
18-06-2026 20:15:22.254 [ts] [ERROR] (node:19252) [DEP0180] DeprecationWarning: fs.Stats constructor is deprecated.
18-06-2026 20:15:22.254 [ts] [ERROR] (Use `node --trace-deprecation ...` to show where the warning was created)
18-06-2026 20:15:22.267 [Gauge] [DEBUG] Attempting to connect to grpc server at port: 58458
18-06-2026 20:15:22.267 [Gauge] [DEBUG] Successfully made the connection with runner with port: 58458
18-06-2026 20:15:22.267 [Gauge] [DEBUG] Validation started.
18-06-2026 20:15:22.275 [Gauge] [DEBUG] Validation completed.
18-06-2026 20:15:22.275 [Gauge] [DEBUG] Run started
18-06-2026 20:15:22.276 [Gauge] [DEBUG] Starting Html Report plugin
18-06-2026 20:15:22.288 [Gauge] [DEBUG] Attempting to connect to grpc server at port: 58461
18-06-2026 20:15:22.288 [Gauge] [DEBUG] Successfully made the connection with plugin with port: 58461
18-06-2026 20:15:22.288 [Gauge] [DEBUG] Initialising suite data store.
18-06-2026 20:15:22.773 [Gauge] [INFO] # 職員（コーチ）ログイン
18-06-2026 20:15:22.776 [Gauge] [INFO] ## 職員が正常にログインして管理画面に遷移する
18-06-2026 20:15:22.819 [Gauge] [DEBUG] * ログインページを開く
18-06-2026 20:15:22.849 [Gauge] [DEBUG] * 職員 "coach_001@example.jp" / "coach001" でログインする
18-06-2026 20:15:22.920 [Gauge] [DEBUG] * 管理画面（ダッシュボード）が表示される
18-06-2026 20:15:28.144 [Gauge] [ERROR] Failed Step: 管理画面（ダッシュボード）が表示される
18-06-2026 20:15:28.144 [Gauge] [ERROR] Error Message: expect(locator).toHaveText(expected) failed

Locator:  locator('#topbar-title')
Expected: "ダッシュボードあ"
Received: "ダッシュボード"
Timeout:  5000ms

Call log:
  - Expect "to.have.text" with timeout 5000ms
  - waiting for locator('#topbar-title')
    14 × locator resolved to <div id="topbar-title" class="topbar-title">ダッシュボード</div>
       - unexpected value "ダッシュボード"
18-06-2026 20:15:28.144 [Gauge] [ERROR] Specification: specs/02_staff_login.spec:9
18-06-2026 20:15:28.144 [Gauge] [ERROR] Stacktrace: 
Error: expect(locator).toHaveText(expected) failed

Locator:  locator('#topbar-title')
Expected: "ダッシュボードあ"
Received: "ダッシュボード"
Timeout:  5000ms

Call log:
  - Expect "to.have.text" with timeout 5000ms
  - waiting for locator('#topbar-title')
    14 × locator resolved to <div id="topbar-title" class="topbar-title">ダッシュボード</div>
       - unexpected value "ダッシュボード"

    at captureRawStack (/Users/yasuikendo/morrow-world/study_app/e2e/node_modules/playwright-core/lib/coreBundle.js:3172:17)
    at callMatcherAsStep (/Users/yasuikendo/morrow-world/study_app/e2e/node_modules/playwright/lib/matchers/expect.js:12875:57)
    at Object.toHaveText (/Users/yasuikendo/morrow-world/study_app/e2e/node_modules/playwright/lib/matchers/expect.js:12865:23)
    at StepImplementation.<anonymous> (/Users/yasuikendo/morrow-world/study_app/e2e/tests/StepImplementation.ts:278:48)
    at fulfilled (/Users/yasuikendo/morrow-world/study_app/e2e/tests/StepImplementation.ts:14:58)
18-06-2026 20:15:28.168 [html-report] [DEBUG] Transformed SuiteResult to report structure
18-06-2026 20:15:28.172 [html-report] [INFO] Successfully generated html-report to => /Users/yasuikendo/morrow-world/study_app/e2e/reports/html-report/index.html
18-06-2026 20:15:28.172 [html-report] [DEBUG] Done generating HTML report using theme from /Users/yasuikendo/.gauge/plugins/html-report/4.4.5/themes/default
18-06-2026 20:15:28.172 [Gauge] [DEBUG] Sending kill message to Html Report plugin.
18-06-2026 20:15:28.173 [Gauge] [INFO] Specifications:	1 executed	0 passed	1 failed	0 skipped
18-06-2026 20:15:28.173 [Gauge] [INFO] Scenarios:	1 executed	0 passed	1 failed	0 skipped
18-06-2026 20:15:28.173 [Gauge] [INFO] 
Total time taken: 5.893s
18-06-2026 20:15:28.173 [Gauge] [INFO] Updates are available. Run `gauge update -c` for more info.
18-06-2026 20:15:51.350 [Gauge] [DEBUG] Created gauge_screenshots_dir at /Users/yasuikendo/morrow-world/study_app/e2e/.gauge/screenshots
18-06-2026 20:15:51.350 [Gauge] [DEBUG] Plugin ts is already installed.
18-06-2026 20:15:51.350 [Gauge] [DEBUG] Plugin html-report is already installed.
18-06-2026 20:15:51.350 [Gauge] [DEBUG] Parsing started.
18-06-2026 20:15:51.350 [Gauge] [DEBUG] Started concepts parsing.
18-06-2026 20:15:51.353 [Gauge] [DEBUG] 0 concepts parsing completed.
18-06-2026 20:15:51.354 [Gauge] [DEBUG] Started specifications parsing.
18-06-2026 20:15:51.355 [Gauge] [DEBUG] 17 specifications parsing completed.
18-06-2026 20:15:51.355 [Gauge] [DEBUG] Parsing completed.
18-06-2026 20:15:51.394 [ts] [ERROR] (node:19558) [DEP0190] DeprecationWarning: Passing args to a child process with shell option true can lead to security vulnerabilities, as the arguments are not escaped, only concatenated.
18-06-2026 20:15:51.394 [ts] [ERROR] (Use `node --trace-deprecation ...` to show where the warning was created)
18-06-2026 20:15:51.503 [Gauge] [DEBUG] Checking updates...
18-06-2026 20:15:51.505 [Gauge] [DEBUG] Downloading https://downloads.gauge.org/plugin/html-report?l=ts&p=html-report,screenshot,ts&o=darwin&a=arm64
18-06-2026 20:15:51.784 [Gauge] [DEBUG] Downloading https://downloads.gauge.org/plugin/screenshot?l=ts&p=html-report,screenshot,ts&o=darwin&a=arm64
18-06-2026 20:15:51.921 [Gauge] [DEBUG] Downloading https://downloads.gauge.org/plugin/ts?l=ts&p=html-report,screenshot,ts&o=darwin&a=arm64
18-06-2026 20:15:52.159 [ts] [ERROR] (node:19591) [DEP0180] DeprecationWarning: fs.Stats constructor is deprecated.
18-06-2026 20:15:52.159 [ts] [ERROR] (Use `node --trace-deprecation ...` to show where the warning was created)
18-06-2026 20:15:52.172 [Gauge] [DEBUG] Attempting to connect to grpc server at port: 58595
18-06-2026 20:15:52.172 [Gauge] [DEBUG] Successfully made the connection with runner with port: 58595
18-06-2026 20:15:52.172 [Gauge] [DEBUG] Validation started.
18-06-2026 20:15:52.206 [Gauge] [DEBUG] Validation completed.
18-06-2026 20:15:52.206 [Gauge] [DEBUG] Run started
18-06-2026 20:15:52.207 [Gauge] [DEBUG] Starting Html Report plugin
18-06-2026 20:15:52.214 [html-report] [DEBUG] Setting MaxRecvMsgSize = 1024 MB
18-06-2026 20:15:52.214 [Gauge] [DEBUG] Attempting to connect to grpc server at port: 58598
18-06-2026 20:15:52.214 [Gauge] [DEBUG] Successfully made the connection with plugin with port: 58598
18-06-2026 20:15:52.214 [Gauge] [DEBUG] Initialising suite data store.
18-06-2026 20:15:52.708 [Gauge] [INFO] # 会員ログイン
18-06-2026 20:15:52.712 [Gauge] [INFO] ## 会員が正常にログインして会員ダッシュボードに遷移する
18-06-2026 20:15:52.762 [Gauge] [DEBUG] * ログインページを開く
18-06-2026 20:15:52.793 [Gauge] [DEBUG] * デモ会員ボタンでログインする
18-06-2026 20:15:52.838 [Gauge] [DEBUG] * 会員ダッシュボード（ホーム画面）が表示される

18-06-2026 20:15:52.884 [Gauge] [INFO] ## 誤ったパスワードでログインするとエラーが表示される
18-06-2026 20:15:52.946 [Gauge] [DEBUG] * ログインページを開く
18-06-2026 20:15:52.972 [Gauge] [DEBUG] * 会員 "student_10001@example.jp" / "wrongpassword" でログインする
18-06-2026 20:15:53.032 [Gauge] [DEBUG] * ログインエラーメッセージが表示される

18-06-2026 20:15:53.038 [Gauge] [INFO] ## 未登録メールアドレスでログインするとエラーが表示される
18-06-2026 20:15:53.074 [Gauge] [DEBUG] * ログインページを開く
18-06-2026 20:15:53.099 [Gauge] [DEBUG] * 会員 "unknown@example.jp" / "anypassword" でログインする
18-06-2026 20:15:53.165 [Gauge] [DEBUG] * ログインエラーメッセージが表示される
18-06-2026 20:15:53.177 [Gauge] [INFO] # 職員（コーチ）ログイン
18-06-2026 20:15:53.178 [Gauge] [INFO] ## 職員が正常にログインして管理画面に遷移する
18-06-2026 20:15:53.212 [Gauge] [DEBUG] * ログインページを開く
18-06-2026 20:15:53.236 [Gauge] [DEBUG] * 職員 "coach_001@example.jp" / "coach001" でログインする
18-06-2026 20:15:53.302 [Gauge] [DEBUG] * 管理画面（ダッシュボード）が表示される
18-06-2026 20:15:53.350 [Gauge] [DEBUG] * サイドバーが表示される
18-06-2026 20:15:53.356 [Gauge] [INFO] # 学習記録の入力
18-06-2026 20:15:53.357 [Gauge] [INFO] ## 会員が学習記録を入力して保存できる
18-06-2026 20:15:53.390 [Gauge] [DEBUG] * 会員としてセッションを設定して会員画面を開く
18-06-2026 20:15:53.484 [Gauge] [DEBUG] * 学習記録ボタンをクリックする
18-06-2026 20:15:53.525 [Gauge] [DEBUG] * 学習日 "2026-06-01" を入力する
18-06-2026 20:15:53.547 [Gauge] [DEBUG] * 教材を選択する
18-06-2026 20:15:53.552 [Gauge] [DEBUG] * 学習時間 "30" 分を選択する
18-06-2026 20:15:53.555 [Gauge] [DEBUG] * 記録を保存する
18-06-2026 20:15:53.582 [Gauge] [DEBUG] * 会員画面をリロードする
18-06-2026 20:15:53.599 [Gauge] [DEBUG] * カレンダーに "2026-06-01" の記録が表示される
18-06-2026 20:15:53.605 [Gauge] [INFO] # 会員一覧の検索
18-06-2026 20:15:53.606 [Gauge] [INFO] ## キーワードで会員を検索できる
18-06-2026 20:15:53.639 [Gauge] [DEBUG] * 職員としてセッションを設定して管理画面を開く
18-06-2026 20:15:53.748 [Gauge] [DEBUG] * 会員管理メニューをクリックする
18-06-2026 20:15:53.788 [Gauge] [DEBUG] * 会員検索欄に "見本一郎" と入力する
18-06-2026 20:15:54.133 [Gauge] [DEBUG] * 会員一覧に "見本一郎" が表示される

18-06-2026 20:15:54.154 [Gauge] [INFO] ## 存在しないキーワードで検索すると該当なしになる
18-06-2026 20:15:54.200 [Gauge] [DEBUG] * 職員としてセッションを設定して管理画面を開く
18-06-2026 20:15:54.301 [Gauge] [DEBUG] * 会員管理メニューをクリックする
18-06-2026 20:15:54.336 [Gauge] [DEBUG] * 会員検索欄に "zzznotexist" と入力する
18-06-2026 20:15:54.682 [Gauge] [DEBUG] * 会員一覧に "見本一郎" が表示されない
18-06-2026 20:15:54.692 [Gauge] [INFO] # ログアウト
18-06-2026 20:15:54.693 [Gauge] [INFO] ## 職員がログアウトすると login.html に戻る
18-06-2026 20:15:54.729 [Gauge] [DEBUG] * 職員としてセッションを設定して管理画面を開く
18-06-2026 20:15:54.829 [Gauge] [DEBUG] * 管理画面でログアウトする
18-06-2026 20:15:54.867 [Gauge] [DEBUG] * ログインページにリダイレクトされる
18-06-2026 20:15:54.878 [Gauge] [INFO] # 新規会員登録
18-06-2026 20:15:54.879 [Gauge] [INFO] ## 新規会員を登録するとリロード後に詳細パネルで確認できる
18-06-2026 20:15:54.913 [Gauge] [DEBUG] * 職員としてセッションを設定して管理画面を開く（localStorageなし）
18-06-2026 20:15:55.015 [Gauge] [DEBUG] * 会員管理メニューをクリックする
18-06-2026 20:15:55.055 [Gauge] [DEBUG] * 新規会員登録ボタンをクリックする
18-06-2026 20:15:55.087 [Gauge] [DEBUG] * 新規会員フォームに最小限の情報を入力する
18-06-2026 20:15:55.125 [Gauge] [DEBUG] * 新規会員フォームを保存する
18-06-2026 20:15:55.168 [Gauge] [DEBUG] * 管理画面をリロードする
18-06-2026 20:15:55.193 [Gauge] [DEBUG] * 会員管理メニューをクリックする
18-06-2026 20:15:55.231 [Gauge] [DEBUG] * 会員 "テスト 太郎" の行をクリックする
18-06-2026 20:15:55.268 [Gauge] [DEBUG] * 詳細パネルの "em-email" が "e2etest@example.jp" と表示される
18-06-2026 20:15:55.275 [Gauge] [DEBUG] * 詳細パネルの "em-id" が "99990" と表示される
18-06-2026 20:15:55.285 [Gauge] [INFO] # 会員情報編集
18-06-2026 20:15:55.286 [Gauge] [INFO] ## 会員のプランを変更するとリロード後に詳細パネルに反映される
18-06-2026 20:15:55.325 [Gauge] [DEBUG] * 職員としてセッションを設定して管理画面を開く（localStorageなし）
18-06-2026 20:15:55.430 [Gauge] [DEBUG] * localStorageに会員データを注入してリロードする
18-06-2026 20:15:55.458 [Gauge] [DEBUG] * 会員管理メニューをクリックする
18-06-2026 20:15:55.502 [Gauge] [DEBUG] * 会員 "見本一郎" の行をクリックする
18-06-2026 20:15:55.537 [Gauge] [DEBUG] * 詳細パネルの "em-plan" を "給付金6ヶ月プラン" に変更する
18-06-2026 20:15:55.542 [Gauge] [DEBUG] * 詳細パネルの変更を保存する
18-06-2026 20:15:57.442 [Gauge] [DEBUG] * 会員管理メニューをクリックする
18-06-2026 20:15:57.484 [Gauge] [DEBUG] * 会員 "見本一郎" の行をクリックする
18-06-2026 20:15:57.521 [Gauge] [DEBUG] * 詳細パネルの "em-plan" が "給付金6ヶ月プラン" と表示される
18-06-2026 20:15:57.534 [Gauge] [INFO] # コーチング記録
18-06-2026 20:15:57.535 [Gauge] [INFO] ## 通常コーチング記録を作成するとリロード後に詳細パネルに表示される
18-06-2026 20:15:57.572 [Gauge] [DEBUG] * 職員としてセッションを設定して管理画面を開く（localStorageなし）
18-06-2026 20:15:57.668 [Gauge] [DEBUG] * localStorageに会員データを注入してリロードする
18-06-2026 20:15:57.701 [Gauge] [DEBUG] * 会員カルテメニューをクリックする
18-06-2026 20:15:57.761 [Gauge] [DEBUG] * コーチング記録追加ボタンをクリックする
18-06-2026 20:15:57.835 [Gauge] [DEBUG] * コーチング種別を "通常コーチング" に選択する
18-06-2026 20:15:58.142 [Gauge] [DEBUG] * コーチング日付に今日を入力する
18-06-2026 20:15:58.151 [Gauge] [DEBUG] * コーチング記録を保存する
18-06-2026 20:15:58.195 [Gauge] [DEBUG] * 管理画面をリロードする
18-06-2026 20:15:58.223 [Gauge] [DEBUG] * 会員カルテメニューをクリックする
18-06-2026 20:15:58.269 [Gauge] [DEBUG] * コーチング記録 "通常コーチング" が表示される
18-06-2026 20:15:58.285 [Gauge] [INFO] # PROGOSスコア登録
18-06-2026 20:15:58.286 [Gauge] [INFO] ## PROGOSスコアを登録するとリロード後に詳細パネルに表示される
18-06-2026 20:15:58.320 [Gauge] [DEBUG] * 職員としてセッションを設定して管理画面を開く（localStorageなし）
18-06-2026 20:15:58.420 [Gauge] [DEBUG] * localStorageに会員データを注入してリロードする
18-06-2026 20:15:58.449 [Gauge] [DEBUG] * 会員カルテメニューをクリックする
18-06-2026 20:15:58.493 [Gauge] [DEBUG] * PROGOSスコア登録ボタンをクリックする
18-06-2026 20:15:58.585 [Gauge] [DEBUG] * PROGOSフォームに最小限の情報を入力する
18-06-2026 20:15:58.815 [Gauge] [DEBUG] * PROGOSスコアを保存する
18-06-2026 20:15:58.854 [Gauge] [DEBUG] * 管理画面をリロードする
18-06-2026 20:15:58.882 [Gauge] [DEBUG] * 会員カルテメニューをクリックする
18-06-2026 20:15:58.918 [Gauge] [DEBUG] * PROGOSスコアが表示される
18-06-2026 20:15:58.931 [Gauge] [INFO] # 継続プラン管理
18-06-2026 20:15:58.932 [Gauge] [INFO] ## 継続プランを追加するとリロード後に詳細パネルに表示される
18-06-2026 20:15:58.967 [Gauge] [DEBUG] * 職員としてセッションを設定して管理画面を開く（localStorageなし）
18-06-2026 20:15:59.066 [Gauge] [DEBUG] * localStorageに会員データを注入してリロードする
18-06-2026 20:15:59.096 [Gauge] [DEBUG] * 会員管理メニューをクリックする
18-06-2026 20:15:59.136 [Gauge] [DEBUG] * 会員 "見本一郎" の行をクリックする
18-06-2026 20:15:59.173 [Gauge] [DEBUG] * 継続プラン追加ボタンをクリックする
18-06-2026 20:15:59.553 [Gauge] [DEBUG] * 継続プランフォームに最小限の情報を入力する
18-06-2026 20:15:59.769 [Gauge] [DEBUG] * 継続プランを保存する
18-06-2026 20:15:59.786 [Gauge] [DEBUG] * 管理画面をリロードする
18-06-2026 20:15:59.818 [Gauge] [DEBUG] * 会員管理メニューをクリックする
18-06-2026 20:15:59.849 [Gauge] [DEBUG] * 会員 "見本一郎" の行をクリックする
18-06-2026 20:15:59.886 [Gauge] [DEBUG] * 継続プランが表示される
18-06-2026 20:15:59.894 [Gauge] [INFO] # 休会設定
18-06-2026 20:15:59.895 [Gauge] [INFO] ## 休会期間を設定するとリロード後にステータスが休会中になる
18-06-2026 20:15:59.945 [Gauge] [DEBUG] * 職員としてセッションを設定して管理画面を開く（localStorageなし）
18-06-2026 20:16:00.047 [Gauge] [DEBUG] * localStorageに会員データを注入してリロードする
18-06-2026 20:16:00.074 [Gauge] [DEBUG] * 会員管理メニューをクリックする
18-06-2026 20:16:00.120 [Gauge] [DEBUG] * 会員 "見本一郎" の行をクリックする
18-06-2026 20:16:00.158 [Gauge] [DEBUG] * 休会設定ボタンをクリックする
18-06-2026 20:16:00.537 [Gauge] [DEBUG] * 休会フォームに今日から "30" 日間の期間を入力する
18-06-2026 20:16:00.752 [Gauge] [DEBUG] * 休会設定を保存する
18-06-2026 20:16:00.790 [Gauge] [DEBUG] * 管理画面をリロードする
18-06-2026 20:16:00.821 [Gauge] [DEBUG] * 会員管理メニューをクリックする
18-06-2026 20:16:00.848 [Gauge] [DEBUG] * 会員 "見本一郎" の行をクリックする
18-06-2026 20:16:00.885 [Gauge] [DEBUG] * 詳細パネルのステータスが "休会中" と表示される
18-06-2026 20:16:00.893 [Gauge] [INFO] # 自動ステータス切り替え
18-06-2026 20:16:00.894 [Gauge] [INFO] ## 卒業日が昨日の会員は管理画面ロード時に卒業ステータスになる
18-06-2026 20:16:00.929 [Gauge] [DEBUG] * 卒業日が昨日の会員データを注入して管理画面を開く
18-06-2026 20:16:01.029 [Gauge] [DEBUG] * 会員管理メニューをクリックする
18-06-2026 20:16:01.068 [Gauge] [DEBUG] * 会員 "見本一郎" の行をクリックする
18-06-2026 20:16:01.103 [Gauge] [DEBUG] * 詳細パネルのステータスが "卒業" と表示される

18-06-2026 20:16:01.110 [Gauge] [INFO] ## 今日が休会期間内の会員は管理画面ロード時に休会中ステータスになる
18-06-2026 20:16:01.145 [Gauge] [DEBUG] * 今日が休会期間内の会員データを注入して管理画面を開く
18-06-2026 20:16:01.246 [Gauge] [DEBUG] * 会員管理メニューをクリックする
18-06-2026 20:16:01.285 [Gauge] [DEBUG] * 会員 "見本一郎" の行をクリックする
18-06-2026 20:16:01.321 [Gauge] [DEBUG] * 詳細パネルのステータスが "休会中" と表示される
18-06-2026 20:16:01.327 [Gauge] [INFO] # 会員ダッシュボード表示値検証
18-06-2026 20:16:01.328 [Gauge] [INFO] ## 3日連続の学習記録があるとストリークが3と表示される
18-06-2026 20:16:01.364 [Gauge] [DEBUG] * "3" 日分の連続学習記録を注入して会員画面を開く
18-06-2026 20:16:01.436 [Gauge] [DEBUG] * ストリーク表示が "3" 日と表示される

18-06-2026 20:16:01.445 [Gauge] [INFO] ## 今日の目標を達成するとグラフが100%!と(MISSING)表示される
18-06-2026 20:16:01.480 [Gauge] [DEBUG] * 今日 "60" 分の学習記録と目標 "60" 分を注入して会員画面を開く
18-06-2026 20:16:01.548 [Gauge] [DEBUG] * 目標円グラフが "100" %!と(MISSING)表示される

18-06-2026 20:16:01.557 [Gauge] [INFO] ## 卒業日が設定されていると卒業カウントダウンが正しく表示される
18-06-2026 20:16:01.591 [Gauge] [DEBUG] * "13" 日後の卒業日で会員データを注入して会員画面を開く
18-06-2026 20:16:01.662 [Gauge] [DEBUG] * 卒業カウントダウンが "13" 日と表示される
18-06-2026 20:16:01.671 [Gauge] [INFO] # 教材進捗・コーチングリマインダー
18-06-2026 20:16:01.672 [Gauge] [INFO] ## 教材選定済みの会員は会員画面に教材進捗が表示される
18-06-2026 20:16:01.707 [Gauge] [DEBUG] * 教材選定済みの会員データを注入して会員画面を開く
18-06-2026 20:16:01.794 [Gauge] [DEBUG] * 教材進捗エリアに教材が表示される

18-06-2026 20:16:01.802 [Gauge] [INFO] ## 最後のコーチングから31日以上経過するとリマインダーが表示される
18-06-2026 20:16:01.838 [Gauge] [DEBUG] * "31" 日前のコーチング記録を持つ会員データを注入して会員画面を開く
18-06-2026 20:16:01.911 [Gauge] [DEBUG] * コーチングリマインダーが表示される
18-06-2026 20:16:01.922 [Gauge] [INFO] # 達成率グラフ
18-06-2026 20:16:01.924 [Gauge] [INFO] ## 学習記録があると達成率グラフが表示される
18-06-2026 20:16:01.969 [Gauge] [DEBUG] * 学習記録を "60" 分注入して会員画面を開く
18-06-2026 20:16:02.063 [Gauge] [DEBUG] * 達成率グラフが表示される

18-06-2026 20:16:02.069 [Gauge] [INFO] ## 期間タブを今週に切り替えてもグラフが表示される
18-06-2026 20:16:02.104 [Gauge] [DEBUG] * 学習記録を "60" 分注入して会員画面を開く
18-06-2026 20:16:02.196 [Gauge] [DEBUG] * 達成率グラフの "week" タブに切り替える
18-06-2026 20:16:02.532 [Gauge] [DEBUG] * 達成率グラフが表示される
18-06-2026 20:16:02.541 [Gauge] [INFO] # 学習履歴カレンダー
18-06-2026 20:16:02.542 [Gauge] [INFO] ## 今日の目標を達成した場合カレンダーに緑セルが表示される
18-06-2026 20:16:02.586 [Gauge] [DEBUG] * 今日 "60" 分の学習記録と目標 "60" 分を注入して会員画面を開く
18-06-2026 20:16:02.658 [Gauge] [DEBUG] * 学習カレンダーに達成済みセルが表示される
18-06-2026 20:16:02.668 [Gauge] [INFO] # 学習記録の編集・削除
18-06-2026 20:16:02.668 [Gauge] [INFO] ## 学習記録を編集するとリロード後も変更が保持される
18-06-2026 20:16:02.701 [Gauge] [DEBUG] * 学習記録を "30" 分注入して会員画面を開く
18-06-2026 20:16:02.791 [Gauge] [DEBUG] * 今日のカレンダーセルをクリックする
18-06-2026 20:16:02.878 [Gauge] [DEBUG] * 学習記録の編集ボタンをクリックする
18-06-2026 20:16:02.916 [Gauge] [DEBUG] * 学習時間を "1" 時間 "0" 分に変更する
18-06-2026 20:16:02.921 [Gauge] [DEBUG] * 記録を保存する
18-06-2026 20:16:02.951 [Gauge] [DEBUG] * 会員画面をリロードする
18-06-2026 20:16:02.967 [Gauge] [DEBUG] * 今日の学習記録が "60" 分で保存されている

18-06-2026 20:16:02.973 [Gauge] [INFO] ## 学習記録を削除するとリロード後も削除が保持される
18-06-2026 20:16:03.010 [Gauge] [DEBUG] * 学習記録を "30" 分注入して会員画面を開く
18-06-2026 20:16:03.099 [Gauge] [DEBUG] * 今日のカレンダーセルをクリックする
18-06-2026 20:16:03.176 [Gauge] [DEBUG] * 学習記録の削除ボタンをクリックする
18-06-2026 20:16:03.715 [Gauge] [DEBUG] * 会員画面をリロードする
18-06-2026 20:16:03.734 [Gauge] [DEBUG] * 学習記録が "0" 件保存されている
18-06-2026 20:16:03.757 [html-report] [DEBUG] Transformed SuiteResult to report structure
18-06-2026 20:16:03.787 [html-report] [INFO] Successfully generated html-report to => /Users/yasuikendo/morrow-world/study_app/e2e/reports/html-report/index.html
18-06-2026 20:16:03.788 [html-report] [DEBUG] Done generating HTML report using theme from /Users/yasuikendo/.gauge/plugins/html-report/4.4.5/themes/default
18-06-2026 20:16:03.788 [Gauge] [DEBUG] Sending kill message to Html Report plugin.
18-06-2026 20:16:03.789 [Gauge] [INFO] Specifications:	17 executed	17 passed	0 failed	0 skipped
18-06-2026 20:16:03.789 [Gauge] [INFO] Scenarios:	26 executed	26 passed	0 failed	0 skipped
18-06-2026 20:16:03.789 [Gauge] [INFO] 
Total time taken: 11.549s
18-06-2026 20:16:03.789 [Gauge] [INFO] Updates are available. Run `gauge update -c` for more info.
18-06-2026 20:18:55.124 [Gauge] [DEBUG] Created gauge_screenshots_dir at /Users/yasuikendo/morrow-world/study_app/e2e/.gauge/screenshots
18-06-2026 20:18:55.124 [Gauge] [DEBUG] Plugin html-report is already installed.
18-06-2026 20:18:55.125 [Gauge] [DEBUG] Plugin ts is already installed.
18-06-2026 20:18:55.125 [Gauge] [DEBUG] Parsing started.
18-06-2026 20:18:55.125 [Gauge] [DEBUG] Started concepts parsing.
18-06-2026 20:18:55.128 [Gauge] [DEBUG] 0 concepts parsing completed.
18-06-2026 20:18:55.128 [Gauge] [DEBUG] Started specifications parsing.
18-06-2026 20:18:55.128 [Gauge] [DEBUG] 2 specifications parsing completed.
18-06-2026 20:18:55.128 [Gauge] [DEBUG] Parsing completed.
18-06-2026 20:18:55.163 [ts] [ERROR] (node:21207) [DEP0190] DeprecationWarning: Passing args to a child process with shell option true can lead to security vulnerabilities, as the arguments are not escaped, only concatenated.
18-06-2026 20:18:55.163 [ts] [ERROR] (Use `node --trace-deprecation ...` to show where the warning was created)
18-06-2026 20:18:55.950 [Gauge] [DEBUG] Checking updates...
18-06-2026 20:18:55.950 [Gauge] [DEBUG] Downloading https://downloads.gauge.org/plugin/html-report?l=ts&p=html-report,screenshot,ts&o=darwin&a=arm64
18-06-2026 20:18:56.162 [ts] [ERROR] (node:21230) [DEP0180] DeprecationWarning: fs.Stats constructor is deprecated.
18-06-2026 20:18:56.162 [ts] [ERROR] (Use `node --trace-deprecation ...` to show where the warning was created)
18-06-2026 20:18:56.174 [Gauge] [DEBUG] Attempting to connect to grpc server at port: 59478
18-06-2026 20:18:56.174 [Gauge] [DEBUG] Successfully made the connection with runner with port: 59478
18-06-2026 20:18:56.174 [Gauge] [DEBUG] Validation started.
18-06-2026 20:18:56.184 [Gauge] [DEBUG] Validation completed.
18-06-2026 20:18:56.184 [Gauge] [DEBUG] Run started
18-06-2026 20:18:56.186 [Gauge] [DEBUG] Starting Html Report plugin
18-06-2026 20:18:56.194 [Gauge] [DEBUG] Attempting to connect to grpc server at port: 59481
18-06-2026 20:18:56.195 [Gauge] [DEBUG] Successfully made the connection with plugin with port: 59481
18-06-2026 20:18:56.195 [Gauge] [DEBUG] Initialising suite data store.
18-06-2026 20:18:56.369 [Gauge] [DEBUG] Downloading https://downloads.gauge.org/plugin/screenshot?l=ts&p=html-report,screenshot,ts&o=darwin&a=arm64
18-06-2026 20:18:56.473 [Gauge] [DEBUG] Downloading https://downloads.gauge.org/plugin/ts?l=ts&p=html-report,screenshot,ts&o=darwin&a=arm64
18-06-2026 20:18:56.687 [Gauge] [INFO] # 会員ログイン
18-06-2026 20:18:56.690 [Gauge] [INFO] ## 会員が正常にログインして会員ダッシュボードに遷移する
18-06-2026 20:18:56.737 [Gauge] [DEBUG] * ログインページを開く
18-06-2026 20:18:56.768 [Gauge] [DEBUG] * デモ会員ボタンでログインする
18-06-2026 20:18:56.805 [Gauge] [DEBUG] * 会員ダッシュボード（ホーム画面）が表示される
18-06-2026 20:18:56.827 [Gauge] [DEBUG] * 会員名 "見本一郎" が表示される

18-06-2026 20:18:56.844 [Gauge] [INFO] ## 誤ったパスワードでログインするとエラーが表示される
18-06-2026 20:18:56.879 [Gauge] [DEBUG] * ログインページを開く
18-06-2026 20:18:56.904 [Gauge] [DEBUG] * 会員 "student_10001@example.jp" / "wrongpassword" でログインする
18-06-2026 20:18:56.965 [Gauge] [DEBUG] * ログインエラーメッセージが表示される

18-06-2026 20:18:56.971 [Gauge] [INFO] ## 未登録メールアドレスでログインするとエラーが表示される
18-06-2026 20:18:57.004 [Gauge] [DEBUG] * ログインページを開く
18-06-2026 20:18:57.033 [Gauge] [DEBUG] * 会員 "unknown@example.jp" / "anypassword" でログインする
18-06-2026 20:18:57.082 [Gauge] [DEBUG] * ログインエラーメッセージが表示される
18-06-2026 20:18:57.095 [Gauge] [INFO] # 職員（コーチ）ログイン
18-06-2026 20:18:57.095 [Gauge] [INFO] ## 職員が正常にログインして管理画面に遷移する
18-06-2026 20:18:57.130 [Gauge] [DEBUG] * ログインページを開く
18-06-2026 20:18:57.155 [Gauge] [DEBUG] * 職員 "coach_001@example.jp" / "coach001" でログインする
18-06-2026 20:18:57.218 [Gauge] [DEBUG] * 管理画面（ダッシュボード）が表示される
18-06-2026 20:18:57.265 [Gauge] [DEBUG] * サイドバーが表示される
18-06-2026 20:18:57.268 [Gauge] [DEBUG] * スタッフ名 "コーチA" が表示される
18-06-2026 20:18:57.289 [html-report] [DEBUG] Transformed SuiteResult to report structure
18-06-2026 20:18:57.294 [html-report] [INFO] Successfully generated html-report to => /Users/yasuikendo/morrow-world/study_app/e2e/reports/html-report/index.html
18-06-2026 20:18:57.294 [html-report] [DEBUG] Done generating HTML report using theme from /Users/yasuikendo/.gauge/plugins/html-report/4.4.5/themes/default
18-06-2026 20:18:57.294 [Gauge] [DEBUG] Sending kill message to Html Report plugin.
18-06-2026 20:18:57.295 [Gauge] [INFO] Specifications:	2 executed	2 passed	0 failed	0 skipped
18-06-2026 20:18:57.295 [Gauge] [INFO] Scenarios:	4 executed	4 passed	0 failed	0 skipped
18-06-2026 20:18:57.295 [Gauge] [INFO] 
Total time taken: 1.104s
18-06-2026 20:18:57.295 [Gauge] [INFO] Updates are available. Run `gauge update -c` for more info.
18-06-2026 20:19:02.910 [Gauge] [DEBUG] Created gauge_screenshots_dir at /Users/yasuikendo/morrow-world/study_app/e2e/.gauge/screenshots
18-06-2026 20:19:02.911 [Gauge] [DEBUG] Plugin ts is already installed.
18-06-2026 20:19:02.911 [Gauge] [DEBUG] Plugin html-report is already installed.
18-06-2026 20:19:02.911 [Gauge] [DEBUG] Parsing started.
18-06-2026 20:19:02.911 [Gauge] [DEBUG] Started concepts parsing.
18-06-2026 20:19:02.914 [Gauge] [DEBUG] 0 concepts parsing completed.
18-06-2026 20:19:02.915 [Gauge] [DEBUG] Started specifications parsing.
18-06-2026 20:19:02.916 [Gauge] [DEBUG] 17 specifications parsing completed.
18-06-2026 20:19:02.916 [Gauge] [DEBUG] Parsing completed.
18-06-2026 20:19:02.952 [ts] [ERROR] (node:21318) [DEP0190] DeprecationWarning: Passing args to a child process with shell option true can lead to security vulnerabilities, as the arguments are not escaped, only concatenated.
18-06-2026 20:19:02.952 [ts] [ERROR] (Use `node --trace-deprecation ...` to show where the warning was created)
18-06-2026 20:19:02.993 [Gauge] [DEBUG] Checking updates...
18-06-2026 20:19:02.994 [Gauge] [DEBUG] Downloading https://downloads.gauge.org/plugin/html-report?l=ts&p=html-report,screenshot,ts&o=darwin&a=arm64
18-06-2026 20:19:03.294 [Gauge] [DEBUG] Downloading https://downloads.gauge.org/plugin/screenshot?l=ts&p=html-report,screenshot,ts&o=darwin&a=arm64
18-06-2026 20:19:03.380 [Gauge] [DEBUG] Downloading https://downloads.gauge.org/plugin/ts?l=ts&p=html-report,screenshot,ts&o=darwin&a=arm64
18-06-2026 20:19:03.719 [ts] [ERROR] (node:21344) [DEP0180] DeprecationWarning: fs.Stats constructor is deprecated.
18-06-2026 20:19:03.719 [ts] [ERROR] (Use `node --trace-deprecation ...` to show where the warning was created)
18-06-2026 20:19:03.732 [Gauge] [DEBUG] Attempting to connect to grpc server at port: 59529
18-06-2026 20:19:03.733 [Gauge] [DEBUG] Successfully made the connection with runner with port: 59529
18-06-2026 20:19:03.733 [Gauge] [DEBUG] Validation started.
18-06-2026 20:19:03.765 [Gauge] [DEBUG] Validation completed.
18-06-2026 20:19:03.766 [Gauge] [DEBUG] Run started
18-06-2026 20:19:03.767 [Gauge] [DEBUG] Starting Html Report plugin
18-06-2026 20:19:03.775 [Gauge] [DEBUG] Attempting to connect to grpc server at port: 59532
18-06-2026 20:19:03.775 [Gauge] [DEBUG] Successfully made the connection with plugin with port: 59532
18-06-2026 20:19:03.775 [Gauge] [DEBUG] Initialising suite data store.
18-06-2026 20:19:04.264 [Gauge] [INFO] # 会員ログイン
18-06-2026 20:19:04.266 [Gauge] [INFO] ## 会員が正常にログインして会員ダッシュボードに遷移する
18-06-2026 20:19:04.310 [Gauge] [DEBUG] * ログインページを開く
18-06-2026 20:19:04.339 [Gauge] [DEBUG] * デモ会員ボタンでログインする
18-06-2026 20:19:04.389 [Gauge] [DEBUG] * 会員ダッシュボード（ホーム画面）が表示される
18-06-2026 20:19:04.411 [Gauge] [DEBUG] * 会員名 "見本一郎" が表示される

18-06-2026 20:19:04.429 [Gauge] [INFO] ## 誤ったパスワードでログインするとエラーが表示される
18-06-2026 20:19:04.462 [Gauge] [DEBUG] * ログインページを開く
18-06-2026 20:19:04.487 [Gauge] [DEBUG] * 会員 "student_10001@example.jp" / "wrongpassword" でログインする
18-06-2026 20:19:04.548 [Gauge] [DEBUG] * ログインエラーメッセージが表示される

18-06-2026 20:19:04.554 [Gauge] [INFO] ## 未登録メールアドレスでログインするとエラーが表示される
18-06-2026 20:19:04.587 [Gauge] [DEBUG] * ログインページを開く
18-06-2026 20:19:04.616 [Gauge] [DEBUG] * 会員 "unknown@example.jp" / "anypassword" でログインする
18-06-2026 20:19:04.668 [Gauge] [DEBUG] * ログインエラーメッセージが表示される
18-06-2026 20:19:04.675 [Gauge] [INFO] # 職員（コーチ）ログイン
18-06-2026 20:19:04.676 [Gauge] [INFO] ## 職員が正常にログインして管理画面に遷移する
18-06-2026 20:19:04.708 [Gauge] [DEBUG] * ログインページを開く
18-06-2026 20:19:04.734 [Gauge] [DEBUG] * 職員 "coach_001@example.jp" / "coach001" でログインする
18-06-2026 20:19:04.786 [Gauge] [DEBUG] * 管理画面（ダッシュボード）が表示される
18-06-2026 20:19:04.833 [Gauge] [DEBUG] * サイドバーが表示される
18-06-2026 20:19:04.836 [Gauge] [DEBUG] * スタッフ名 "コーチA" が表示される
18-06-2026 20:19:04.842 [Gauge] [INFO] # 学習記録の入力
18-06-2026 20:19:04.843 [Gauge] [INFO] ## 会員が学習記録を入力して保存できる
18-06-2026 20:19:04.876 [Gauge] [DEBUG] * 会員としてセッションを設定して会員画面を開く
18-06-2026 20:19:04.966 [Gauge] [DEBUG] * 学習記録ボタンをクリックする
18-06-2026 20:19:05.004 [Gauge] [DEBUG] * 学習日 "2026-06-01" を入力する
18-06-2026 20:19:05.008 [Gauge] [DEBUG] * 教材を選択する
18-06-2026 20:19:05.029 [Gauge] [DEBUG] * 学習時間 "30" 分を選択する
18-06-2026 20:19:05.032 [Gauge] [DEBUG] * 記録を保存する
18-06-2026 20:19:05.065 [Gauge] [DEBUG] * 会員画面をリロードする
18-06-2026 20:19:05.082 [Gauge] [DEBUG] * カレンダーに "2026-06-01" の記録が表示される
18-06-2026 20:19:05.089 [Gauge] [INFO] # 会員一覧の検索
18-06-2026 20:19:05.090 [Gauge] [INFO] ## キーワードで会員を検索できる
18-06-2026 20:19:05.142 [Gauge] [DEBUG] * 職員としてセッションを設定して管理画面を開く
18-06-2026 20:19:05.247 [Gauge] [DEBUG] * 会員管理メニューをクリックする
18-06-2026 20:19:05.286 [Gauge] [DEBUG] * 会員検索欄に "見本一郎" と入力する
18-06-2026 20:19:05.616 [Gauge] [DEBUG] * 会員一覧に "見本一郎" が表示される

18-06-2026 20:19:05.631 [Gauge] [INFO] ## 存在しないキーワードで検索すると該当なしになる
18-06-2026 20:19:05.674 [Gauge] [DEBUG] * 職員としてセッションを設定して管理画面を開く
18-06-2026 20:19:05.776 [Gauge] [DEBUG] * 会員管理メニューをクリックする
18-06-2026 20:19:05.819 [Gauge] [DEBUG] * 会員検索欄に "zzznotexist" と入力する
18-06-2026 20:19:06.152 [Gauge] [DEBUG] * 会員一覧に "見本一郎" が表示されない
18-06-2026 20:19:06.168 [Gauge] [INFO] # ログアウト
18-06-2026 20:19:06.169 [Gauge] [INFO] ## 職員がログアウトすると login.html に戻る
18-06-2026 20:19:06.212 [Gauge] [DEBUG] * 職員としてセッションを設定して管理画面を開く
18-06-2026 20:19:06.315 [Gauge] [DEBUG] * 管理画面でログアウトする
18-06-2026 20:19:06.350 [Gauge] [DEBUG] * ログインページにリダイレクトされる
18-06-2026 20:19:06.360 [Gauge] [INFO] # 新規会員登録
18-06-2026 20:19:06.360 [Gauge] [INFO] ## 新規会員を登録するとリロード後に詳細パネルで確認できる
18-06-2026 20:19:06.394 [Gauge] [DEBUG] * 職員としてセッションを設定して管理画面を開く（localStorageなし）
18-06-2026 20:19:06.504 [Gauge] [DEBUG] * 会員管理メニューをクリックする
18-06-2026 20:19:06.552 [Gauge] [DEBUG] * 新規会員登録ボタンをクリックする
18-06-2026 20:19:06.588 [Gauge] [DEBUG] * 新規会員フォームに最小限の情報を入力する
18-06-2026 20:19:06.626 [Gauge] [DEBUG] * 新規会員フォームを保存する
18-06-2026 20:19:06.668 [Gauge] [DEBUG] * 管理画面をリロードする
18-06-2026 20:19:06.691 [Gauge] [DEBUG] * 会員管理メニューをクリックする
18-06-2026 20:19:06.731 [Gauge] [DEBUG] * 会員 "テスト 太郎" の行をクリックする
18-06-2026 20:19:06.767 [Gauge] [DEBUG] * 詳細パネルの "em-email" が "e2etest@example.jp" と表示される
18-06-2026 20:19:06.775 [Gauge] [DEBUG] * 詳細パネルの "em-id" が "99990" と表示される
18-06-2026 20:19:06.787 [Gauge] [INFO] # 会員情報編集
18-06-2026 20:19:06.788 [Gauge] [INFO] ## 会員のプランを変更するとリロード後に詳細パネルに反映される
18-06-2026 20:19:06.823 [Gauge] [DEBUG] * 職員としてセッションを設定して管理画面を開く（localStorageなし）
18-06-2026 20:19:06.923 [Gauge] [DEBUG] * localStorageに会員データを注入してリロードする
18-06-2026 20:19:06.953 [Gauge] [DEBUG] * 会員管理メニューをクリックする
18-06-2026 20:19:06.985 [Gauge] [DEBUG] * 会員 "見本一郎" の行をクリックする
18-06-2026 20:19:07.021 [Gauge] [DEBUG] * 詳細パネルの "em-plan" を "給付金6ヶ月プラン" に変更する
18-06-2026 20:19:07.026 [Gauge] [DEBUG] * 詳細パネルの変更を保存する
18-06-2026 20:19:08.922 [Gauge] [DEBUG] * 会員管理メニューをクリックする
18-06-2026 20:19:08.950 [Gauge] [DEBUG] * 会員 "見本一郎" の行をクリックする
18-06-2026 20:19:08.986 [Gauge] [DEBUG] * 詳細パネルの "em-plan" が "給付金6ヶ月プラン" と表示される
18-06-2026 20:19:08.998 [Gauge] [INFO] # コーチング記録
18-06-2026 20:19:08.999 [Gauge] [INFO] ## 通常コーチング記録を作成するとリロード後に詳細パネルに表示される
18-06-2026 20:19:09.036 [Gauge] [DEBUG] * 職員としてセッションを設定して管理画面を開く（localStorageなし）
18-06-2026 20:19:09.140 [Gauge] [DEBUG] * localStorageに会員データを注入してリロードする
18-06-2026 20:19:09.168 [Gauge] [DEBUG] * 会員カルテメニューをクリックする
18-06-2026 20:19:09.211 [Gauge] [DEBUG] * コーチング記録追加ボタンをクリックする
18-06-2026 20:19:09.303 [Gauge] [DEBUG] * コーチング種別を "通常コーチング" に選択する
18-06-2026 20:19:09.610 [Gauge] [DEBUG] * コーチング日付に今日を入力する
18-06-2026 20:19:09.620 [Gauge] [DEBUG] * コーチング記録を保存する
18-06-2026 20:19:09.660 [Gauge] [DEBUG] * 管理画面をリロードする
18-06-2026 20:19:09.689 [Gauge] [DEBUG] * 会員カルテメニューをクリックする
18-06-2026 20:19:09.736 [Gauge] [DEBUG] * コーチング記録 "通常コーチング" が表示される
18-06-2026 20:19:09.752 [Gauge] [INFO] # PROGOSスコア登録
18-06-2026 20:19:09.753 [Gauge] [INFO] ## PROGOSスコアを登録するとリロード後に詳細パネルに表示される
18-06-2026 20:19:09.788 [Gauge] [DEBUG] * 職員としてセッションを設定して管理画面を開く（localStorageなし）
18-06-2026 20:19:09.886 [Gauge] [DEBUG] * localStorageに会員データを注入してリロードする
18-06-2026 20:19:09.916 [Gauge] [DEBUG] * 会員カルテメニューをクリックする
18-06-2026 20:19:09.961 [Gauge] [DEBUG] * PROGOSスコア登録ボタンをクリックする
18-06-2026 20:19:10.055 [Gauge] [DEBUG] * PROGOSフォームに最小限の情報を入力する
18-06-2026 20:19:10.274 [Gauge] [DEBUG] * PROGOSスコアを保存する
18-06-2026 20:19:10.324 [Gauge] [DEBUG] * 管理画面をリロードする
18-06-2026 20:19:10.352 [Gauge] [DEBUG] * 会員カルテメニューをクリックする
18-06-2026 20:19:10.384 [Gauge] [DEBUG] * PROGOSスコアが表示される
18-06-2026 20:19:10.399 [Gauge] [INFO] # 継続プラン管理
18-06-2026 20:19:10.400 [Gauge] [INFO] ## 継続プランを追加するとリロード後に詳細パネルに表示される
18-06-2026 20:19:10.446 [Gauge] [DEBUG] * 職員としてセッションを設定して管理画面を開く（localStorageなし）
18-06-2026 20:19:10.548 [Gauge] [DEBUG] * localStorageに会員データを注入してリロードする
18-06-2026 20:19:10.577 [Gauge] [DEBUG] * 会員管理メニューをクリックする
18-06-2026 20:19:10.618 [Gauge] [DEBUG] * 会員 "見本一郎" の行をクリックする
18-06-2026 20:19:10.657 [Gauge] [DEBUG] * 継続プラン追加ボタンをクリックする
18-06-2026 20:19:11.033 [Gauge] [DEBUG] * 継続プランフォームに最小限の情報を入力する
18-06-2026 20:19:11.244 [Gauge] [DEBUG] * 継続プランを保存する
18-06-2026 20:19:11.271 [Gauge] [DEBUG] * 管理画面をリロードする
18-06-2026 20:19:11.304 [Gauge] [DEBUG] * 会員管理メニューをクリックする
18-06-2026 20:19:11.332 [Gauge] [DEBUG] * 会員 "見本一郎" の行をクリックする
18-06-2026 20:19:11.368 [Gauge] [DEBUG] * 継続プランが表示される
18-06-2026 20:19:11.375 [Gauge] [INFO] # 休会設定
18-06-2026 20:19:11.376 [Gauge] [INFO] ## 休会期間を設定するとリロード後にステータスが休会中になる
18-06-2026 20:19:11.412 [Gauge] [DEBUG] * 職員としてセッションを設定して管理画面を開く（localStorageなし）
18-06-2026 20:19:11.513 [Gauge] [DEBUG] * localStorageに会員データを注入してリロードする
18-06-2026 20:19:11.541 [Gauge] [DEBUG] * 会員管理メニューをクリックする
18-06-2026 20:19:11.585 [Gauge] [DEBUG] * 会員 "見本一郎" の行をクリックする
18-06-2026 20:19:11.622 [Gauge] [DEBUG] * 休会設定ボタンをクリックする
18-06-2026 20:19:12.003 [Gauge] [DEBUG] * 休会フォームに今日から "30" 日間の期間を入力する
18-06-2026 20:19:12.213 [Gauge] [DEBUG] * 休会設定を保存する
18-06-2026 20:19:12.237 [Gauge] [DEBUG] * 管理画面をリロードする
18-06-2026 20:19:12.270 [Gauge] [DEBUG] * 会員管理メニューをクリックする
18-06-2026 20:19:12.299 [Gauge] [DEBUG] * 会員 "見本一郎" の行をクリックする
18-06-2026 20:19:12.336 [Gauge] [DEBUG] * 詳細パネルのステータスが "休会中" と表示される
18-06-2026 20:19:12.344 [Gauge] [INFO] # 自動ステータス切り替え
18-06-2026 20:19:12.345 [Gauge] [INFO] ## 卒業日が昨日の会員は管理画面ロード時に卒業ステータスになる
18-06-2026 20:19:12.395 [Gauge] [DEBUG] * 卒業日が昨日の会員データを注入して管理画面を開く
18-06-2026 20:19:12.500 [Gauge] [DEBUG] * 会員管理メニューをクリックする
18-06-2026 20:19:12.535 [Gauge] [DEBUG] * 会員 "見本一郎" の行をクリックする
18-06-2026 20:19:12.571 [Gauge] [DEBUG] * 詳細パネルのステータスが "卒業" と表示される

18-06-2026 20:19:12.579 [Gauge] [INFO] ## 今日が休会期間内の会員は管理画面ロード時に休会中ステータスになる
18-06-2026 20:19:12.614 [Gauge] [DEBUG] * 今日が休会期間内の会員データを注入して管理画面を開く
18-06-2026 20:19:12.715 [Gauge] [DEBUG] * 会員管理メニューをクリックする
18-06-2026 20:19:12.751 [Gauge] [DEBUG] * 会員 "見本一郎" の行をクリックする
18-06-2026 20:19:12.788 [Gauge] [DEBUG] * 詳細パネルのステータスが "休会中" と表示される
18-06-2026 20:19:12.797 [Gauge] [INFO] # 会員ダッシュボード表示値検証
18-06-2026 20:19:12.798 [Gauge] [INFO] ## 3日連続の学習記録があるとストリークが3と表示される
18-06-2026 20:19:12.832 [Gauge] [DEBUG] * "3" 日分の連続学習記録を注入して会員画面を開く
18-06-2026 20:19:12.905 [Gauge] [DEBUG] * ストリーク表示が "3" 日と表示される

18-06-2026 20:19:12.914 [Gauge] [INFO] ## 今日の目標を達成するとグラフが100%!と(MISSING)表示される
18-06-2026 20:19:12.952 [Gauge] [DEBUG] * 今日 "60" 分の学習記録と目標 "60" 分を注入して会員画面を開く
18-06-2026 20:19:13.024 [Gauge] [DEBUG] * 目標円グラフが "100" %!と(MISSING)表示される

18-06-2026 20:19:13.033 [Gauge] [INFO] ## 卒業日が設定されていると卒業カウントダウンが正しく表示される
18-06-2026 20:19:13.068 [Gauge] [DEBUG] * "13" 日後の卒業日で会員データを注入して会員画面を開く
18-06-2026 20:19:13.139 [Gauge] [DEBUG] * 卒業カウントダウンが "13" 日と表示される
18-06-2026 20:19:13.148 [Gauge] [INFO] # 教材進捗・コーチングリマインダー
18-06-2026 20:19:13.149 [Gauge] [INFO] ## 教材選定済みの会員は会員画面に教材進捗が表示される
18-06-2026 20:19:13.183 [Gauge] [DEBUG] * 教材選定済みの会員データを注入して会員画面を開く
18-06-2026 20:19:13.258 [Gauge] [DEBUG] * 教材進捗エリアに教材が表示される

18-06-2026 20:19:13.269 [Gauge] [INFO] ## 最後のコーチングから31日以上経過するとリマインダーが表示される
18-06-2026 20:19:13.304 [Gauge] [DEBUG] * "31" 日前のコーチング記録を持つ会員データを注入して会員画面を開く
18-06-2026 20:19:13.375 [Gauge] [DEBUG] * コーチングリマインダーが表示される
18-06-2026 20:19:13.384 [Gauge] [INFO] # 達成率グラフ
18-06-2026 20:19:13.384 [Gauge] [INFO] ## 学習記録があると達成率グラフが表示される
18-06-2026 20:19:13.418 [Gauge] [DEBUG] * 学習記録を "60" 分注入して会員画面を開く
18-06-2026 20:19:13.513 [Gauge] [DEBUG] * 達成率グラフが表示される

18-06-2026 20:19:13.519 [Gauge] [INFO] ## 期間タブを今週に切り替えてもグラフが表示される
18-06-2026 20:19:13.555 [Gauge] [DEBUG] * 学習記録を "60" 分注入して会員画面を開く
18-06-2026 20:19:13.647 [Gauge] [DEBUG] * 達成率グラフの "week" タブに切り替える
18-06-2026 20:19:13.980 [Gauge] [DEBUG] * 達成率グラフが表示される
18-06-2026 20:19:13.987 [Gauge] [INFO] # 学習履歴カレンダー
18-06-2026 20:19:13.987 [Gauge] [INFO] ## 今日の目標を達成した場合カレンダーに緑セルが表示される
18-06-2026 20:19:14.021 [Gauge] [DEBUG] * 今日 "60" 分の学習記録と目標 "60" 分を注入して会員画面を開く
18-06-2026 20:19:14.090 [Gauge] [DEBUG] * 学習カレンダーに達成済みセルが表示される
18-06-2026 20:19:14.101 [Gauge] [INFO] # 学習記録の編集・削除
18-06-2026 20:19:14.102 [Gauge] [INFO] ## 学習記録を編集するとリロード後も変更が保持される
18-06-2026 20:19:14.135 [Gauge] [DEBUG] * 学習記録を "30" 分注入して会員画面を開く
18-06-2026 20:19:14.227 [Gauge] [DEBUG] * 今日のカレンダーセルをクリックする
18-06-2026 20:19:14.310 [Gauge] [DEBUG] * 学習記録の編集ボタンをクリックする
18-06-2026 20:19:14.351 [Gauge] [DEBUG] * 学習時間を "1" 時間 "0" 分に変更する
18-06-2026 20:19:14.355 [Gauge] [DEBUG] * 記録を保存する
18-06-2026 20:19:14.382 [Gauge] [DEBUG] * 会員画面をリロードする
18-06-2026 20:19:14.399 [Gauge] [DEBUG] * 今日の学習記録が "60" 分で保存されている

18-06-2026 20:19:14.405 [Gauge] [INFO] ## 学習記録を削除するとリロード後も削除が保持される
18-06-2026 20:19:14.440 [Gauge] [DEBUG] * 学習記録を "30" 分注入して会員画面を開く
18-06-2026 20:19:14.531 [Gauge] [DEBUG] * 今日のカレンダーセルをクリックする
18-06-2026 20:19:14.610 [Gauge] [DEBUG] * 学習記録の削除ボタンをクリックする
18-06-2026 20:19:15.149 [Gauge] [DEBUG] * 会員画面をリロードする
18-06-2026 20:19:15.176 [Gauge] [DEBUG] * 学習記録が "0" 件保存されている
18-06-2026 20:19:15.201 [html-report] [DEBUG] Transformed SuiteResult to report structure
18-06-2026 20:19:15.227 [html-report] [INFO] Successfully generated html-report to => /Users/yasuikendo/morrow-world/study_app/e2e/reports/html-report/index.html
18-06-2026 20:19:15.227 [html-report] [DEBUG] Done generating HTML report using theme from /Users/yasuikendo/.gauge/plugins/html-report/4.4.5/themes/default
18-06-2026 20:19:15.228 [Gauge] [DEBUG] Sending kill message to Html Report plugin.
18-06-2026 20:19:15.228 [Gauge] [INFO] Specifications:	17 executed	17 passed	0 failed	0 skipped
18-06-2026 20:19:15.228 [Gauge] [INFO] Scenarios:	26 executed	26 passed	0 failed	0 skipped
18-06-2026 20:19:15.228 [Gauge] [INFO] 
Total time taken: 11.434s
18-06-2026 20:19:15.229 [Gauge] [INFO] Updates are available. Run `gauge update -c` for more info.
18-06-2026 20:59:43.715 [Gauge] [DEBUG] Created gauge_screenshots_dir at /Users/yasuikendo/morrow-world/study_app/e2e/.gauge/screenshots
18-06-2026 20:59:43.715 [Gauge] [DEBUG] Plugin ts is already installed.
18-06-2026 20:59:43.716 [Gauge] [DEBUG] Plugin html-report is already installed.
18-06-2026 20:59:43.716 [Gauge] [DEBUG] Parsing started.
18-06-2026 20:59:43.716 [Gauge] [DEBUG] Started concepts parsing.
18-06-2026 20:59:43.719 [Gauge] [DEBUG] 2 concepts parsing completed.
18-06-2026 20:59:43.720 [Gauge] [DEBUG] Started specifications parsing.
18-06-2026 20:59:43.720 [Gauge] [DEBUG] 2 specifications parsing completed.
18-06-2026 20:59:43.720 [Gauge] [DEBUG] Parsing completed.
18-06-2026 20:59:43.753 [ts] [ERROR] (node:37774) [DEP0190] DeprecationWarning: Passing args to a child process with shell option true can lead to security vulnerabilities, as the arguments are not escaped, only concatenated.
18-06-2026 20:59:43.753 [ts] [ERROR] (Use `node --trace-deprecation ...` to show where the warning was created)
18-06-2026 20:59:44.837 [ts] [ERROR] (node:37797) [DEP0180] DeprecationWarning: fs.Stats constructor is deprecated.
18-06-2026 20:59:44.837 [ts] [ERROR] (Use `node --trace-deprecation ...` to show where the warning was created)
18-06-2026 20:59:44.841 [Gauge] [DEBUG] Attempting to connect to grpc server at port: 51174
18-06-2026 20:59:44.841 [Gauge] [DEBUG] Successfully made the connection with runner with port: 51174
18-06-2026 20:59:44.841 [Gauge] [DEBUG] Validation started.
18-06-2026 20:59:44.850 [Gauge] [DEBUG] Validation completed.
18-06-2026 20:59:44.850 [Gauge] [DEBUG] Run started
18-06-2026 20:59:44.851 [Gauge] [DEBUG] Starting Html Report plugin
18-06-2026 20:59:44.894 [Gauge] [DEBUG] Attempting to connect to grpc server at port: 51177
18-06-2026 20:59:44.894 [Gauge] [DEBUG] Successfully made the connection with plugin with port: 51177
18-06-2026 20:59:44.894 [Gauge] [DEBUG] Initialising suite data store.
18-06-2026 20:59:45.595 [Gauge] [INFO] # 会員ログイン
18-06-2026 20:59:45.598 [Gauge] [INFO] ## 会員が正常にログインして会員ダッシュボードに遷移する
18-06-2026 20:59:45.842 [Gauge] [DEBUG] * ログインページを開く
18-06-2026 20:59:45.957 [Gauge] [DEBUG] * 会員 "student_10001@example.jp" / "student10001" でログインする
18-06-2026 20:59:45.957 [Gauge] [DEBUG] * ログインIDに "student_10001@example.jp" を入力する
18-06-2026 20:59:45.978 [Gauge] [DEBUG] * パスワードに "student10001" を入力する
18-06-2026 20:59:45.996 [Gauge] [DEBUG] * ログインボタンを押す

18-06-2026 20:59:46.044 [Gauge] [DEBUG] * 会員ダッシュボード（ホーム画面）が表示される
18-06-2026 20:59:46.080 [Gauge] [DEBUG] * 会員名 "見本一郎" が表示される

18-06-2026 20:59:46.089 [Gauge] [INFO] ## 誤ったパスワードでログインするとエラーが表示される
18-06-2026 20:59:46.121 [Gauge] [DEBUG] * ログインページを開く
18-06-2026 20:59:46.152 [Gauge] [DEBUG] * 会員 "student_10001@example.jp" / "wrongpassword" でログインする
18-06-2026 20:59:46.153 [Gauge] [DEBUG] * ログインIDに "student_10001@example.jp" を入力する
18-06-2026 20:59:46.163 [Gauge] [DEBUG] * パスワードに "wrongpassword" を入力する
18-06-2026 20:59:46.187 [Gauge] [DEBUG] * ログインボタンを押す

18-06-2026 20:59:46.227 [Gauge] [DEBUG] * ログインエラーメッセージが表示される

18-06-2026 20:59:46.234 [Gauge] [INFO] ## 未登録メールアドレスでログインするとエラーが表示される
18-06-2026 20:59:46.268 [Gauge] [DEBUG] * ログインページを開く
18-06-2026 20:59:46.299 [Gauge] [DEBUG] * 会員 "unknown@example.jp" / "anypassword" でログインする
18-06-2026 20:59:46.300 [Gauge] [DEBUG] * ログインIDに "unknown@example.jp" を入力する
18-06-2026 20:59:46.304 [Gauge] [DEBUG] * パスワードに "anypassword" を入力する
18-06-2026 20:59:46.321 [Gauge] [DEBUG] * ログインボタンを押す

18-06-2026 20:59:46.361 [Gauge] [DEBUG] * ログインエラーメッセージが表示される
18-06-2026 20:59:46.367 [Gauge] [INFO] # 職員（コーチ）ログイン
18-06-2026 20:59:46.368 [Gauge] [INFO] ## 職員が正常にログインして管理画面に遷移する
18-06-2026 20:59:46.400 [Gauge] [DEBUG] * ログインページを開く
18-06-2026 20:59:46.438 [Gauge] [DEBUG] * 職員 "coach_001@example.jp" / "coach001" でログインする
18-06-2026 20:59:46.438 [Gauge] [DEBUG] * ログインIDに "coach_001@example.jp" を入力する
18-06-2026 20:59:46.443 [Gauge] [DEBUG] * パスワードに "coach001" を入力する
18-06-2026 20:59:46.459 [Gauge] [DEBUG] * ログインボタンを押す
18-06-2026 20:59:46.496 [Gauge] [DEBUG] * 管理画面（ダッシュボード）が表示される
18-06-2026 20:59:46.548 [Gauge] [DEBUG] * サイドバーが表示される
18-06-2026 20:59:46.551 [Gauge] [DEBUG] * スタッフ名 "コーチA" が表示される
18-06-2026 20:59:46.574 [html-report] [DEBUG] Transformed SuiteResult to report structure
18-06-2026 20:59:46.583 [html-report] [INFO] Successfully generated html-report to => /Users/yasuikendo/morrow-world/study_app/e2e/reports/html-report/index.html
18-06-2026 20:59:46.583 [html-report] [DEBUG] Done generating HTML report using theme from /Users/yasuikendo/.gauge/plugins/html-report/4.4.5/themes/default
18-06-2026 20:59:46.583 [Gauge] [DEBUG] Sending kill message to Html Report plugin.
18-06-2026 20:59:46.584 [Gauge] [INFO] Specifications:	2 executed	2 passed	0 failed	0 skipped
18-06-2026 20:59:46.584 [Gauge] [INFO] Scenarios:	4 executed	4 passed	0 failed	0 skipped
18-06-2026 20:59:46.584 [Gauge] [INFO] 
Total time taken: 1.722s
18-06-2026 20:59:54.924 [Gauge] [DEBUG] Created gauge_screenshots_dir at /Users/yasuikendo/morrow-world/study_app/e2e/.gauge/screenshots
18-06-2026 20:59:54.924 [Gauge] [DEBUG] Plugin ts is already installed.
18-06-2026 20:59:54.924 [Gauge] [DEBUG] Plugin html-report is already installed.
18-06-2026 20:59:54.924 [Gauge] [DEBUG] Parsing started.
18-06-2026 20:59:54.924 [Gauge] [DEBUG] Started concepts parsing.
18-06-2026 20:59:54.928 [Gauge] [DEBUG] 2 concepts parsing completed.
18-06-2026 20:59:54.928 [Gauge] [DEBUG] Started specifications parsing.
18-06-2026 20:59:54.928 [Gauge] [DEBUG] 4 specifications parsing completed.
18-06-2026 20:59:54.928 [Gauge] [DEBUG] Parsing completed.
18-06-2026 20:59:54.962 [ts] [ERROR] (node:37929) [DEP0190] DeprecationWarning: Passing args to a child process with shell option true can lead to security vulnerabilities, as the arguments are not escaped, only concatenated.
18-06-2026 20:59:54.962 [ts] [ERROR] (Use `node --trace-deprecation ...` to show where the warning was created)
18-06-2026 20:59:55.261 [Gauge] [DEBUG] Checking updates...
18-06-2026 20:59:55.261 [Gauge] [DEBUG] Downloading https://downloads.gauge.org/plugin/html-report?l=ts&p=html-report,screenshot,ts&o=darwin&a=arm64
18-06-2026 20:59:55.725 [ts] [ERROR] (node:37952) [DEP0180] DeprecationWarning: fs.Stats constructor is deprecated.
18-06-2026 20:59:55.725 [ts] [ERROR] (Use `node --trace-deprecation ...` to show where the warning was created)
18-06-2026 20:59:55.737 [Gauge] [DEBUG] Attempting to connect to grpc server at port: 51241
18-06-2026 20:59:55.737 [Gauge] [DEBUG] Successfully made the connection with runner with port: 51241
18-06-2026 20:59:55.738 [Gauge] [DEBUG] Validation started.
18-06-2026 20:59:55.755 [Gauge] [DEBUG] Validation completed.
18-06-2026 20:59:55.756 [Gauge] [DEBUG] Run started
18-06-2026 20:59:55.757 [Gauge] [DEBUG] Starting Html Report plugin
18-06-2026 20:59:55.765 [html-report] [DEBUG] Setting MaxRecvMsgSize = 1024 MB
18-06-2026 20:59:55.765 [Gauge] [DEBUG] Attempting to connect to grpc server at port: 51244
18-06-2026 20:59:55.765 [Gauge] [DEBUG] Successfully made the connection with plugin with port: 51244
18-06-2026 20:59:55.765 [Gauge] [DEBUG] Initialising suite data store.
18-06-2026 20:59:56.249 [Gauge] [INFO] # 学習記録の入力
18-06-2026 20:59:56.251 [Gauge] [INFO] ## 会員が学習記録を入力して保存できる
18-06-2026 20:59:56.295 [Gauge] [DEBUG] * ログインページを開く
18-06-2026 20:59:56.332 [Gauge] [DEBUG] * 会員 "student_10001@example.jp" / "student10001" でログインする
18-06-2026 20:59:56.332 [Gauge] [DEBUG] * ログインIDに "student_10001@example.jp" を入力する
18-06-2026 20:59:56.343 [Gauge] [DEBUG] * パスワードに "student10001" を入力する
18-06-2026 20:59:56.365 [Gauge] [DEBUG] * ログインボタンを押す

18-06-2026 20:59:56.400 [Gauge] [DEBUG] * 学習記録ボタンをクリックする
18-06-2026 20:59:56.454 [Gauge] [DEBUG] * 学習日 "2026-06-01" を入力する
18-06-2026 20:59:56.460 [Gauge] [DEBUG] * 教材を選択する
18-06-2026 20:59:56.464 [Gauge] [DEBUG] * 学習時間 "30" 分を選択する
18-06-2026 20:59:56.467 [Gauge] [DEBUG] * 記録を保存する
18-06-2026 20:59:56.495 [Gauge] [DEBUG] * 会員画面をリロードする
18-06-2026 20:59:56.513 [Gauge] [DEBUG] * カレンダーに "2026-06-01" の記録が表示される
18-06-2026 20:59:56.522 [Gauge] [INFO] # 会員一覧の検索
18-06-2026 20:59:56.523 [Gauge] [INFO] ## キーワードで会員を検索できる
18-06-2026 20:59:56.556 [Gauge] [DEBUG] * ログインページを開く
18-06-2026 20:59:56.593 [Gauge] [DEBUG] * 職員 "coach_001@example.jp" / "coach001" でログインする
18-06-2026 20:59:56.593 [Gauge] [DEBUG] * ログインIDに "coach_001@example.jp" を入力する
18-06-2026 20:59:56.598 [Gauge] [DEBUG] * パスワードに "coach001" を入力する
18-06-2026 20:59:56.614 [Gauge] [DEBUG] * ログインボタンを押す
18-06-2026 20:59:56.647 [Gauge] [DEBUG] * 会員管理メニューをクリックする
18-06-2026 20:59:56.732 [Gauge] [DEBUG] * 会員検索欄に "見本一郎" と入力する
18-06-2026 20:59:57.058 [Gauge] [DEBUG] Downloading https://downloads.gauge.org/plugin/screenshot?l=ts&p=html-report,screenshot,ts&o=darwin&a=arm64
18-06-2026 20:59:57.063 [Gauge] [DEBUG] * 会員一覧に "見本一郎" が表示される

18-06-2026 20:59:57.085 [Gauge] [INFO] ## 存在しないキーワードで検索すると該当なしになる
18-06-2026 20:59:57.126 [Gauge] [DEBUG] * ログインページを開く
18-06-2026 20:59:57.158 [Gauge] [DEBUG] * 職員 "coach_001@example.jp" / "coach001" でログインする
18-06-2026 20:59:57.158 [Gauge] [DEBUG] * ログインIDに "coach_001@example.jp" を入力する
18-06-2026 20:59:57.163 [Gauge] [DEBUG] * パスワードに "coach001" を入力する
18-06-2026 20:59:57.180 [Gauge] [DEBUG] * ログインボタンを押す
18-06-2026 20:59:57.214 [Gauge] [DEBUG] Downloading https://downloads.gauge.org/plugin/ts?l=ts&p=html-report,screenshot,ts&o=darwin&a=arm64
18-06-2026 20:59:57.214 [Gauge] [DEBUG] * 会員管理メニューをクリックする
18-06-2026 20:59:57.297 [Gauge] [DEBUG] * 会員検索欄に "zzznotexist" と入力する
18-06-2026 20:59:57.629 [Gauge] [DEBUG] * 会員一覧に "見本一郎" が表示されない
18-06-2026 20:59:57.648 [Gauge] [INFO] # ログアウト
18-06-2026 20:59:57.650 [Gauge] [INFO] ## 職員がログアウトすると login.html に戻る
18-06-2026 20:59:57.692 [Gauge] [DEBUG] * ログインページを開く
18-06-2026 20:59:57.724 [Gauge] [DEBUG] * 職員 "coach_001@example.jp" / "coach001" でログインする
18-06-2026 20:59:57.724 [Gauge] [DEBUG] * ログインIDに "coach_001@example.jp" を入力する
18-06-2026 20:59:57.728 [Gauge] [DEBUG] * パスワードに "coach001" を入力する
18-06-2026 20:59:57.749 [Gauge] [DEBUG] * ログインボタンを押す
18-06-2026 20:59:57.780 [Gauge] [DEBUG] * 管理画面でログアウトする
18-06-2026 20:59:57.863 [Gauge] [DEBUG] * ログインページにリダイレクトされる
18-06-2026 20:59:57.873 [Gauge] [INFO] # 新規会員登録
18-06-2026 20:59:57.874 [Gauge] [INFO] ## 新規会員を登録するとリロード後に詳細パネルで確認できる
18-06-2026 20:59:57.907 [Gauge] [DEBUG] * ログインページを開く
18-06-2026 20:59:57.939 [Gauge] [DEBUG] * 職員 "coach_001@example.jp" / "coach001" でログインする
18-06-2026 20:59:57.939 [Gauge] [DEBUG] * ログインIDに "coach_001@example.jp" を入力する
18-06-2026 20:59:57.943 [Gauge] [DEBUG] * パスワードに "coach001" を入力する
18-06-2026 20:59:57.970 [Gauge] [DEBUG] * ログインボタンを押す
18-06-2026 20:59:58.014 [Gauge] [DEBUG] * 会員管理メニューをクリックする
18-06-2026 20:59:58.097 [Gauge] [DEBUG] * 新規会員登録ボタンをクリックする
18-06-2026 20:59:58.134 [Gauge] [DEBUG] * 新規会員フォームに最小限の情報を入力する
18-06-2026 20:59:58.178 [Gauge] [DEBUG] * 新規会員フォームを保存する
18-06-2026 20:59:58.214 [Gauge] [DEBUG] * 管理画面をリロードする
18-06-2026 20:59:58.240 [Gauge] [DEBUG] * 会員管理メニューをクリックする
18-06-2026 20:59:58.277 [Gauge] [DEBUG] * 会員 "テスト 太郎" の行をクリックする
18-06-2026 20:59:58.314 [Gauge] [DEBUG] * 詳細パネルの "em-email" が "e2etest@example.jp" と表示される
18-06-2026 20:59:58.319 [Gauge] [DEBUG] * 詳細パネルの "em-id" が "99990" と表示される
18-06-2026 20:59:58.345 [html-report] [DEBUG] Transformed SuiteResult to report structure
18-06-2026 20:59:58.352 [html-report] [INFO] Successfully generated html-report to => /Users/yasuikendo/morrow-world/study_app/e2e/reports/html-report/index.html
18-06-2026 20:59:58.352 [html-report] [DEBUG] Done generating HTML report using theme from /Users/yasuikendo/.gauge/plugins/html-report/4.4.5/themes/default
18-06-2026 20:59:58.352 [Gauge] [DEBUG] Sending kill message to Html Report plugin.
18-06-2026 20:59:58.353 [Gauge] [INFO] Specifications:	4 executed	4 passed	0 failed	0 skipped
18-06-2026 20:59:58.353 [Gauge] [INFO] Scenarios:	5 executed	5 passed	0 failed	0 skipped
18-06-2026 20:59:58.353 [Gauge] [INFO] 
Total time taken: 2.588s
18-06-2026 20:59:58.353 [Gauge] [INFO] Updates are available. Run `gauge update -c` for more info.
18-06-2026 21:00:07.114 [Gauge] [DEBUG] Created gauge_screenshots_dir at /Users/yasuikendo/morrow-world/study_app/e2e/.gauge/screenshots
18-06-2026 21:00:07.115 [Gauge] [DEBUG] Plugin ts is already installed.
18-06-2026 21:00:07.115 [Gauge] [DEBUG] Plugin html-report is already installed.
18-06-2026 21:00:07.115 [Gauge] [DEBUG] Parsing started.
18-06-2026 21:00:07.115 [Gauge] [DEBUG] Started concepts parsing.
18-06-2026 21:00:07.120 [Gauge] [DEBUG] 2 concepts parsing completed.
18-06-2026 21:00:07.120 [Gauge] [DEBUG] Started specifications parsing.
18-06-2026 21:00:07.121 [Gauge] [DEBUG] 5 specifications parsing completed.
18-06-2026 21:00:07.121 [Gauge] [DEBUG] Parsing completed.
18-06-2026 21:00:07.161 [ts] [ERROR] (node:38084) [DEP0190] DeprecationWarning: Passing args to a child process with shell option true can lead to security vulnerabilities, as the arguments are not escaped, only concatenated.
18-06-2026 21:00:07.161 [ts] [ERROR] (Use `node --trace-deprecation ...` to show where the warning was created)
18-06-2026 21:00:07.415 [Gauge] [DEBUG] Checking updates...
18-06-2026 21:00:07.415 [Gauge] [DEBUG] Downloading https://downloads.gauge.org/plugin/html-report?l=ts&p=html-report,screenshot,ts&o=darwin&a=arm64
18-06-2026 21:00:07.838 [Gauge] [DEBUG] Downloading https://downloads.gauge.org/plugin/screenshot?l=ts&p=html-report,screenshot,ts&o=darwin&a=arm64
18-06-2026 21:00:07.951 [ts] [ERROR] (node:38108) [DEP0180] DeprecationWarning: fs.Stats constructor is deprecated.
18-06-2026 21:00:07.951 [ts] [ERROR] (Use `node --trace-deprecation ...` to show where the warning was created)
18-06-2026 21:00:07.956 [Gauge] [DEBUG] Attempting to connect to grpc server at port: 51334
18-06-2026 21:00:07.956 [Gauge] [DEBUG] Successfully made the connection with runner with port: 51334
18-06-2026 21:00:07.956 [Gauge] [DEBUG] Validation started.
18-06-2026 21:00:07.958 [Gauge] [DEBUG] Downloading https://downloads.gauge.org/plugin/ts?l=ts&p=html-report,screenshot,ts&o=darwin&a=arm64
18-06-2026 21:00:07.970 [Gauge] [DEBUG] Validation completed.
18-06-2026 21:00:07.970 [Gauge] [DEBUG] Run started
18-06-2026 21:00:07.970 [Gauge] [DEBUG] Starting Html Report plugin
18-06-2026 21:00:07.978 [Gauge] [DEBUG] Attempting to connect to grpc server at port: 51337
18-06-2026 21:00:07.978 [Gauge] [DEBUG] Successfully made the connection with plugin with port: 51337
18-06-2026 21:00:07.978 [Gauge] [DEBUG] Initialising suite data store.
18-06-2026 21:00:08.464 [Gauge] [INFO] # 会員情報編集
18-06-2026 21:00:08.466 [Gauge] [INFO] ## 会員のプランを変更するとリロード後に詳細パネルに反映される
18-06-2026 21:00:08.510 [Gauge] [DEBUG] * ログインページを開く
18-06-2026 21:00:08.548 [Gauge] [DEBUG] * 職員 "coach_001@example.jp" / "coach001" でログインする
18-06-2026 21:00:08.548 [Gauge] [DEBUG] * ログインIDに "coach_001@example.jp" を入力する
18-06-2026 21:00:08.560 [Gauge] [DEBUG] * パスワードに "coach001" を入力する
18-06-2026 21:00:08.581 [Gauge] [DEBUG] * ログインボタンを押す
18-06-2026 21:00:08.616 [Gauge] [DEBUG] * localStorageに会員データを注入してリロードする
18-06-2026 21:00:08.683 [Gauge] [DEBUG] * 会員管理メニューをクリックする
18-06-2026 21:00:08.714 [Gauge] [DEBUG] * 会員 "見本一郎" の行をクリックする
18-06-2026 21:00:08.770 [Gauge] [DEBUG] * 詳細パネルの "em-plan" を "給付金6ヶ月プラン" に変更する
18-06-2026 21:00:08.780 [Gauge] [DEBUG] * 詳細パネルの変更を保存する
18-06-2026 21:00:10.717 [Gauge] [DEBUG] * 会員管理メニューをクリックする
18-06-2026 21:00:10.744 [Gauge] [DEBUG] * 会員 "見本一郎" の行をクリックする
18-06-2026 21:00:10.781 [Gauge] [DEBUG] * 詳細パネルの "em-plan" が "給付金6ヶ月プラン" と表示される
18-06-2026 21:00:10.802 [Gauge] [INFO] # コーチング記録
18-06-2026 21:00:10.803 [Gauge] [INFO] ## 通常コーチング記録を作成するとリロード後に詳細パネルに表示される
18-06-2026 21:00:10.855 [Gauge] [DEBUG] * ログインページを開く
18-06-2026 21:00:10.888 [Gauge] [DEBUG] * 職員 "coach_001@example.jp" / "coach001" でログインする
18-06-2026 21:00:10.888 [Gauge] [DEBUG] * ログインIDに "coach_001@example.jp" を入力する
18-06-2026 21:00:10.892 [Gauge] [DEBUG] * パスワードに "coach001" を入力する
18-06-2026 21:00:10.909 [Gauge] [DEBUG] * ログインボタンを押す
18-06-2026 21:00:11.009 [Gauge] [DEBUG] * localStorageに会員データを注入してリロードする
18-06-2026 21:00:11.037 [Gauge] [DEBUG] * 会員カルテメニューをクリックする
18-06-2026 21:00:11.098 [Gauge] [DEBUG] * コーチング記録追加ボタンをクリックする
18-06-2026 21:00:11.182 [Gauge] [DEBUG] * コーチング種別を "通常コーチング" に選択する
18-06-2026 21:00:11.492 [Gauge] [DEBUG] * コーチング日付に今日を入力する
18-06-2026 21:00:11.506 [Gauge] [DEBUG] * コーチング記録を保存する
18-06-2026 21:00:11.561 [Gauge] [DEBUG] * 管理画面をリロードする
18-06-2026 21:00:11.591 [Gauge] [DEBUG] * 会員カルテメニューをクリックする
18-06-2026 21:00:11.631 [Gauge] [DEBUG] * コーチング記録 "通常コーチング" が表示される
18-06-2026 21:00:11.646 [Gauge] [INFO] # PROGOSスコア登録
18-06-2026 21:00:11.647 [Gauge] [INFO] ## PROGOSスコアを登録するとリロード後に詳細パネルに表示される
18-06-2026 21:00:11.683 [Gauge] [DEBUG] * ログインページを開く
18-06-2026 21:00:11.717 [Gauge] [DEBUG] * 職員 "coach_001@example.jp" / "coach001" でログインする
18-06-2026 21:00:11.717 [Gauge] [DEBUG] * ログインIDに "coach_001@example.jp" を入力する
18-06-2026 21:00:11.722 [Gauge] [DEBUG] * パスワードに "coach001" を入力する
18-06-2026 21:00:11.738 [Gauge] [DEBUG] * ログインボタンを押す
18-06-2026 21:00:11.781 [Gauge] [DEBUG] * localStorageに会員データを注入してリロードする
18-06-2026 21:00:11.844 [Gauge] [DEBUG] * 会員カルテメニューをクリックする
18-06-2026 21:00:11.888 [Gauge] [DEBUG] * PROGOSスコア登録ボタンをクリックする
18-06-2026 21:00:11.964 [Gauge] [DEBUG] * PROGOSフォームに最小限の情報を入力する
18-06-2026 21:00:12.189 [Gauge] [DEBUG] * PROGOSスコアを保存する
18-06-2026 21:00:12.235 [Gauge] [DEBUG] * 管理画面をリロードする
18-06-2026 21:00:12.262 [Gauge] [DEBUG] * 会員カルテメニューをクリックする
18-06-2026 21:00:12.297 [Gauge] [DEBUG] * PROGOSスコアが表示される
18-06-2026 21:00:12.311 [Gauge] [INFO] # 継続プラン管理
18-06-2026 21:00:12.312 [Gauge] [INFO] ## 継続プランを追加するとリロード後に詳細パネルに表示される
18-06-2026 21:00:12.347 [Gauge] [DEBUG] * ログインページを開く
18-06-2026 21:00:12.379 [Gauge] [DEBUG] * 職員 "coach_001@example.jp" / "coach001" でログインする
18-06-2026 21:00:12.379 [Gauge] [DEBUG] * ログインIDに "coach_001@example.jp" を入力する
18-06-2026 21:00:12.384 [Gauge] [DEBUG] * パスワードに "coach001" を入力する
18-06-2026 21:00:12.401 [Gauge] [DEBUG] * ログインボタンを押す
18-06-2026 21:00:12.431 [Gauge] [DEBUG] * localStorageに会員データを注入してリロードする
18-06-2026 21:00:12.494 [Gauge] [DEBUG] * 会員管理メニューをクリックする
18-06-2026 21:00:12.530 [Gauge] [DEBUG] * 会員 "見本一郎" の行をクリックする
18-06-2026 21:00:12.566 [Gauge] [DEBUG] * 継続プラン追加ボタンをクリックする
18-06-2026 21:00:12.933 [Gauge] [DEBUG] * 継続プランフォームに最小限の情報を入力する
18-06-2026 21:00:13.157 [Gauge] [DEBUG] * 継続プランを保存する
18-06-2026 21:00:13.183 [Gauge] [DEBUG] * 管理画面をリロードする
18-06-2026 21:00:13.218 [Gauge] [DEBUG] * 会員管理メニューをクリックする
18-06-2026 21:00:13.263 [Gauge] [DEBUG] * 会員 "見本一郎" の行をクリックする
18-06-2026 21:00:13.299 [Gauge] [DEBUG] * 継続プランが表示される
18-06-2026 21:00:13.309 [Gauge] [INFO] # 休会設定
18-06-2026 21:00:13.310 [Gauge] [INFO] ## 休会期間を設定するとリロード後にステータスが休会中になる
18-06-2026 21:00:13.348 [Gauge] [DEBUG] * ログインページを開く
18-06-2026 21:00:13.388 [Gauge] [DEBUG] * 職員 "coach_001@example.jp" / "coach001" でログインする
18-06-2026 21:00:13.388 [Gauge] [DEBUG] * ログインIDに "coach_001@example.jp" を入力する
18-06-2026 21:00:13.393 [Gauge] [DEBUG] * パスワードに "coach001" を入力する
18-06-2026 21:00:13.412 [Gauge] [DEBUG] * ログインボタンを押す
18-06-2026 21:00:13.448 [Gauge] [DEBUG] * localStorageに会員データを注入してリロードする
18-06-2026 21:00:13.512 [Gauge] [DEBUG] * 会員管理メニューをクリックする
18-06-2026 21:00:13.547 [Gauge] [DEBUG] * 会員 "見本一郎" の行をクリックする
18-06-2026 21:00:13.583 [Gauge] [DEBUG] * 休会設定ボタンをクリックする
18-06-2026 21:00:13.956 [Gauge] [DEBUG] * 休会フォームに今日から "30" 日間の期間を入力する
18-06-2026 21:00:14.168 [Gauge] [DEBUG] * 休会設定を保存する
18-06-2026 21:00:14.199 [Gauge] [DEBUG] * 管理画面をリロードする
18-06-2026 21:00:14.231 [Gauge] [DEBUG] * 会員管理メニューをクリックする
18-06-2026 21:00:14.262 [Gauge] [DEBUG] * 会員 "見本一郎" の行をクリックする
18-06-2026 21:00:14.297 [Gauge] [DEBUG] * 詳細パネルのステータスが "休会中" と表示される
18-06-2026 21:00:14.324 [html-report] [DEBUG] Transformed SuiteResult to report structure
18-06-2026 21:00:14.336 [html-report] [INFO] Successfully generated html-report to => /Users/yasuikendo/morrow-world/study_app/e2e/reports/html-report/index.html
18-06-2026 21:00:14.336 [html-report] [DEBUG] Done generating HTML report using theme from /Users/yasuikendo/.gauge/plugins/html-report/4.4.5/themes/default
18-06-2026 21:00:14.336 [Gauge] [DEBUG] Sending kill message to Html Report plugin.
18-06-2026 21:00:14.337 [Gauge] [INFO] Specifications:	5 executed	5 passed	0 failed	0 skipped
18-06-2026 21:00:14.337 [Gauge] [INFO] Scenarios:	5 executed	5 passed	0 failed	0 skipped
18-06-2026 21:00:14.337 [Gauge] [INFO] 
Total time taken: 6.353s
18-06-2026 21:00:14.338 [Gauge] [INFO] Updates are available. Run `gauge update -c` for more info.
18-06-2026 21:00:23.141 [Gauge] [DEBUG] Created gauge_screenshots_dir at /Users/yasuikendo/morrow-world/study_app/e2e/.gauge/screenshots
18-06-2026 21:00:23.141 [Gauge] [DEBUG] Plugin ts is already installed.
18-06-2026 21:00:23.141 [Gauge] [DEBUG] Plugin html-report is already installed.
18-06-2026 21:00:23.141 [Gauge] [DEBUG] Parsing started.
18-06-2026 21:00:23.141 [Gauge] [DEBUG] Started concepts parsing.
18-06-2026 21:00:23.145 [Gauge] [DEBUG] 2 concepts parsing completed.
18-06-2026 21:00:23.145 [Gauge] [DEBUG] Started specifications parsing.
18-06-2026 21:00:23.146 [Gauge] [DEBUG] 6 specifications parsing completed.
18-06-2026 21:00:23.146 [Gauge] [DEBUG] Parsing completed.
18-06-2026 21:00:23.183 [ts] [ERROR] (node:38252) [DEP0190] DeprecationWarning: Passing args to a child process with shell option true can lead to security vulnerabilities, as the arguments are not escaped, only concatenated.
18-06-2026 21:00:23.183 [ts] [ERROR] (Use `node --trace-deprecation ...` to show where the warning was created)
18-06-2026 21:00:23.517 [Gauge] [DEBUG] Checking updates...
18-06-2026 21:00:23.518 [Gauge] [DEBUG] Downloading https://downloads.gauge.org/plugin/html-report?l=ts&p=html-report,screenshot,ts&o=darwin&a=arm64
18-06-2026 21:00:23.977 [Gauge] [DEBUG] Downloading https://downloads.gauge.org/plugin/screenshot?l=ts&p=html-report,screenshot,ts&o=darwin&a=arm64
18-06-2026 21:00:23.982 [ts] [ERROR] (node:38275) [DEP0180] DeprecationWarning: fs.Stats constructor is deprecated.
18-06-2026 21:00:23.982 [ts] [ERROR] (Use `node --trace-deprecation ...` to show where the warning was created)
18-06-2026 21:00:23.996 [Gauge] [DEBUG] Attempting to connect to grpc server at port: 51461
18-06-2026 21:00:23.996 [Gauge] [DEBUG] Successfully made the connection with runner with port: 51461
18-06-2026 21:00:23.996 [Gauge] [DEBUG] Validation started.
18-06-2026 21:00:24.017 [Gauge] [DEBUG] Validation completed.
18-06-2026 21:00:24.018 [Gauge] [DEBUG] Run started
18-06-2026 21:00:24.018 [Gauge] [DEBUG] Starting Html Report plugin
18-06-2026 21:00:24.026 [html-report] [DEBUG] Setting MaxRecvMsgSize = 1024 MB
18-06-2026 21:00:24.026 [Gauge] [DEBUG] Attempting to connect to grpc server at port: 51468
18-06-2026 21:00:24.026 [Gauge] [DEBUG] Successfully made the connection with plugin with port: 51468
18-06-2026 21:00:24.026 [Gauge] [DEBUG] Initialising suite data store.
18-06-2026 21:00:24.116 [Gauge] [DEBUG] Downloading https://downloads.gauge.org/plugin/ts?l=ts&p=html-report,screenshot,ts&o=darwin&a=arm64
18-06-2026 21:00:24.524 [Gauge] [INFO] # 自動ステータス切り替え
18-06-2026 21:00:24.527 [Gauge] [INFO] ## 卒業日が昨日の会員は管理画面ロード時に卒業ステータスになる
18-06-2026 21:00:24.570 [Gauge] [DEBUG] * 卒業日が昨日の会員データを注入して管理画面を開く
18-06-2026 21:00:24.714 [Gauge] [DEBUG] * 会員管理メニューをクリックする
18-06-2026 21:00:24.747 [Gauge] [DEBUG] * 会員 "見本一郎" の行をクリックする
18-06-2026 21:00:24.784 [Gauge] [DEBUG] * 詳細パネルのステータスが "卒業" と表示される

18-06-2026 21:00:24.796 [Gauge] [INFO] ## 今日が休会期間内の会員は管理画面ロード時に休会中ステータスになる
18-06-2026 21:00:24.830 [Gauge] [DEBUG] * 今日が休会期間内の会員データを注入して管理画面を開く
18-06-2026 21:00:24.963 [Gauge] [DEBUG] * 会員管理メニューをクリックする
18-06-2026 21:00:24.996 [Gauge] [DEBUG] * 会員 "見本一郎" の行をクリックする
18-06-2026 21:00:25.033 [Gauge] [DEBUG] * 詳細パネルのステータスが "休会中" と表示される
18-06-2026 21:00:25.041 [Gauge] [INFO] # 会員ダッシュボード表示値検証
18-06-2026 21:00:25.042 [Gauge] [INFO] ## 3日連続の学習記録があるとストリークが3と表示される
18-06-2026 21:00:25.075 [Gauge] [DEBUG] * "3" 日分の連続学習記録を注入して会員画面を開く
18-06-2026 21:00:25.179 [Gauge] [DEBUG] * ストリーク表示が "3" 日と表示される

18-06-2026 21:00:25.185 [Gauge] [INFO] ## 今日の目標を達成するとグラフが100%!と(MISSING)表示される
18-06-2026 21:00:25.220 [Gauge] [DEBUG] * 今日 "60" 分の学習記録と目標 "60" 分を注入して会員画面を開く
18-06-2026 21:00:25.330 [Gauge] [DEBUG] * 目標円グラフが "100" %!と(MISSING)表示される

18-06-2026 21:00:25.336 [Gauge] [INFO] ## 卒業日が設定されていると卒業カウントダウンが正しく表示される
18-06-2026 21:00:25.370 [Gauge] [DEBUG] * "13" 日後の卒業日で会員データを注入して会員画面を開く
18-06-2026 21:00:25.463 [Gauge] [DEBUG] * 卒業カウントダウンが "13" 日と表示される
18-06-2026 21:00:25.470 [Gauge] [INFO] # 教材進捗・コーチングリマインダー
18-06-2026 21:00:25.471 [Gauge] [INFO] ## 教材選定済みの会員は会員画面に教材進捗が表示される
18-06-2026 21:00:25.504 [Gauge] [DEBUG] * 教材選定済みの会員データを注入して会員画面を開く
18-06-2026 21:00:25.597 [Gauge] [DEBUG] * 教材進捗エリアに教材が表示される

18-06-2026 21:00:25.604 [Gauge] [INFO] ## 最後のコーチングから31日以上経過するとリマインダーが表示される
18-06-2026 21:00:25.643 [Gauge] [DEBUG] * "31" 日前のコーチング記録を持つ会員データを注入して会員画面を開く
18-06-2026 21:00:25.747 [Gauge] [DEBUG] * コーチングリマインダーが表示される
18-06-2026 21:00:25.759 [Gauge] [INFO] # 達成率グラフ
18-06-2026 21:00:25.760 [Gauge] [INFO] ## 学習記録があると達成率グラフが表示される
18-06-2026 21:00:25.792 [Gauge] [DEBUG] * 学習記録を "60" 分注入して会員画面を開く
18-06-2026 21:00:25.896 [Gauge] [DEBUG] * 達成率グラフが表示される

18-06-2026 21:00:25.902 [Gauge] [INFO] ## 期間タブを今週に切り替えてもグラフが表示される
18-06-2026 21:00:25.936 [Gauge] [DEBUG] * 学習記録を "60" 分注入して会員画面を開く
18-06-2026 21:00:26.046 [Gauge] [DEBUG] * 達成率グラフの "week" タブに切り替える
18-06-2026 21:00:26.377 [Gauge] [DEBUG] * 達成率グラフが表示される
18-06-2026 21:00:26.391 [Gauge] [INFO] # 学習履歴カレンダー
18-06-2026 21:00:26.392 [Gauge] [INFO] ## 今日の目標を達成した場合カレンダーに緑セルが表示される
18-06-2026 21:00:26.436 [Gauge] [DEBUG] * 今日 "60" 分の学習記録と目標 "60" 分を注入して会員画面を開く
18-06-2026 21:00:26.533 [Gauge] [DEBUG] * 学習カレンダーに達成済みセルが表示される
18-06-2026 21:00:26.540 [Gauge] [INFO] # 学習記録の編集・削除
18-06-2026 21:00:26.541 [Gauge] [INFO] ## 学習記録を編集するとリロード後も変更が保持される
18-06-2026 21:00:26.574 [Gauge] [DEBUG] * 学習記録を "30" 分注入して会員画面を開く
18-06-2026 21:00:26.679 [Gauge] [DEBUG] * 今日のカレンダーセルをクリックする
18-06-2026 21:00:26.757 [Gauge] [DEBUG] * 学習記録の編集ボタンをクリックする
18-06-2026 21:00:26.796 [Gauge] [DEBUG] * 学習時間を "1" 時間 "0" 分に変更する
18-06-2026 21:00:26.802 [Gauge] [DEBUG] * 記録を保存する
18-06-2026 21:00:26.846 [Gauge] [DEBUG] * 会員画面をリロードする
18-06-2026 21:00:26.863 [Gauge] [DEBUG] * 今日の学習記録が "60" 分で保存されている

18-06-2026 21:00:26.869 [Gauge] [INFO] ## 学習記録を削除するとリロード後も削除が保持される
18-06-2026 21:00:26.904 [Gauge] [DEBUG] * 学習記録を "30" 分注入して会員画面を開く
18-06-2026 21:00:27.013 [Gauge] [DEBUG] * 今日のカレンダーセルをクリックする
18-06-2026 21:00:27.086 [Gauge] [DEBUG] * 学習記録の削除ボタンをクリックする
18-06-2026 21:00:27.630 [Gauge] [DEBUG] * 会員画面をリロードする
18-06-2026 21:00:27.664 [Gauge] [DEBUG] * 学習記録が "0" 件保存されている
18-06-2026 21:00:27.691 [html-report] [DEBUG] Transformed SuiteResult to report structure
18-06-2026 21:00:27.702 [html-report] [INFO] Successfully generated html-report to => /Users/yasuikendo/morrow-world/study_app/e2e/reports/html-report/index.html
18-06-2026 21:00:27.702 [html-report] [DEBUG] Done generating HTML report using theme from /Users/yasuikendo/.gauge/plugins/html-report/4.4.5/themes/default
18-06-2026 21:00:27.702 [Gauge] [DEBUG] Sending kill message to Html Report plugin.
18-06-2026 21:00:27.703 [Gauge] [INFO] Specifications:	6 executed	6 passed	0 failed	0 skipped
18-06-2026 21:00:27.703 [Gauge] [INFO] Scenarios:	12 executed	12 passed	0 failed	0 skipped
18-06-2026 21:00:27.703 [Gauge] [INFO] 
Total time taken: 3.673s
18-06-2026 21:00:27.704 [Gauge] [INFO] Updates are available. Run `gauge update -c` for more info.
19-06-2026 14:52:19.270 [Gauge] [DEBUG] Created gauge_screenshots_dir at /Users/yasuikendo/morrow-world/study_app/e2e/.gauge/screenshots
19-06-2026 14:52:19.271 [Gauge] [DEBUG] Plugin html-report is already installed.
19-06-2026 14:52:19.271 [Gauge] [DEBUG] Plugin ts is already installed.
19-06-2026 14:52:19.271 [Gauge] [DEBUG] Parsing started.
19-06-2026 14:52:19.271 [Gauge] [DEBUG] Started concepts parsing.
19-06-2026 14:52:19.275 [Gauge] [DEBUG] 2 concepts parsing completed.
19-06-2026 14:52:19.275 [Gauge] [DEBUG] Started specifications parsing.
19-06-2026 14:52:19.279 [Gauge] [DEBUG] 11 specifications parsing completed.
19-06-2026 14:52:19.279 [Gauge] [DEBUG] Parsing completed.
19-06-2026 14:52:19.310 [ts] [ERROR] (node:6814) [DEP0190] DeprecationWarning: Passing args to a child process with shell option true can lead to security vulnerabilities, as the arguments are not escaped, only concatenated.
19-06-2026 14:52:19.310 [ts] [ERROR] (Use `node --trace-deprecation ...` to show where the warning was created)
19-06-2026 14:52:20.161 [ts] [ERROR] (node:6837) [DEP0180] DeprecationWarning: fs.Stats constructor is deprecated.
19-06-2026 14:52:20.161 [ts] [ERROR] (Use `node --trace-deprecation ...` to show where the warning was created)
19-06-2026 14:52:20.175 [Gauge] [DEBUG] Attempting to connect to grpc server at port: 62639
19-06-2026 14:52:20.176 [Gauge] [DEBUG] Successfully made the connection with runner with port: 62639
19-06-2026 14:52:20.176 [Gauge] [DEBUG] Validation started.
19-06-2026 14:52:20.212 [Gauge] [DEBUG] Validation completed.
19-06-2026 14:52:20.212 [Gauge] [DEBUG] Run started
19-06-2026 14:52:20.212 [Gauge] [DEBUG] Starting Html Report plugin
19-06-2026 14:52:20.247 [html-report] [DEBUG] Setting MaxRecvMsgSize = 1024 MB
19-06-2026 14:52:20.248 [Gauge] [DEBUG] Attempting to connect to grpc server at port: 62642
19-06-2026 14:52:20.248 [Gauge] [DEBUG] Successfully made the connection with plugin with port: 62642
19-06-2026 14:52:20.248 [Gauge] [DEBUG] Initialising suite data store.
19-06-2026 14:52:21.019 [Gauge] [INFO] # 会員ログイン
19-06-2026 14:52:21.020 [Gauge] [INFO] ## 生徒はIDとパスワードを入力してダッシュボードにログインすることができる
19-06-2026 14:52:21.212 [Gauge] [DEBUG] * ログインページを開く
19-06-2026 14:52:21.314 [Gauge] [DEBUG] * 会員 "student_10001@example.jp" / "student10001" でログインする
19-06-2026 14:52:21.314 [Gauge] [DEBUG] * ログインIDに "student_10001@example.jp" を入力する
19-06-2026 14:52:21.764 [Gauge] [DEBUG] * パスワードに "student10001" を入力する
19-06-2026 14:52:21.790 [Gauge] [DEBUG] * ログインボタンを押す

19-06-2026 14:52:21.842 [Gauge] [DEBUG] * 会員ダッシュボードが表示される
19-06-2026 14:52:21.873 [Gauge] [DEBUG] * ログインした会員の名前 "見本一郎" が画面に表示される

19-06-2026 14:52:21.881 [Gauge] [INFO] ## 誤ったパスワードを入力するとエラーメッセージが表示される
19-06-2026 14:52:21.913 [Gauge] [DEBUG] * ログインページを開く
19-06-2026 14:52:21.944 [Gauge] [DEBUG] * 会員 "student_10001@example.jp" / "wrongpassword" でログインする
19-06-2026 14:52:21.944 [Gauge] [DEBUG] * ログインIDに "student_10001@example.jp" を入力する
19-06-2026 14:52:21.948 [Gauge] [DEBUG] * パスワードに "wrongpassword" を入力する
19-06-2026 14:52:21.964 [Gauge] [DEBUG] * ログインボタンを押す

19-06-2026 14:52:21.996 [Gauge] [DEBUG] * ログインエラーメッセージが表示される

19-06-2026 14:52:22.002 [Gauge] [INFO] ## 未登録メールアドレスを入力するとエラーメッセージが表示される
19-06-2026 14:52:22.035 [Gauge] [DEBUG] * ログインページを開く
19-06-2026 14:52:22.069 [Gauge] [DEBUG] * 会員 "unknown@example.jp" / "anypassword" でログインする
19-06-2026 14:52:22.069 [Gauge] [DEBUG] * ログインIDに "unknown@example.jp" を入力する
19-06-2026 14:52:22.080 [Gauge] [DEBUG] * パスワードに "anypassword" を入力する
19-06-2026 14:52:22.100 [Gauge] [DEBUG] * ログインボタンを押す

19-06-2026 14:52:22.130 [Gauge] [DEBUG] * ログインエラーメッセージが表示される
19-06-2026 14:52:22.137 [Gauge] [INFO] # 職員ログイン・ログアウト
19-06-2026 14:52:22.138 [Gauge] [INFO] ## 職員はIDとパスワードを入力して管理ダッシュボードにログインすることができる
19-06-2026 14:52:22.170 [Gauge] [DEBUG] * ログインページを開く
19-06-2026 14:52:22.204 [Gauge] [DEBUG] * 職員 "coach_001@example.jp" / "coach001" でログインする
19-06-2026 14:52:22.204 [Gauge] [DEBUG] * ログインIDに "coach_001@example.jp" を入力する
19-06-2026 14:52:22.209 [Gauge] [DEBUG] * パスワードに "coach001" を入力する
19-06-2026 14:52:22.228 [Gauge] [DEBUG] * ログインボタンを押す
19-06-2026 14:52:22.266 [Gauge] [DEBUG] * 管理ダッシュボードが表示される
19-06-2026 14:52:22.317 [Gauge] [DEBUG] * ログインしたスタッフ名 "コーチA" が画面に表示される

19-06-2026 14:52:22.323 [Gauge] [INFO] ## 職員はログアウトしてログイン画面に戻ることができる
19-06-2026 14:52:22.357 [Gauge] [DEBUG] * ログインページを開く
19-06-2026 14:52:22.388 [Gauge] [DEBUG] * 職員 "coach_001@example.jp" / "coach001" でログインする
19-06-2026 14:52:22.388 [Gauge] [DEBUG] * ログインIDに "coach_001@example.jp" を入力する
19-06-2026 14:52:22.393 [Gauge] [DEBUG] * パスワードに "coach001" を入力する
19-06-2026 14:52:22.409 [Gauge] [DEBUG] * ログインボタンを押す
19-06-2026 14:52:22.450 [Gauge] [DEBUG] * 管理画面でログアウトする
19-06-2026 14:52:22.533 [Gauge] [DEBUG] * ログインページにリダイレクトされる
19-06-2026 14:52:22.543 [Gauge] [INFO] # 学習記録
19-06-2026 14:52:22.544 [Gauge] [INFO] ## 生徒はダッシュボードから学習日・教材・時間を入力して記録することができる
19-06-2026 14:52:22.578 [Gauge] [DEBUG] * ログインページを開く
19-06-2026 14:52:22.609 [Gauge] [DEBUG] * 会員 "student_10001@example.jp" / "student10001" でログインする
19-06-2026 14:52:22.609 [Gauge] [DEBUG] * ログインIDに "student_10001@example.jp" を入力する
19-06-2026 14:52:22.613 [Gauge] [DEBUG] * パスワードに "student10001" を入力する
19-06-2026 14:52:22.629 [Gauge] [DEBUG] * ログインボタンを押す

19-06-2026 14:52:22.665 [Gauge] [DEBUG] * 学習記録ボタンをクリックする
19-06-2026 14:52:22.722 [Gauge] [DEBUG] * 学習日 "2026-06-01" を入力する
19-06-2026 14:52:22.726 [Gauge] [DEBUG] * 教材を選択する
19-06-2026 14:52:22.734 [Gauge] [DEBUG] * 学習時間 "30" 分を選択する
19-06-2026 14:52:22.738 [Gauge] [DEBUG] * 記録を保存する
19-06-2026 14:52:22.763 [Gauge] [DEBUG] * 会員画面をリロードする
19-06-2026 14:52:22.781 [Gauge] [DEBUG] * カレンダーに "2026-06-01" の記録が表示される
19-06-2026 14:52:22.788 [Gauge] [INFO] # 学習記録の編集・削除
19-06-2026 14:52:22.789 [Gauge] [INFO] ## 生徒は入力済みの学習記録を編集することができる
19-06-2026 14:52:22.823 [Gauge] [DEBUG] * 学習記録を "60" 分注入して会員画面を開く
19-06-2026 14:52:22.915 [Gauge] [DEBUG] * 今日のカレンダーセルをクリックする
19-06-2026 14:52:22.993 [Gauge] [DEBUG] * 学習記録の編集ボタンをクリックする
19-06-2026 14:52:23.033 [Gauge] [DEBUG] * 学習時間を "1" 時間 "30" 分に変更する
19-06-2026 14:52:23.037 [Gauge] [DEBUG] * 記録を保存する
19-06-2026 14:52:23.063 [Gauge] [DEBUG] * 会員画面をリロードする
19-06-2026 14:52:23.087 [Gauge] [DEBUG] * 今日の学習記録が "90" 分で保存されている

19-06-2026 14:52:23.094 [Gauge] [INFO] ## 生徒は入力済みの学習記録を削除することができる
19-06-2026 14:52:23.129 [Gauge] [DEBUG] * 学習記録を "60" 分注入して会員画面を開く
19-06-2026 14:52:23.233 [Gauge] [DEBUG] * 今日のカレンダーセルをクリックする
19-06-2026 14:52:23.307 [Gauge] [DEBUG] * 学習記録の削除ボタンをクリックする
19-06-2026 14:52:23.853 [Gauge] [DEBUG] * 会員画面をリロードする
19-06-2026 14:52:23.892 [Gauge] [DEBUG] * 学習記録が "0" 件保存されている
19-06-2026 14:52:23.901 [Gauge] [INFO] # 学習カレンダー
19-06-2026 14:52:23.902 [Gauge] [INFO] ## 生徒は目標を達成した日をカレンダーで確認することができる
19-06-2026 14:52:23.939 [Gauge] [DEBUG] * 今日 "60" 分の学習記録と目標 "60" 分を注入して会員画面を開く
19-06-2026 14:52:24.036 [Gauge] [DEBUG] * カレンダーに達成済みの学習日を確認することができる
19-06-2026 14:52:24.043 [Gauge] [INFO] # ダッシュボード表示
19-06-2026 14:52:24.044 [Gauge] [INFO] ## 生徒はダッシュボードで連続学習日数（ストリーク）を確認することができる
19-06-2026 14:52:24.076 [Gauge] [DEBUG] * "3" 日分の連続学習記録を注入して会員画面を開く
19-06-2026 14:52:24.183 [Gauge] [DEBUG] * 連続学習日数 "3" 日を確認することができる

19-06-2026 14:52:24.189 [Gauge] [INFO] ## 生徒はダッシュボードで本日の目標達成率を確認することができる
19-06-2026 14:52:24.223 [Gauge] [DEBUG] * 今日 "60" 分の学習記録と目標 "60" 分を注入して会員画面を開く
19-06-2026 14:52:24.334 [Gauge] [DEBUG] * 本日の目標達成率 "100" %!を(MISSING)確認することができる

19-06-2026 14:52:24.340 [Gauge] [INFO] ## 生徒はダッシュボードで卒業までのカウントダウンを確認することができる
19-06-2026 14:52:24.374 [Gauge] [DEBUG] * "13" 日後の卒業日で会員データを注入して会員画面を開く
19-06-2026 14:52:24.466 [Gauge] [DEBUG] * 卒業まで "13" 日のカウントダウンを確認することができる
19-06-2026 14:52:24.472 [Gauge] [INFO] # 教材進捗・コーチングリマインダー
19-06-2026 14:52:24.473 [Gauge] [INFO] ## 生徒はダッシュボード画面にて教材別の進捗をみることができる
19-06-2026 14:52:24.505 [Gauge] [DEBUG] * 教材選定済みの会員データを注入して会員画面を開く
19-06-2026 14:52:24.599 [Gauge] [DEBUG] * 学習中の教材を一覧することができる
19-06-2026 14:52:24.604 [Gauge] [DEBUG] * 各教材の目標分数を閲覧することができる

19-06-2026 14:52:24.609 [Gauge] [INFO] ## コーチングから31日以上経過するとリマインダーが通知される
19-06-2026 14:52:24.642 [Gauge] [DEBUG] * "31" 日前のコーチング記録を持つ会員データを注入して会員画面を開く
19-06-2026 14:52:24.749 [Gauge] [DEBUG] * コーチングのリマインダーが表示される
19-06-2026 14:52:24.756 [Gauge] [INFO] # 達成率グラフ
19-06-2026 14:52:24.757 [Gauge] [INFO] ## 生徒は学習達成率をグラフで確認することができる
19-06-2026 14:52:24.789 [Gauge] [DEBUG] * 今日 "60" 分の学習記録と目標 "60" 分を注入して会員画面を開く
19-06-2026 14:52:24.883 [Gauge] [DEBUG] * 学習達成率をグラフで確認することができる

19-06-2026 14:52:24.889 [Gauge] [INFO] ## 生徒は達成率グラフの表示期間を切り替えることができる
19-06-2026 14:52:24.923 [Gauge] [DEBUG] * 今日 "60" 分の学習記録と目標 "60" 分を注入して会員画面を開く
19-06-2026 14:52:25.015 [Gauge] [DEBUG] * 学習達成率をグラフで確認することができる
19-06-2026 14:52:25.019 [Gauge] [DEBUG] * 達成率グラフの "week" タブに切り替える
19-06-2026 14:52:25.346 [Gauge] [DEBUG] * 学習達成率をグラフで確認することができる
19-06-2026 14:52:25.355 [Gauge] [INFO] # 会員管理
19-06-2026 14:52:25.356 [Gauge] [INFO] ## 職員は会員名でキーワード検索して対象の会員を絞り込むことができる
19-06-2026 14:52:25.397 [Gauge] [DEBUG] * ログインページを開く
19-06-2026 14:52:25.427 [Gauge] [DEBUG] * 職員 "coach_001@example.jp" / "coach001" でログインする
19-06-2026 14:52:25.427 [Gauge] [DEBUG] * ログインIDに "coach_001@example.jp" を入力する
19-06-2026 14:52:25.431 [Gauge] [DEBUG] * パスワードに "coach001" を入力する
19-06-2026 14:52:25.446 [Gauge] [DEBUG] * ログインボタンを押す
19-06-2026 14:52:25.483 [Gauge] [DEBUG] * 会員管理メニューをクリックする
19-06-2026 14:52:25.568 [Gauge] [DEBUG] * 会員検索欄に "見本一郎" と入力する
19-06-2026 14:52:25.900 [Gauge] [DEBUG] * 会員一覧に "見本一郎" が表示される

19-06-2026 14:52:25.919 [Gauge] [INFO] ## 存在しないキーワードで検索すると該当会員が表示されない
19-06-2026 14:52:25.964 [Gauge] [DEBUG] * ログインページを開く
19-06-2026 14:52:25.995 [Gauge] [DEBUG] * 職員 "coach_001@example.jp" / "coach001" でログインする
19-06-2026 14:52:25.995 [Gauge] [DEBUG] * ログインIDに "coach_001@example.jp" を入力する
19-06-2026 14:52:25.999 [Gauge] [DEBUG] * パスワードに "coach001" を入力する
19-06-2026 14:52:26.015 [Gauge] [DEBUG] * ログインボタンを押す
19-06-2026 14:52:26.051 [Gauge] [DEBUG] * 会員管理メニューをクリックする
19-06-2026 14:52:26.133 [Gauge] [DEBUG] * 会員検索欄に "zzznotexist" と入力する
19-06-2026 14:52:26.465 [Gauge] [DEBUG] * 会員一覧に "見本一郎" が表示されない

19-06-2026 14:52:26.481 [Gauge] [INFO] ## 職員は新規会員を登録することができる
19-06-2026 14:52:26.545 [Gauge] [DEBUG] * ログインページを開く
19-06-2026 14:52:26.575 [Gauge] [DEBUG] * 職員 "coach_001@example.jp" / "coach001" でログインする
19-06-2026 14:52:26.575 [Gauge] [DEBUG] * ログインIDに "coach_001@example.jp" を入力する
19-06-2026 14:52:26.579 [Gauge] [DEBUG] * パスワードに "coach001" を入力する
19-06-2026 14:52:26.596 [Gauge] [DEBUG] * ログインボタンを押す
19-06-2026 14:52:26.634 [Gauge] [DEBUG] * 会員管理メニューをクリックする
19-06-2026 14:52:26.717 [Gauge] [DEBUG] * 新規会員登録ボタンをクリックする
19-06-2026 14:52:26.753 [Gauge] [DEBUG] * 新規会員フォームに最小限の情報を入力する
19-06-2026 14:52:26.786 [Gauge] [DEBUG] * 新規会員フォームを保存する
19-06-2026 14:52:26.817 [Gauge] [DEBUG] * 管理画面をリロードする
19-06-2026 14:52:26.843 [Gauge] [DEBUG] * 会員管理メニューをクリックする
19-06-2026 14:52:26.882 [Gauge] [DEBUG] * 会員 "テスト 太郎" の行をクリックする
19-06-2026 14:52:26.934 [Gauge] [DEBUG] * 詳細パネルの "em-email" が "e2etest@example.jp" と表示される
19-06-2026 14:52:26.940 [Gauge] [DEBUG] * 詳細パネルの "em-id" が "99990" と表示される

19-06-2026 14:52:26.949 [Gauge] [INFO] ## 職員は会員の登録情報を編集することができる
19-06-2026 14:52:26.985 [Gauge] [DEBUG] * ログインページを開く
19-06-2026 14:52:27.019 [Gauge] [DEBUG] * 職員 "coach_001@example.jp" / "coach001" でログインする
19-06-2026 14:52:27.019 [Gauge] [DEBUG] * ログインIDに "coach_001@example.jp" を入力する
19-06-2026 14:52:27.022 [Gauge] [DEBUG] * パスワードに "coach001" を入力する
19-06-2026 14:52:27.043 [Gauge] [DEBUG] * ログインボタンを押す
19-06-2026 14:52:27.083 [Gauge] [DEBUG] * localStorageに会員データを注入してリロードする
19-06-2026 14:52:27.145 [Gauge] [DEBUG] * 会員管理メニューをクリックする
19-06-2026 14:52:27.183 [Gauge] [DEBUG] * 会員 "見本一郎" の行をクリックする
19-06-2026 14:52:27.219 [Gauge] [DEBUG] * 詳細パネルの "em-plan" を "給付金6ヶ月プラン" に変更する
19-06-2026 14:52:27.224 [Gauge] [DEBUG] * 詳細パネルの変更を保存する
19-06-2026 14:52:29.107 [Gauge] [DEBUG] * 会員管理メニューをクリックする
19-06-2026 14:52:29.151 [Gauge] [DEBUG] * 会員 "見本一郎" の行をクリックする
19-06-2026 14:52:29.187 [Gauge] [DEBUG] * 詳細パネルの "em-plan" が "給付金6ヶ月プラン" と表示される
19-06-2026 14:52:29.200 [Gauge] [INFO] # コーチング・成績管理
19-06-2026 14:52:29.201 [Gauge] [INFO] ## 職員はコーチング記録を作成することができる
19-06-2026 14:52:29.239 [Gauge] [DEBUG] * ログインページを開く
19-06-2026 14:52:29.271 [Gauge] [DEBUG] * 職員 "coach_001@example.jp" / "coach001" でログインする
19-06-2026 14:52:29.271 [Gauge] [DEBUG] * ログインIDに "coach_001@example.jp" を入力する
19-06-2026 14:52:29.275 [Gauge] [DEBUG] * パスワードに "coach001" を入力する
19-06-2026 14:52:29.295 [Gauge] [DEBUG] * ログインボタンを押す
19-06-2026 14:52:29.338 [Gauge] [DEBUG] * localStorageに会員データを注入してリロードする
19-06-2026 14:52:29.400 [Gauge] [DEBUG] * 会員カルテメニューをクリックする
19-06-2026 14:52:29.441 [Gauge] [DEBUG] * コーチング記録追加ボタンをクリックする
19-06-2026 14:52:29.518 [Gauge] [DEBUG] * コーチング種別を "通常コーチング" に選択する
19-06-2026 14:52:29.826 [Gauge] [DEBUG] * コーチング日付に今日を入力する
19-06-2026 14:52:29.839 [Gauge] [DEBUG] * コーチング記録を保存する
19-06-2026 14:52:29.877 [Gauge] [DEBUG] * 管理画面をリロードする
19-06-2026 14:52:29.906 [Gauge] [DEBUG] * 会員カルテメニューをクリックする
19-06-2026 14:52:29.951 [Gauge] [DEBUG] * コーチング記録 "通常コーチング" が表示される

19-06-2026 14:52:29.966 [Gauge] [INFO] ## 職員はPROGOSスコアを登録することができる
19-06-2026 14:52:30.001 [Gauge] [DEBUG] * ログインページを開く
19-06-2026 14:52:30.035 [Gauge] [DEBUG] * 職員 "coach_001@example.jp" / "coach001" でログインする
19-06-2026 14:52:30.035 [Gauge] [DEBUG] * ログインIDに "coach_001@example.jp" を入力する
19-06-2026 14:52:30.039 [Gauge] [DEBUG] * パスワードに "coach001" を入力する
19-06-2026 14:52:30.055 [Gauge] [DEBUG] * ログインボタンを押す
19-06-2026 14:52:30.100 [Gauge] [DEBUG] * localStorageに会員データを注入してリロードする
19-06-2026 14:52:30.163 [Gauge] [DEBUG] * 会員カルテメニューをクリックする
19-06-2026 14:52:30.208 [Gauge] [DEBUG] * PROGOSスコア登録ボタンをクリックする
19-06-2026 14:52:30.284 [Gauge] [DEBUG] * PROGOSフォームに最小限の情報を入力する
19-06-2026 14:52:30.515 [Gauge] [DEBUG] * PROGOSスコアを保存する
19-06-2026 14:52:30.554 [Gauge] [DEBUG] * 管理画面をリロードする
19-06-2026 14:52:30.581 [Gauge] [DEBUG] * 会員カルテメニューをクリックする
19-06-2026 14:52:30.616 [Gauge] [DEBUG] * PROGOSスコアが表示される

19-06-2026 14:52:30.629 [Gauge] [INFO] ## 職員は継続プランを登録することができる
19-06-2026 14:52:30.665 [Gauge] [DEBUG] * ログインページを開く
19-06-2026 14:52:30.696 [Gauge] [DEBUG] * 職員 "coach_001@example.jp" / "coach001" でログインする
19-06-2026 14:52:30.696 [Gauge] [DEBUG] * ログインIDに "coach_001@example.jp" を入力する
19-06-2026 14:52:30.700 [Gauge] [DEBUG] * パスワードに "coach001" を入力する
19-06-2026 14:52:30.716 [Gauge] [DEBUG] * ログインボタンを押す
19-06-2026 14:52:30.750 [Gauge] [DEBUG] * localStorageに会員データを注入してリロードする
19-06-2026 14:52:30.812 [Gauge] [DEBUG] * 会員管理メニューをクリックする
19-06-2026 14:52:30.849 [Gauge] [DEBUG] * 会員 "見本一郎" の行をクリックする
19-06-2026 14:52:30.884 [Gauge] [DEBUG] * 継続プラン追加ボタンをクリックする
19-06-2026 14:52:31.251 [Gauge] [DEBUG] * 継続プランフォームに最小限の情報を入力する
19-06-2026 14:52:31.467 [Gauge] [DEBUG] * 継続プランを保存する
19-06-2026 14:52:31.507 [Gauge] [DEBUG] * 管理画面をリロードする
19-06-2026 14:52:31.540 [Gauge] [DEBUG] * 会員管理メニューをクリックする
19-06-2026 14:52:31.581 [Gauge] [DEBUG] * 会員 "見本一郎" の行をクリックする
19-06-2026 14:52:31.617 [Gauge] [DEBUG] * 継続プランが表示される
19-06-2026 14:52:31.625 [Gauge] [INFO] # 休会・ステータス自動管理
19-06-2026 14:52:31.625 [Gauge] [INFO] ## 職員は会員の休会期間を設定することができる
19-06-2026 14:52:31.661 [Gauge] [DEBUG] * ログインページを開く
19-06-2026 14:52:31.692 [Gauge] [DEBUG] * 職員 "coach_001@example.jp" / "coach001" でログインする
19-06-2026 14:52:31.692 [Gauge] [DEBUG] * ログインIDに "coach_001@example.jp" を入力する
19-06-2026 14:52:31.697 [Gauge] [DEBUG] * パスワードに "coach001" を入力する
19-06-2026 14:52:31.714 [Gauge] [DEBUG] * ログインボタンを押す
19-06-2026 14:52:31.750 [Gauge] [DEBUG] * localStorageに会員データを注入してリロードする
19-06-2026 14:52:31.813 [Gauge] [DEBUG] * 会員管理メニューをクリックする
19-06-2026 14:52:31.849 [Gauge] [DEBUG] * 会員 "見本一郎" の行をクリックする
19-06-2026 14:52:31.885 [Gauge] [DEBUG] * 休会設定ボタンをクリックする
19-06-2026 14:52:32.248 [Gauge] [DEBUG] * 休会フォームに今日から "30" 日間の期間を入力する
19-06-2026 14:52:32.458 [Gauge] [DEBUG] * 休会設定を保存する
19-06-2026 14:52:32.488 [Gauge] [DEBUG] * 管理画面をリロードする
19-06-2026 14:52:32.521 [Gauge] [DEBUG] * 会員管理メニューをクリックする
19-06-2026 14:52:32.564 [Gauge] [DEBUG] * 会員 "見本一郎" の行をクリックする
19-06-2026 14:52:32.601 [Gauge] [DEBUG] * 詳細パネルのステータスが "休会中" と表示される

19-06-2026 14:52:32.609 [Gauge] [INFO] ## 卒業日を過ぎた会員は管理画面ロード時に自動で卒業ステータスに切り替わる
19-06-2026 14:52:32.663 [Gauge] [DEBUG] * 卒業日が昨日の会員データを注入して管理画面を開く
19-06-2026 14:52:32.798 [Gauge] [DEBUG] * 会員管理メニューをクリックする
19-06-2026 14:52:32.833 [Gauge] [DEBUG] * 会員 "見本一郎" の行をクリックする
19-06-2026 14:52:32.869 [Gauge] [DEBUG] * 詳細パネルのステータスが "卒業" と表示される

19-06-2026 14:52:32.877 [Gauge] [INFO] ## 休会期間内の会員は管理画面ロード時に自動で休会中ステータスに切り替わる
19-06-2026 14:52:32.911 [Gauge] [DEBUG] * 今日が休会期間内の会員データを注入して管理画面を開く
19-06-2026 14:52:33.048 [Gauge] [DEBUG] * 会員管理メニューをクリックする
19-06-2026 14:52:33.082 [Gauge] [DEBUG] * 会員 "見本一郎" の行をクリックする
19-06-2026 14:52:33.119 [Gauge] [DEBUG] * 詳細パネルのステータスが "休会中" と表示される
19-06-2026 14:52:33.153 [html-report] [DEBUG] Transformed SuiteResult to report structure
19-06-2026 14:52:33.185 [html-report] [INFO] Successfully generated html-report to => /Users/yasuikendo/morrow-world/study_app/e2e/reports/html-report/index.html
19-06-2026 14:52:33.185 [html-report] [DEBUG] Done generating HTML report using theme from /Users/yasuikendo/.gauge/plugins/html-report/4.4.5/themes/default
19-06-2026 14:52:33.185 [Gauge] [DEBUG] Sending kill message to Html Report plugin.
19-06-2026 14:52:33.186 [Gauge] [INFO] Specifications:	11 executed	11 passed	0 failed	0 skipped
19-06-2026 14:52:33.186 [Gauge] [INFO] Scenarios:	26 executed	26 passed	0 failed	0 skipped
19-06-2026 14:52:33.186 [Gauge] [INFO] 
Total time taken: 12.94s
19-06-2026 17:39:32.904 [Gauge] [DEBUG] Created gauge_screenshots_dir at /Users/yasuikendo/morrow-world/study_app/e2e/.gauge/screenshots
19-06-2026 17:39:32.904 [Gauge] [DEBUG] Plugin ts is already installed.
19-06-2026 17:39:32.905 [Gauge] [DEBUG] Plugin html-report is already installed.
19-06-2026 17:39:32.905 [Gauge] [DEBUG] Parsing started.
19-06-2026 17:39:32.905 [Gauge] [DEBUG] Started concepts parsing.
19-06-2026 17:39:32.916 [Gauge] [DEBUG] 2 concepts parsing completed.
19-06-2026 17:39:32.917 [Gauge] [DEBUG] Started specifications parsing.
19-06-2026 17:39:32.918 [Gauge] [DEBUG] 3 specifications parsing completed.
19-06-2026 17:39:32.918 [Gauge] [DEBUG] Parsing completed.
19-06-2026 17:39:32.955 [ts] [ERROR] (node:39277) [DEP0190] DeprecationWarning: Passing args to a child process with shell option true can lead to security vulnerabilities, as the arguments are not escaped, only concatenated.
19-06-2026 17:39:32.955 [ts] [ERROR] (Use `node --trace-deprecation ...` to show where the warning was created)
19-06-2026 17:39:33.977 [Gauge] [DEBUG] Checking updates...
19-06-2026 17:39:33.977 [Gauge] [DEBUG] Downloading https://downloads.gauge.org/plugin/html-report?l=ts&p=html-report,screenshot,ts&o=darwin&a=arm64
19-06-2026 17:39:34.092 [ts] [ERROR] (node:39319) [DEP0180] DeprecationWarning: fs.Stats constructor is deprecated.
19-06-2026 17:39:34.093 [ts] [ERROR] (Use `node --trace-deprecation ...` to show where the warning was created)
19-06-2026 17:39:34.107 [Gauge] [DEBUG] Attempting to connect to grpc server at port: 63730
19-06-2026 17:39:34.108 [Gauge] [DEBUG] Successfully made the connection with runner with port: 63730
19-06-2026 17:39:34.108 [Gauge] [DEBUG] Validation started.
19-06-2026 17:39:34.128 [Gauge] [DEBUG] Validation completed.
19-06-2026 17:39:34.128 [Gauge] [DEBUG] Run started
19-06-2026 17:39:34.129 [Gauge] [DEBUG] Starting Html Report plugin
19-06-2026 17:39:34.170 [html-report] [DEBUG] Setting MaxRecvMsgSize = 1024 MB
19-06-2026 17:39:34.171 [Gauge] [DEBUG] Attempting to connect to grpc server at port: 63733
19-06-2026 17:39:34.171 [Gauge] [DEBUG] Successfully made the connection with plugin with port: 63733
19-06-2026 17:39:34.171 [Gauge] [DEBUG] Initialising suite data store.
19-06-2026 17:39:34.945 [Gauge] [INFO] # 生徒はダッシュボードで本日の目標達成率を確認することができる
19-06-2026 17:39:34.947 [Gauge] [INFO] ## 本日の学習時間が目標に達すると達成率・円グラフ・残り時間が表示される
19-06-2026 17:39:35.014 [Gauge] [DEBUG] Downloading https://downloads.gauge.org/plugin/screenshot?l=ts&p=html-report,screenshot,ts&o=darwin&a=arm64
19-06-2026 17:39:35.133 [Gauge] [DEBUG] Downloading https://downloads.gauge.org/plugin/ts?l=ts&p=html-report,screenshot,ts&o=darwin&a=arm64
19-06-2026 17:39:35.136 [Gauge] [DEBUG] * 今日 "60" 分の学習記録と目標 "60" 分を注入して会員画面を開く
19-06-2026 17:39:35.371 [Gauge] [DEBUG] * 本日の目標達成リング（円グラフ）が表示される
19-06-2026 17:39:35.379 [Gauge] [DEBUG] * 本日の目標達成率 "100" %!を(MISSING)確認することができる
19-06-2026 17:39:35.382 [Gauge] [DEBUG] * 目標達成までの残り時間が表示される
19-06-2026 17:39:40.661 [Gauge] [ERROR] Failed Step: 目標達成までの残り時間が表示される
19-06-2026 17:39:40.661 [Gauge] [ERROR] Error Message: expect(locator).toContainText(expected) failed

Locator: locator('#dg-ring-sub')
Expected substring: "残り"
Received string:    "✅ 達成！"
Timeout: 5000ms

Call log:
  - Expect "to.have.text" with timeout 5000ms
  - waiting for locator('#dg-ring-sub')
    14 × locator resolved to <text x="60" y="78" font-size="11" id="dg-ring-sub" text-anchor="middle" fill="var(--color-text-secondary)">✅ 達成！</text>
       - unexpected value "✅ 達成！"
19-06-2026 17:39:40.661 [Gauge] [ERROR] Specification: specs/05_生徒はダッシュボードで本日の目標達成率を確認することができる.spec:11
19-06-2026 17:39:40.661 [Gauge] [ERROR] Stacktrace: 
Error: expect(locator).toContainText(expected) failed

Locator: locator('#dg-ring-sub')
Expected substring: "残り"
Received string:    "✅ 達成！"
Timeout: 5000ms

Call log:
  - Expect "to.have.text" with timeout 5000ms
  - waiting for locator('#dg-ring-sub')
    14 × locator resolved to <text x="60" y="78" font-size="11" id="dg-ring-sub" text-anchor="middle" fill="var(--color-text-secondary)">✅ 達成！</text>
       - unexpected value "✅ 達成！"

    at captureRawStack (/Users/yasuikendo/morrow-world/study_app/e2e/node_modules/playwright-core/lib/coreBundle.js:3172:17)
    at callMatcherAsStep (/Users/yasuikendo/morrow-world/study_app/e2e/node_modules/playwright/lib/matchers/expect.js:12875:57)
    at Object.toContainText (/Users/yasuikendo/morrow-world/study_app/e2e/node_modules/playwright/lib/matchers/expect.js:12865:23)
    at StepImplementation.<anonymous> (/Users/yasuikendo/morrow-world/study_app/e2e/tests/StepImplementation.ts:743:47)
    at /Users/yasuikendo/morrow-world/study_app/e2e/tests/StepImplementation.ts:17:71
    at __awaiter (/Users/yasuikendo/morrow-world/study_app/e2e/tests/StepImplementation.ts:13:12)
    at StepImplementation.assertRingRemaining (/Users/yasuikendo/morrow-world/study_app/e2e/tests/StepImplementation.ts:748:16)
    at StepExecutionProcessor.executeMethod (/Users/yasuikendo/morrow-world/study_app/node_modules/.pnpm/gauge-ts@0.3.0_@types+node@25.9.3/node_modules/gauge-ts/dist/processors/ExecutionProcessor.js:12:22)
    at StepExecutionProcessor.execute (/Users/yasuikendo/morrow-world/study_app/node_modules/.pnpm/gauge-ts@0.3.0_@types+node@25.9.3/node_modules/gauge-ts/dist/processors/StepExecutionProcessor.js:35:24)
    at StepExecutionProcessor.process (/Users/yasuikendo/morrow-world/study_app/node_modules/.pnpm/gauge-ts@0.3.0_@types+node@25.9.3/node_modules/gauge-ts/dist/processors/StepExecutionProcessor.js:16:35)
    at RunnerServer.executeStep (/Users/yasuikendo/morrow-world/study_app/node_modules/.pnpm/gauge-ts@0.3.0_@types+node@25.9.3/node_modules/gauge-ts/dist/RunnerServer.js:139:14)
    at Object.onReceiveHalfClose (/Users/yasuikendo/morrow-world/study_app/node_modules/.pnpm/@grpc+grpc-js@1.14.4/node_modules/@grpc/grpc-js/src/server.ts:2053:17)
    at BaseServerInterceptingCall.maybePushNextMessage (/Users/yasuikendo/morrow-world/study_app/node_modules/.pnpm/@grpc+grpc-js@1.14.4/node_modules/@grpc/grpc-js/src/server-interceptors.ts:815:23)
    at BaseServerInterceptingCall.handleEndEvent (/Users/yasuikendo/morrow-world/study_app/node_modules/.pnpm/@grpc+grpc-js@1.14.4/node_modules/@grpc/grpc-js/src/server-interceptors.ts:857:10)
    at ServerHttp2Stream.<anonymous> (/Users/yasuikendo/morrow-world/study_app/node_modules/.pnpm/@grpc+grpc-js@1.14.4/node_modules/@grpc/grpc-js/src/server-interceptors.ts:584:12)
19-06-2026 17:39:40.671 [Gauge] [INFO] # 生徒はダッシュボード画面にて教材別の進捗をみることができる
19-06-2026 17:39:40.672 [Gauge] [INFO] ## 学習中の教材ごとに目標・本日の学習時間・達成率・進捗バー・学習メモを確認できる
19-06-2026 17:39:40.722 [Gauge] [DEBUG] * 教材選定済みの会員データを注入して会員画面を開く
19-06-2026 17:39:40.851 [Gauge] [DEBUG] * 学習中の教材を一覧することができる
19-06-2026 17:39:40.857 [Gauge] [DEBUG] * 各教材の目標分数を閲覧することができる
19-06-2026 17:39:40.862 [Gauge] [DEBUG] * 各教材の本日の学習時間を確認することができる
19-06-2026 17:39:40.864 [Gauge] [DEBUG] * 各教材の達成率がパーセンテージで表示される
19-06-2026 17:39:40.868 [Gauge] [DEBUG] * 各教材の進捗バーがグラフで表示される
19-06-2026 17:39:40.871 [Gauge] [DEBUG] * 各教材の学習メモが表示される
19-06-2026 17:39:40.877 [Gauge] [INFO] # 生徒は学習達成率の推移をグラフで確認することができる
19-06-2026 17:39:40.878 [Gauge] [INFO] ## 学習記録があると日付ごとの達成率が棒グラフで表示される
19-06-2026 17:39:40.914 [Gauge] [DEBUG] * 今日 "60" 分の学習記録と目標 "60" 分を注入して会員画面を開く
19-06-2026 17:39:41.017 [Gauge] [DEBUG] * 学習達成率をグラフで確認することができる
19-06-2026 17:39:41.020 [Gauge] [DEBUG] * 達成率グラフに日付ごとの棒グラフが表示される

19-06-2026 17:39:41.027 [Gauge] [INFO] ## グラフの表示期間を週単位に切り替えることができる
19-06-2026 17:39:41.061 [Gauge] [DEBUG] * 今日 "60" 分の学習記録と目標 "60" 分を注入して会員画面を開く
19-06-2026 17:39:41.169 [Gauge] [DEBUG] * 学習達成率をグラフで確認することができる
19-06-2026 17:39:41.173 [Gauge] [DEBUG] * 達成率グラフの "week" タブに切り替える
19-06-2026 17:39:41.513 [Gauge] [DEBUG] * 達成率グラフに日付ごとの棒グラフが表示される
19-06-2026 17:39:41.544 [html-report] [DEBUG] Transformed SuiteResult to report structure
19-06-2026 17:39:41.559 [html-report] [INFO] Successfully generated html-report to => /Users/yasuikendo/morrow-world/study_app/e2e/reports/html-report/index.html
19-06-2026 17:39:41.559 [html-report] [DEBUG] Done generating HTML report using theme from /Users/yasuikendo/.gauge/plugins/html-report/4.4.5/themes/default
19-06-2026 17:39:41.559 [Gauge] [DEBUG] Sending kill message to Html Report plugin.
19-06-2026 17:39:41.560 [Gauge] [INFO] Specifications:	3 executed	2 passed	1 failed	0 skipped
19-06-2026 17:39:41.560 [Gauge] [INFO] Scenarios:	4 executed	3 passed	1 failed	0 skipped
19-06-2026 17:39:41.560 [Gauge] [INFO] 
Total time taken: 7.415s
19-06-2026 17:39:41.560 [Gauge] [INFO] Updates are available. Run `gauge update -c` for more info.
19-06-2026 17:39:49.471 [Gauge] [DEBUG] Created gauge_screenshots_dir at /Users/yasuikendo/morrow-world/study_app/e2e/.gauge/screenshots
19-06-2026 17:39:49.472 [Gauge] [DEBUG] Plugin ts is already installed.
19-06-2026 17:39:49.472 [Gauge] [DEBUG] Plugin html-report is already installed.
19-06-2026 17:39:49.472 [Gauge] [DEBUG] Parsing started.
19-06-2026 17:39:49.472 [Gauge] [DEBUG] Started concepts parsing.
19-06-2026 17:39:49.475 [Gauge] [DEBUG] 2 concepts parsing completed.
19-06-2026 17:39:49.475 [Gauge] [DEBUG] Started specifications parsing.
19-06-2026 17:39:49.475 [Gauge] [DEBUG] 1 specifications parsing completed.
19-06-2026 17:39:49.475 [Gauge] [DEBUG] Parsing completed.
19-06-2026 17:39:49.513 [ts] [ERROR] (node:39508) [DEP0190] DeprecationWarning: Passing args to a child process with shell option true can lead to security vulnerabilities, as the arguments are not escaped, only concatenated.
19-06-2026 17:39:49.513 [ts] [ERROR] (Use `node --trace-deprecation ...` to show where the warning was created)
19-06-2026 17:39:49.982 [Gauge] [DEBUG] Checking updates...
19-06-2026 17:39:49.982 [Gauge] [DEBUG] Downloading https://downloads.gauge.org/plugin/html-report?l=ts&p=html-report,screenshot,ts&o=darwin&a=arm64
19-06-2026 17:39:50.372 [Gauge] [DEBUG] Downloading https://downloads.gauge.org/plugin/screenshot?l=ts&p=html-report,screenshot,ts&o=darwin&a=arm64
19-06-2026 17:39:50.487 [Gauge] [DEBUG] Downloading https://downloads.gauge.org/plugin/ts?l=ts&p=html-report,screenshot,ts&o=darwin&a=arm64
19-06-2026 17:39:50.639 [ts] [ERROR] (node:39542) [DEP0180] DeprecationWarning: fs.Stats constructor is deprecated.
19-06-2026 17:39:50.639 [ts] [ERROR] (Use `node --trace-deprecation ...` to show where the warning was created)
19-06-2026 17:39:50.644 [Gauge] [DEBUG] Attempting to connect to grpc server at port: 63825
19-06-2026 17:39:50.644 [Gauge] [DEBUG] Successfully made the connection with runner with port: 63825
19-06-2026 17:39:50.644 [Gauge] [DEBUG] Validation started.
19-06-2026 17:39:50.651 [Gauge] [DEBUG] Validation completed.
19-06-2026 17:39:50.651 [Gauge] [DEBUG] Run started
19-06-2026 17:39:50.652 [Gauge] [DEBUG] Starting Html Report plugin
19-06-2026 17:39:50.661 [html-report] [DEBUG] Setting MaxRecvMsgSize = 1024 MB
19-06-2026 17:39:50.661 [Gauge] [DEBUG] Attempting to connect to grpc server at port: 63828
19-06-2026 17:39:50.661 [Gauge] [DEBUG] Successfully made the connection with plugin with port: 63828
19-06-2026 17:39:50.661 [Gauge] [DEBUG] Initialising suite data store.
19-06-2026 17:39:51.416 [Gauge] [INFO] # 生徒はダッシュボードで本日の目標達成率を確認することができる
19-06-2026 17:39:51.419 [Gauge] [INFO] ## 本日の学習時間が目標に達すると達成率・円グラフ・残り時間が表示される
19-06-2026 17:39:51.693 [Gauge] [DEBUG] * 今日 "60" 分の学習記録と目標 "60" 分を注入して会員画面を開く
19-06-2026 17:39:51.948 [Gauge] [DEBUG] * 本日の目標達成リング（円グラフ）が表示される
19-06-2026 17:39:51.956 [Gauge] [DEBUG] * 本日の目標達成率 "100" %!を(MISSING)確認することができる
19-06-2026 17:39:51.959 [Gauge] [DEBUG] * 目標達成までの残り時間が表示される
19-06-2026 17:39:57.145 [Gauge] [ERROR] Failed Step: 目標達成までの残り時間が表示される
19-06-2026 17:39:57.145 [Gauge] [ERROR] Error Message: expect(locator).toContainText(expected) failed

Locator: locator('#dg-ring-sub')
Expected substring: "残り"
Received string:    "✅ 達成！"
Timeout: 5000ms

Call log:
  - Expect "to.have.text" with timeout 5000ms
  - waiting for locator('#dg-ring-sub')
    14 × locator resolved to <text x="60" y="78" font-size="11" id="dg-ring-sub" text-anchor="middle" fill="var(--color-text-secondary)">✅ 達成！</text>
       - unexpected value "✅ 達成！"
19-06-2026 17:39:57.145 [Gauge] [ERROR] Specification: specs/05_生徒はダッシュボードで本日の目標達成率を確認することができる.spec:11
19-06-2026 17:39:57.145 [Gauge] [ERROR] Stacktrace: 
Error: expect(locator).toContainText(expected) failed

Locator: locator('#dg-ring-sub')
Expected substring: "残り"
Received string:    "✅ 達成！"
Timeout: 5000ms

Call log:
  - Expect "to.have.text" with timeout 5000ms
  - waiting for locator('#dg-ring-sub')
    14 × locator resolved to <text x="60" y="78" font-size="11" id="dg-ring-sub" text-anchor="middle" fill="var(--color-text-secondary)">✅ 達成！</text>
       - unexpected value "✅ 達成！"

    at captureRawStack (/Users/yasuikendo/morrow-world/study_app/e2e/node_modules/playwright-core/lib/coreBundle.js:3172:17)
    at callMatcherAsStep (/Users/yasuikendo/morrow-world/study_app/e2e/node_modules/playwright/lib/matchers/expect.js:12875:57)
    at Object.toContainText (/Users/yasuikendo/morrow-world/study_app/e2e/node_modules/playwright/lib/matchers/expect.js:12865:23)
    at StepImplementation.<anonymous> (/Users/yasuikendo/morrow-world/study_app/e2e/tests/StepImplementation.ts:743:47)
    at /Users/yasuikendo/morrow-world/study_app/e2e/tests/StepImplementation.ts:17:71
    at __awaiter (/Users/yasuikendo/morrow-world/study_app/e2e/tests/StepImplementation.ts:13:12)
    at StepImplementation.assertRingRemaining (/Users/yasuikendo/morrow-world/study_app/e2e/tests/StepImplementation.ts:748:16)
    at StepExecutionProcessor.executeMethod (/Users/yasuikendo/morrow-world/study_app/node_modules/.pnpm/gauge-ts@0.3.0_@types+node@25.9.3/node_modules/gauge-ts/dist/processors/ExecutionProcessor.js:12:22)
    at StepExecutionProcessor.execute (/Users/yasuikendo/morrow-world/study_app/node_modules/.pnpm/gauge-ts@0.3.0_@types+node@25.9.3/node_modules/gauge-ts/dist/processors/StepExecutionProcessor.js:35:24)
    at StepExecutionProcessor.process (/Users/yasuikendo/morrow-world/study_app/node_modules/.pnpm/gauge-ts@0.3.0_@types+node@25.9.3/node_modules/gauge-ts/dist/processors/StepExecutionProcessor.js:16:35)
    at RunnerServer.executeStep (/Users/yasuikendo/morrow-world/study_app/node_modules/.pnpm/gauge-ts@0.3.0_@types+node@25.9.3/node_modules/gauge-ts/dist/RunnerServer.js:139:14)
    at Object.onReceiveHalfClose (/Users/yasuikendo/morrow-world/study_app/node_modules/.pnpm/@grpc+grpc-js@1.14.4/node_modules/@grpc/grpc-js/src/server.ts:2053:17)
    at BaseServerInterceptingCall.maybePushNextMessage (/Users/yasuikendo/morrow-world/study_app/node_modules/.pnpm/@grpc+grpc-js@1.14.4/node_modules/@grpc/grpc-js/src/server-interceptors.ts:815:23)
    at BaseServerInterceptingCall.handleEndEvent (/Users/yasuikendo/morrow-world/study_app/node_modules/.pnpm/@grpc+grpc-js@1.14.4/node_modules/@grpc/grpc-js/src/server-interceptors.ts:857:10)
    at ServerHttp2Stream.<anonymous> (/Users/yasuikendo/morrow-world/study_app/node_modules/.pnpm/@grpc+grpc-js@1.14.4/node_modules/@grpc/grpc-js/src/server-interceptors.ts:584:12)
19-06-2026 17:39:57.167 [html-report] [DEBUG] Transformed SuiteResult to report structure
19-06-2026 17:39:57.171 [html-report] [INFO] Successfully generated html-report to => /Users/yasuikendo/morrow-world/study_app/e2e/reports/html-report/index.html
19-06-2026 17:39:57.171 [html-report] [DEBUG] Done generating HTML report using theme from /Users/yasuikendo/.gauge/plugins/html-report/4.4.5/themes/default
19-06-2026 17:39:57.171 [Gauge] [DEBUG] Sending kill message to Html Report plugin.
19-06-2026 17:39:57.172 [Gauge] [INFO] Specifications:	1 executed	0 passed	1 failed	0 skipped
19-06-2026 17:39:57.172 [Gauge] [INFO] Scenarios:	1 executed	0 passed	1 failed	0 skipped
19-06-2026 17:39:57.172 [Gauge] [INFO] 
Total time taken: 6.515s
19-06-2026 17:39:57.172 [Gauge] [INFO] Updates are available. Run `gauge update -c` for more info.
20-06-2026 13:50:38.247 [Gauge] [DEBUG] Created gauge_screenshots_dir at /Users/yasuikendo/morrow-world/study_app/e2e/.gauge/screenshots
20-06-2026 13:50:38.248 [Gauge] [DEBUG] Plugin ts is already installed.
20-06-2026 13:50:38.248 [Gauge] [DEBUG] Plugin html-report is already installed.
20-06-2026 13:50:38.249 [Gauge] [DEBUG] Parsing started.
20-06-2026 13:50:38.249 [Gauge] [DEBUG] Started concepts parsing.
20-06-2026 13:50:38.259 [Gauge] [DEBUG] 2 concepts parsing completed.
20-06-2026 13:50:38.259 [Gauge] [DEBUG] Started specifications parsing.
20-06-2026 13:50:38.261 [Gauge] [DEBUG] 1 specifications parsing completed.
20-06-2026 13:50:38.261 [Gauge] [DEBUG] Parsing completed.
20-06-2026 13:50:38.297 [ts] [ERROR] (node:7439) [DEP0190] DeprecationWarning: Passing args to a child process with shell option true can lead to security vulnerabilities, as the arguments are not escaped, only concatenated.
20-06-2026 13:50:38.298 [ts] [ERROR] (Use `node --trace-deprecation ...` to show where the warning was created)
20-06-2026 13:50:39.434 [ts] [ERROR] (node:7462) [DEP0180] DeprecationWarning: fs.Stats constructor is deprecated.
20-06-2026 13:50:39.434 [ts] [ERROR] (Use `node --trace-deprecation ...` to show where the warning was created)
20-06-2026 13:50:39.451 [Gauge] [DEBUG] Attempting to connect to grpc server at port: 51113
20-06-2026 13:50:39.452 [Gauge] [DEBUG] Successfully made the connection with runner with port: 51113
20-06-2026 13:50:39.452 [Gauge] [DEBUG] Validation started.
20-06-2026 13:50:39.466 [Gauge] [DEBUG] Validation completed.
20-06-2026 13:50:39.466 [Gauge] [DEBUG] Run started
20-06-2026 13:50:39.469 [Gauge] [DEBUG] Starting Html Report plugin
20-06-2026 13:50:39.515 [Gauge] [DEBUG] Attempting to connect to grpc server at port: 51116
20-06-2026 13:50:39.515 [Gauge] [DEBUG] Successfully made the connection with plugin with port: 51116
20-06-2026 13:50:39.515 [Gauge] [DEBUG] Initialising suite data store.
20-06-2026 13:50:40.270 [Gauge] [INFO] # 生徒はダッシュボードで本日の目標達成率を確認することができる
20-06-2026 13:50:40.273 [Gauge] [INFO] ## 本日の学習時間が目標に達すると達成率100%!が(MISSING)表示される
20-06-2026 13:50:40.483 [Gauge] [DEBUG] * 今日 "60" 分の学習記録と目標 "60" 分を注入して会員画面を開く
20-06-2026 13:50:41.159 [Gauge] [DEBUG] * 本日の目標達成リング（円グラフ）が表示される
20-06-2026 13:50:41.167 [Gauge] [DEBUG] * 本日の目標達成率 "100" %!を(MISSING)確認することができる

20-06-2026 13:50:41.177 [Gauge] [INFO] ## 本日の目標が未達成の場合は達成率と残り時間が表示される
20-06-2026 13:50:41.214 [Gauge] [DEBUG] * 今日 "30" 分の学習記録と目標 "60" 分を注入して会員画面を開く
20-06-2026 13:50:41.327 [Gauge] [DEBUG] * 本日の目標達成リング（円グラフ）が表示される
20-06-2026 13:50:41.340 [Gauge] [DEBUG] * 本日の目標達成率 "50" %!を(MISSING)確認することができる
20-06-2026 13:50:41.346 [Gauge] [DEBUG] * 目標達成までの残り時間が表示される
20-06-2026 13:50:41.380 [html-report] [DEBUG] Transformed SuiteResult to report structure
20-06-2026 13:50:41.388 [html-report] [INFO] Successfully generated html-report to => /Users/yasuikendo/morrow-world/study_app/e2e/reports/html-report/index.html
20-06-2026 13:50:41.388 [html-report] [DEBUG] Done generating HTML report using theme from /Users/yasuikendo/.gauge/plugins/html-report/4.4.5/themes/default
20-06-2026 13:50:41.388 [Gauge] [DEBUG] Sending kill message to Html Report plugin.
20-06-2026 13:50:41.389 [Gauge] [INFO] Specifications:	1 executed	1 passed	0 failed	0 skipped
20-06-2026 13:50:41.389 [Gauge] [INFO] Scenarios:	2 executed	2 passed	0 failed	0 skipped
20-06-2026 13:50:41.389 [Gauge] [INFO] 
Total time taken: 1.913s
22-06-2026 15:36:32.691 [Gauge] [DEBUG] Created gauge_screenshots_dir at /Users/yasuikendo/morrow-world/study_app/e2e/.gauge/screenshots
22-06-2026 15:36:32.691 [Gauge] [DEBUG] Plugin html-report is already installed.
22-06-2026 15:36:32.691 [Gauge] [DEBUG] Plugin ts is already installed.
22-06-2026 15:36:32.692 [Gauge] [DEBUG] Parsing started.
22-06-2026 15:36:32.692 [Gauge] [DEBUG] Started concepts parsing.
22-06-2026 15:36:32.696 [Gauge] [DEBUG] 2 concepts parsing completed.
22-06-2026 15:36:32.696 [Gauge] [DEBUG] Started specifications parsing.
22-06-2026 15:36:32.698 [Gauge] [DEBUG] 1 specifications parsing completed.
22-06-2026 15:36:32.698 [Gauge] [DEBUG] Parsing completed.
22-06-2026 15:36:32.741 [ts] [ERROR] (node:78609) [DEP0190] DeprecationWarning: Passing args to a child process with shell option true can lead to security vulnerabilities, as the arguments are not escaped, only concatenated.
22-06-2026 15:36:32.741 [ts] [ERROR] (Use `node --trace-deprecation ...` to show where the warning was created)
22-06-2026 15:36:33.442 [ts] [ERROR] Error: Cannot find module 'tsconfig-paths/register'
22-06-2026 15:36:33.442 [ts] [ERROR] Require stack:
22-06-2026 15:36:33.442 [ts] [ERROR] - internal/preload
22-06-2026 15:36:33.442 [ts] [ERROR] at Module.<anonymous> (node:internal/modules/cjs/loader:1500:15)
22-06-2026 15:36:33.442 [ts] [ERROR] at Module._resolveFilename.sharedData.moduleResolveFilenameHook.installedValue [as _resolveFilename] (/Users/yasuikendo/.npm/_npx/1bf7c3c15bf47d04/node_modules/@cspotcode/source-map-support/source-map-support.js:811:30)
22-06-2026 15:36:33.442 [ts] [ERROR] at wrapResolveFilename (node:internal/modules/cjs/loader:1071:27)
22-06-2026 15:36:33.442 [ts] [ERROR] at defaultResolveImplForCJSLoading (node:internal/modules/cjs/loader:1095:10)
22-06-2026 15:36:33.442 [ts] [ERROR] at resolveForCJSWithHooks (node:internal/modules/cjs/loader:1116:12)
22-06-2026 15:36:33.442 [ts] [ERROR] at Module._load (node:internal/modules/cjs/loader:1285:25)
22-06-2026 15:36:33.442 [ts] [ERROR] at wrapModuleLoad (node:internal/modules/cjs/loader:255:19)
22-06-2026 15:36:33.442 [ts] [ERROR] at Module.require (node:internal/modules/cjs/loader:1600:12)
22-06-2026 15:36:33.442 [ts] [ERROR] at Module._preloadModules (node:internal/modules/cjs/loader:2146:12)
22-06-2026 15:36:33.442 [ts] [ERROR] at register (/Users/yasuikendo/.npm/_npx/1bf7c3c15bf47d04/node_modules/ts-node/src/index.ts:610:46) {
22-06-2026 15:36:33.442 [ts] [ERROR] code: 'MODULE_NOT_FOUND',
22-06-2026 15:36:33.442 [ts] [ERROR] requireStack: [ 'internal/preload' ]
22-06-2026 15:36:33.442 [ts] [ERROR] }
22-06-2026 15:36:33.456 [Gauge] [DEBUG] Validation started.
22-06-2026 15:36:33.461 [Gauge] [CRITICAL] Error: runtime error: invalid memory address or nil pointer dereference
goroutine 1 [running]:
runtime/debug.Stack()
	/opt/homebrew/Cellar/go/1.26.4/libexec/src/runtime/debug/stack.go:26 +0x64
main.recoverPanic()
	/private/tmp/gauge-20260617-5094-rxwmjx/gauge-1.6.32/gauge.go:27 +0x2c
panic({0x1051d9680?, 0x1053880b0?})
	/opt/homebrew/Cellar/go/1.26.4/libexec/src/runtime/panic.go:860 +0x12c
github.com/getgauge/gauge/runner.(*GrpcRunner).ExecuteMessageWithTimeout(0x367be3da3d02?, 0x0?)
	/private/tmp/gauge-20260617-5094-rxwmjx/gauge-1.6.32/runner/grpcRunner.go:196 +0x18
github.com/getgauge/gauge/validation.(*SpecValidator).validateStep(0x367be41a8000, 0x367be4074200)
	/private/tmp/gauge-20260617-5094-rxwmjx/gauge-1.6.32/validation/validate.go:345 +0x150
github.com/getgauge/gauge/validation.(*SpecValidator).Step(0x367be41a8000, 0x367be4074200)
	/private/tmp/gauge-20260617-5094-rxwmjx/gauge-1.6.32/validation/validate.go:313 +0x2bc
github.com/getgauge/gauge/gauge.(*Specification).Traverse(0x367be3eb5c80, {0x105305da0, 0x367be41a8000}, 0x367be3f3d820)
	/private/tmp/gauge-20260617-5094-rxwmjx/gauge-1.6.32/gauge/specification.go:261 +0x1f8
github.com/getgauge/gauge/validation.(*SpecValidator).validate(0x367be41a8000)
	/private/tmp/gauge-20260617-5094-rxwmjx/gauge-1.6.32/validation/validate.go:298 +0x44
github.com/getgauge/gauge/validation.(*validator).Validate(0x367be3f3d978)
	/private/tmp/gauge-20260617-5094-rxwmjx/gauge-1.6.32/validation/validate.go:284 +0xfc
github.com/getgauge/gauge/validation.ValidateSpecs({0x367be3f8a8a0, 0x1, 0x1}, 0x0)
	/private/tmp/gauge-20260617-5094-rxwmjx/gauge-1.6.32/validation/validate.go:174 +0x16c
github.com/getgauge/gauge/execution.init.func1({0x367be3f8a8a0, 0x1, 0x1})
	/private/tmp/gauge-20260617-5094-rxwmjx/gauge-1.6.32/execution/execute.go:108 +0x148
github.com/getgauge/gauge/cmd.execute(0x10539f780, {0x367be3f8a8a0, 0x1, 0x1})
	/private/tmp/gauge-20260617-5094-rxwmjx/gauge-1.6.32/cmd/run.go:261 +0x4cc
github.com/getgauge/gauge/cmd.init.func12(0x10539f780, {0x367be3f8a8a0, 0x1, 0x1})
	/private/tmp/gauge-20260617-5094-rxwmjx/gauge-1.6.32/cmd/run.go:96 +0x160
github.com/spf13/cobra.(*Command).execute(0x10539f780, {0x367be3f8a870, 0x1, 0x1})
	/Users/brew/Library/Caches/Homebrew/go_mod_cache/pkg/mod/github.com/spf13/cobra@v1.10.2/command.go:1019 +0x7fc
github.com/spf13/cobra.(*Command).ExecuteC(0x1053a0300)
	/Users/brew/Library/Caches/Homebrew/go_mod_cache/pkg/mod/github.com/spf13/cobra@v1.10.2/command.go:1148 +0x350
github.com/spf13/cobra.(*Command).Execute(...)
	/Users/brew/Library/Caches/Homebrew/go_mod_cache/pkg/mod/github.com/spf13/cobra@v1.10.2/command.go:1071
github.com/getgauge/gauge/cmd.Parse()
	/private/tmp/gauge-20260617-5094-rxwmjx/gauge-1.6.32/cmd/cmd.go:111 +0x30
main.main()
	/private/tmp/gauge-20260617-5094-rxwmjx/gauge-1.6.32/gauge.go:19 +0x38
22-06-2026 15:37:20.449 [Gauge] [DEBUG] Created gauge_screenshots_dir at /Users/yasuikendo/morrow-world/study_app/e2e/.gauge/screenshots
22-06-2026 15:37:20.449 [Gauge] [DEBUG] Plugin ts is already installed.
22-06-2026 15:37:20.449 [Gauge] [DEBUG] Plugin html-report is already installed.
22-06-2026 15:37:20.449 [Gauge] [DEBUG] Parsing started.
22-06-2026 15:37:20.449 [Gauge] [DEBUG] Started concepts parsing.
22-06-2026 15:37:20.453 [Gauge] [DEBUG] 2 concepts parsing completed.
22-06-2026 15:37:20.453 [Gauge] [DEBUG] Started specifications parsing.
22-06-2026 15:37:20.453 [Gauge] [DEBUG] 1 specifications parsing completed.
22-06-2026 15:37:20.453 [Gauge] [DEBUG] Parsing completed.
22-06-2026 15:37:20.492 [ts] [ERROR] (node:79114) [DEP0190] DeprecationWarning: Passing args to a child process with shell option true can lead to security vulnerabilities, as the arguments are not escaped, only concatenated.
22-06-2026 15:37:20.492 [ts] [ERROR] (Use `node --trace-deprecation ...` to show where the warning was created)
22-06-2026 15:37:20.973 [ts] [ERROR] Error: Cannot find module 'tsconfig-paths/register'
22-06-2026 15:37:20.973 [ts] [ERROR] Require stack:
22-06-2026 15:37:20.973 [ts] [ERROR] - internal/preload
22-06-2026 15:37:20.973 [ts] [ERROR] at Module.<anonymous> (node:internal/modules/cjs/loader:1500:15)
22-06-2026 15:37:20.973 [ts] [ERROR] at Module._resolveFilename.sharedData.moduleResolveFilenameHook.installedValue [as _resolveFilename] (/Users/yasuikendo/.npm/_npx/1bf7c3c15bf47d04/node_modules/@cspotcode/source-map-support/source-map-support.js:811:30)
22-06-2026 15:37:20.973 [ts] [ERROR] at wrapResolveFilename (node:internal/modules/cjs/loader:1071:27)
22-06-2026 15:37:20.973 [ts] [ERROR] at defaultResolveImplForCJSLoading (node:internal/modules/cjs/loader:1095:10)
22-06-2026 15:37:20.973 [ts] [ERROR] at resolveForCJSWithHooks (node:internal/modules/cjs/loader:1116:12)
22-06-2026 15:37:20.973 [ts] [ERROR] at Module._load (node:internal/modules/cjs/loader:1285:25)
22-06-2026 15:37:20.973 [ts] [ERROR] at wrapModuleLoad (node:internal/modules/cjs/loader:255:19)
22-06-2026 15:37:20.973 [ts] [ERROR] at Module.require (node:internal/modules/cjs/loader:1600:12)
22-06-2026 15:37:20.973 [ts] [ERROR] at Module._preloadModules (node:internal/modules/cjs/loader:2146:12)
22-06-2026 15:37:20.973 [ts] [ERROR] at register (/Users/yasuikendo/.npm/_npx/1bf7c3c15bf47d04/node_modules/ts-node/src/index.ts:610:46) {
22-06-2026 15:37:20.973 [ts] [ERROR] code: 'MODULE_NOT_FOUND',
22-06-2026 15:37:20.973 [ts] [ERROR] requireStack: [ 'internal/preload' ]
22-06-2026 15:37:20.973 [ts] [ERROR] }
22-06-2026 15:37:20.987 [Gauge] [DEBUG] Validation started.
22-06-2026 15:37:20.988 [Gauge] [CRITICAL] Error: runtime error: invalid memory address or nil pointer dereference
goroutine 1 [running]:
runtime/debug.Stack()
	/opt/homebrew/Cellar/go/1.26.4/libexec/src/runtime/debug/stack.go:26 +0x64
main.recoverPanic()
	/private/tmp/gauge-20260617-5094-rxwmjx/gauge-1.6.32/gauge.go:27 +0x2c
panic({0x101b89680?, 0x101d380b0?})
	/opt/homebrew/Cellar/go/1.26.4/libexec/src/runtime/panic.go:860 +0x12c
github.com/getgauge/gauge/runner.(*GrpcRunner).ExecuteMessageWithTimeout(0x73f24d65dd02?, 0x0?)
	/private/tmp/gauge-20260617-5094-rxwmjx/gauge-1.6.32/runner/grpcRunner.go:196 +0x18
github.com/getgauge/gauge/validation.(*SpecValidator).validateStep(0x73f24d91fc00, 0x73f24d92c200)
	/private/tmp/gauge-20260617-5094-rxwmjx/gauge-1.6.32/validation/validate.go:345 +0x150
github.com/getgauge/gauge/validation.(*SpecValidator).Step(0x73f24d91fc00, 0x73f24d92c200)
	/private/tmp/gauge-20260617-5094-rxwmjx/gauge-1.6.32/validation/validate.go:313 +0x2bc
github.com/getgauge/gauge/gauge.(*Specification).Traverse(0x73f24d6efc80, {0x101cb5da0, 0x73f24d91fc00}, 0x73f24d7f7820)
	/private/tmp/gauge-20260617-5094-rxwmjx/gauge-1.6.32/gauge/specification.go:261 +0x1f8
github.com/getgauge/gauge/validation.(*SpecValidator).validate(0x73f24d91fc00)
	/private/tmp/gauge-20260617-5094-rxwmjx/gauge-1.6.32/validation/validate.go:298 +0x44
github.com/getgauge/gauge/validation.(*validator).Validate(0x73f24d7f7978)
	/private/tmp/gauge-20260617-5094-rxwmjx/gauge-1.6.32/validation/validate.go:284 +0xfc
github.com/getgauge/gauge/validation.ValidateSpecs({0x73f24d82ac40, 0x1, 0x4}, 0x0)
	/private/tmp/gauge-20260617-5094-rxwmjx/gauge-1.6.32/validation/validate.go:174 +0x16c
github.com/getgauge/gauge/execution.init.func1({0x73f24d82ac40, 0x1, 0x4})
	/private/tmp/gauge-20260617-5094-rxwmjx/gauge-1.6.32/execution/execute.go:108 +0x148
github.com/getgauge/gauge/cmd.execute(0x101d4f780, {0x73f24d82ac40, 0x1, 0x4})
	/private/tmp/gauge-20260617-5094-rxwmjx/gauge-1.6.32/cmd/run.go:261 +0x4cc
github.com/getgauge/gauge/cmd.init.func12(0x101d4f780, {0x73f24d82ac40, 0x1, 0x4})
	/private/tmp/gauge-20260617-5094-rxwmjx/gauge-1.6.32/cmd/run.go:96 +0x160
github.com/spf13/cobra.(*Command).execute(0x101d4f780, {0x73f24d82ac00, 0x4, 0x4})
	/Users/brew/Library/Caches/Homebrew/go_mod_cache/pkg/mod/github.com/spf13/cobra@v1.10.2/command.go:1019 +0x7fc
github.com/spf13/cobra.(*Command).ExecuteC(0x101d50300)
	/Users/brew/Library/Caches/Homebrew/go_mod_cache/pkg/mod/github.com/spf13/cobra@v1.10.2/command.go:1148 +0x350
github.com/spf13/cobra.(*Command).Execute(...)
	/Users/brew/Library/Caches/Homebrew/go_mod_cache/pkg/mod/github.com/spf13/cobra@v1.10.2/command.go:1071
github.com/getgauge/gauge/cmd.Parse()
	/private/tmp/gauge-20260617-5094-rxwmjx/gauge-1.6.32/cmd/cmd.go:111 +0x30
main.main()
	/private/tmp/gauge-20260617-5094-rxwmjx/gauge-1.6.32/gauge.go:19 +0x38
22-06-2026 15:40:17.433 [Gauge] [DEBUG] Created gauge_screenshots_dir at /Users/yasuikendo/morrow-world/study_app/e2e/.gauge/screenshots
22-06-2026 15:40:17.434 [Gauge] [DEBUG] Plugin ts is already installed.
22-06-2026 15:40:17.434 [Gauge] [DEBUG] Plugin html-report is already installed.
22-06-2026 15:40:17.434 [Gauge] [DEBUG] Parsing started.
22-06-2026 15:40:17.434 [Gauge] [DEBUG] Started concepts parsing.
22-06-2026 15:40:17.438 [Gauge] [DEBUG] 2 concepts parsing completed.
22-06-2026 15:40:17.438 [Gauge] [DEBUG] Started specifications parsing.
22-06-2026 15:40:17.439 [Gauge] [DEBUG] 1 specifications parsing completed.
22-06-2026 15:40:17.439 [Gauge] [DEBUG] Parsing completed.
22-06-2026 15:40:17.478 [ts] [ERROR] (node:80847) [DEP0190] DeprecationWarning: Passing args to a child process with shell option true can lead to security vulnerabilities, as the arguments are not escaped, only concatenated.
22-06-2026 15:40:17.478 [ts] [ERROR] (Use `node --trace-deprecation ...` to show where the warning was created)
22-06-2026 15:40:17.840 [Gauge] [DEBUG] Checking updates...
22-06-2026 15:40:17.840 [Gauge] [DEBUG] Downloading https://downloads.gauge.org/plugin/html-report?l=ts&p=html-report,screenshot,ts&o=darwin&a=arm64
22-06-2026 15:40:18.388 [ts] [ERROR] Error: Cannot find module 'tsconfig-paths/register'
22-06-2026 15:40:18.388 [ts] [ERROR] Require stack:
22-06-2026 15:40:18.388 [ts] [ERROR] - internal/preload
22-06-2026 15:40:18.388 [ts] [ERROR] at Module.<anonymous> (node:internal/modules/cjs/loader:1500:15)
22-06-2026 15:40:18.388 [ts] [ERROR] at Module._resolveFilename.sharedData.moduleResolveFilenameHook.installedValue [as _resolveFilename] (/Users/yasuikendo/.npm/_npx/1bf7c3c15bf47d04/node_modules/@cspotcode/source-map-support/source-map-support.js:811:30)
22-06-2026 15:40:18.388 [ts] [ERROR] at wrapResolveFilename (node:internal/modules/cjs/loader:1071:27)
22-06-2026 15:40:18.388 [ts] [ERROR] at defaultResolveImplForCJSLoading (node:internal/modules/cjs/loader:1095:10)
22-06-2026 15:40:18.388 [ts] [ERROR] at resolveForCJSWithHooks (node:internal/modules/cjs/loader:1116:12)
22-06-2026 15:40:18.388 [ts] [ERROR] at Module._load (node:internal/modules/cjs/loader:1285:25)
22-06-2026 15:40:18.388 [ts] [ERROR] at wrapModuleLoad (node:internal/modules/cjs/loader:255:19)
22-06-2026 15:40:18.389 [ts] [ERROR] at Module.require (node:internal/modules/cjs/loader:1600:12)
22-06-2026 15:40:18.389 [ts] [ERROR] at Module._preloadModules (node:internal/modules/cjs/loader:2146:12)
22-06-2026 15:40:18.389 [ts] [ERROR] at register (/Users/yasuikendo/.npm/_npx/1bf7c3c15bf47d04/node_modules/ts-node/src/index.ts:610:46) {
22-06-2026 15:40:18.389 [ts] [ERROR] code: 'MODULE_NOT_FOUND',
22-06-2026 15:40:18.389 [ts] [ERROR] requireStack: [ 'internal/preload' ]
22-06-2026 15:40:18.389 [ts] [ERROR] }
22-06-2026 15:40:18.404 [Gauge] [DEBUG] Validation started.
22-06-2026 15:40:18.406 [Gauge] [CRITICAL] Error: runtime error: invalid memory address or nil pointer dereference
goroutine 1 [running]:
runtime/debug.Stack()
	/opt/homebrew/Cellar/go/1.26.4/libexec/src/runtime/debug/stack.go:26 +0x64
main.recoverPanic()
	/private/tmp/gauge-20260617-5094-rxwmjx/gauge-1.6.32/gauge.go:27 +0x2c
panic({0x101b25680?, 0x101cd40b0?})
	/opt/homebrew/Cellar/go/1.26.4/libexec/src/runtime/panic.go:860 +0x12c
github.com/getgauge/gauge/runner.(*GrpcRunner).ExecuteMessageWithTimeout(0x6203d54810c2?, 0x0?)
	/private/tmp/gauge-20260617-5094-rxwmjx/gauge-1.6.32/runner/grpcRunner.go:196 +0x18
github.com/getgauge/gauge/validation.(*SpecValidator).validateStep(0x6203d521a000, 0x6203d5562000)
	/private/tmp/gauge-20260617-5094-rxwmjx/gauge-1.6.32/validation/validate.go:345 +0x150
github.com/getgauge/gauge/validation.(*SpecValidator).Step(0x6203d521a000, 0x6203d5562000)
	/private/tmp/gauge-20260617-5094-rxwmjx/gauge-1.6.32/validation/validate.go:313 +0x2bc
github.com/getgauge/gauge/gauge.(*Specification).Traverse(0x6203d555e000, {0x101c51da0, 0x6203d521a000}, 0x6203d569d820)
	/private/tmp/gauge-20260617-5094-rxwmjx/gauge-1.6.32/gauge/specification.go:261 +0x1f8
github.com/getgauge/gauge/validation.(*SpecValidator).validate(0x6203d521a000)
	/private/tmp/gauge-20260617-5094-rxwmjx/gauge-1.6.32/validation/validate.go:298 +0x44
github.com/getgauge/gauge/validation.(*validator).Validate(0x6203d569d978)
	/private/tmp/gauge-20260617-5094-rxwmjx/gauge-1.6.32/validation/validate.go:284 +0xfc
github.com/getgauge/gauge/validation.ValidateSpecs({0x6203d51ab6a0, 0x1, 0x1}, 0x0)
	/private/tmp/gauge-20260617-5094-rxwmjx/gauge-1.6.32/validation/validate.go:174 +0x16c
github.com/getgauge/gauge/execution.init.func1({0x6203d51ab6a0, 0x1, 0x1})
	/private/tmp/gauge-20260617-5094-rxwmjx/gauge-1.6.32/execution/execute.go:108 +0x148
github.com/getgauge/gauge/cmd.execute(0x101ceb780, {0x6203d51ab6a0, 0x1, 0x1})
	/private/tmp/gauge-20260617-5094-rxwmjx/gauge-1.6.32/cmd/run.go:261 +0x4cc
github.com/getgauge/gauge/cmd.init.func12(0x101ceb780, {0x6203d51ab6a0, 0x1, 0x1})
	/private/tmp/gauge-20260617-5094-rxwmjx/gauge-1.6.32/cmd/run.go:96 +0x160
github.com/spf13/cobra.(*Command).execute(0x101ceb780, {0x6203d51ab670, 0x1, 0x1})
	/Users/brew/Library/Caches/Homebrew/go_mod_cache/pkg/mod/github.com/spf13/cobra@v1.10.2/command.go:1019 +0x7fc
github.com/spf13/cobra.(*Command).ExecuteC(0x101cec300)
	/Users/brew/Library/Caches/Homebrew/go_mod_cache/pkg/mod/github.com/spf13/cobra@v1.10.2/command.go:1148 +0x350
github.com/spf13/cobra.(*Command).Execute(...)
	/Users/brew/Library/Caches/Homebrew/go_mod_cache/pkg/mod/github.com/spf13/cobra@v1.10.2/command.go:1071
github.com/getgauge/gauge/cmd.Parse()
	/private/tmp/gauge-20260617-5094-rxwmjx/gauge-1.6.32/cmd/cmd.go:111 +0x30
main.main()
	/private/tmp/gauge-20260617-5094-rxwmjx/gauge-1.6.32/gauge.go:19 +0x38
22-06-2026 15:43:05.547 [Gauge] [DEBUG] Created gauge_screenshots_dir at /Users/yasuikendo/morrow-world/study_app/e2e/.gauge/screenshots
22-06-2026 15:43:05.547 [Gauge] [DEBUG] Plugin ts is already installed.
22-06-2026 15:43:05.547 [Gauge] [DEBUG] Plugin html-report is already installed.
22-06-2026 15:43:05.548 [Gauge] [DEBUG] Parsing started.
22-06-2026 15:43:05.548 [Gauge] [DEBUG] Started concepts parsing.
22-06-2026 15:43:05.551 [Gauge] [DEBUG] 2 concepts parsing completed.
22-06-2026 15:43:05.551 [Gauge] [DEBUG] Started specifications parsing.
22-06-2026 15:43:05.553 [Gauge] [DEBUG] 1 specifications parsing completed.
22-06-2026 15:43:05.553 [Gauge] [DEBUG] Parsing completed.
22-06-2026 15:43:05.589 [ts] [ERROR] (node:82483) [DEP0190] DeprecationWarning: Passing args to a child process with shell option true can lead to security vulnerabilities, as the arguments are not escaped, only concatenated.
22-06-2026 15:43:05.590 [ts] [ERROR] (Use `node --trace-deprecation ...` to show where the warning was created)
22-06-2026 15:43:06.629 [ts] [ERROR] [eval].ts(1,23): error TS2307: Cannot find module 'gauge-ts/dist/RunnerServer' or its corresponding type declarations.
22-06-2026 15:43:06.649 [Gauge] [DEBUG] Validation started.
22-06-2026 15:43:06.651 [Gauge] [CRITICAL] Error: runtime error: invalid memory address or nil pointer dereference
goroutine 1 [running]:
runtime/debug.Stack()
	/opt/homebrew/Cellar/go/1.26.4/libexec/src/runtime/debug/stack.go:26 +0x64
main.recoverPanic()
	/private/tmp/gauge-20260617-5094-rxwmjx/gauge-1.6.32/gauge.go:27 +0x2c
panic({0x103a15680?, 0x103bc40b0?})
	/opt/homebrew/Cellar/go/1.26.4/libexec/src/runtime/panic.go:860 +0x12c
github.com/getgauge/gauge/runner.(*GrpcRunner).ExecuteMessageWithTimeout(0x159c20badac2?, 0x0?)
	/private/tmp/gauge-20260617-5094-rxwmjx/gauge-1.6.32/runner/grpcRunner.go:196 +0x18
github.com/getgauge/gauge/validation.(*SpecValidator).validateStep(0x159c20d9e000, 0x159c20d40600)
	/private/tmp/gauge-20260617-5094-rxwmjx/gauge-1.6.32/validation/validate.go:345 +0x150
github.com/getgauge/gauge/validation.(*SpecValidator).Step(0x159c20d9e000, 0x159c20d40600)
	/private/tmp/gauge-20260617-5094-rxwmjx/gauge-1.6.32/validation/validate.go:313 +0x2bc
github.com/getgauge/gauge/gauge.(*Specification).Traverse(0x159c20c46240, {0x103b41da0, 0x159c20d9e000}, 0x159c20a3f820)
	/private/tmp/gauge-20260617-5094-rxwmjx/gauge-1.6.32/gauge/specification.go:261 +0x1f8
github.com/getgauge/gauge/validation.(*SpecValidator).validate(0x159c20d9e000)
	/private/tmp/gauge-20260617-5094-rxwmjx/gauge-1.6.32/validation/validate.go:298 +0x44
github.com/getgauge/gauge/validation.(*validator).Validate(0x159c20a3f978)
	/private/tmp/gauge-20260617-5094-rxwmjx/gauge-1.6.32/validation/validate.go:284 +0xfc
github.com/getgauge/gauge/validation.ValidateSpecs({0x159c20b8d690, 0x1, 0x1}, 0x0)
	/private/tmp/gauge-20260617-5094-rxwmjx/gauge-1.6.32/validation/validate.go:174 +0x16c
github.com/getgauge/gauge/execution.init.func1({0x159c20b8d690, 0x1, 0x1})
	/private/tmp/gauge-20260617-5094-rxwmjx/gauge-1.6.32/execution/execute.go:108 +0x148
github.com/getgauge/gauge/cmd.execute(0x103bdb780, {0x159c20b8d690, 0x1, 0x1})
	/private/tmp/gauge-20260617-5094-rxwmjx/gauge-1.6.32/cmd/run.go:261 +0x4cc
github.com/getgauge/gauge/cmd.init.func12(0x103bdb780, {0x159c20b8d690, 0x1, 0x1})
	/private/tmp/gauge-20260617-5094-rxwmjx/gauge-1.6.32/cmd/run.go:96 +0x160
github.com/spf13/cobra.(*Command).execute(0x103bdb780, {0x159c20b8d660, 0x1, 0x1})
	/Users/brew/Library/Caches/Homebrew/go_mod_cache/pkg/mod/github.com/spf13/cobra@v1.10.2/command.go:1019 +0x7fc
github.com/spf13/cobra.(*Command).ExecuteC(0x103bdc300)
	/Users/brew/Library/Caches/Homebrew/go_mod_cache/pkg/mod/github.com/spf13/cobra@v1.10.2/command.go:1148 +0x350
github.com/spf13/cobra.(*Command).Execute(...)
	/Users/brew/Library/Caches/Homebrew/go_mod_cache/pkg/mod/github.com/spf13/cobra@v1.10.2/command.go:1071
github.com/getgauge/gauge/cmd.Parse()
	/private/tmp/gauge-20260617-5094-rxwmjx/gauge-1.6.32/cmd/cmd.go:111 +0x30
main.main()
	/private/tmp/gauge-20260617-5094-rxwmjx/gauge-1.6.32/gauge.go:19 +0x38
22-06-2026 15:43:38.932 [Gauge] [DEBUG] Created gauge_screenshots_dir at /Users/yasuikendo/morrow-world/study_app/e2e/.gauge/screenshots
22-06-2026 15:43:38.933 [Gauge] [DEBUG] Plugin ts is already installed.
22-06-2026 15:43:38.933 [Gauge] [DEBUG] Plugin html-report is already installed.
22-06-2026 15:43:38.933 [Gauge] [DEBUG] Parsing started.
22-06-2026 15:43:38.933 [Gauge] [DEBUG] Started concepts parsing.
22-06-2026 15:43:38.937 [Gauge] [DEBUG] 2 concepts parsing completed.
22-06-2026 15:43:38.937 [Gauge] [DEBUG] Started specifications parsing.
22-06-2026 15:43:38.938 [Gauge] [DEBUG] 1 specifications parsing completed.
22-06-2026 15:43:38.938 [Gauge] [DEBUG] Parsing completed.
22-06-2026 15:43:38.972 [ts] [ERROR] (node:82827) [DEP0190] DeprecationWarning: Passing args to a child process with shell option true can lead to security vulnerabilities, as the arguments are not escaped, only concatenated.
22-06-2026 15:43:38.972 [ts] [ERROR] (Use `node --trace-deprecation ...` to show where the warning was created)
22-06-2026 15:43:39.234 [Gauge] [DEBUG] Checking updates...
22-06-2026 15:43:39.235 [Gauge] [DEBUG] Downloading https://downloads.gauge.org/plugin/html-report?l=ts&p=html-report,screenshot,ts&o=darwin&a=arm64
22-06-2026 15:43:39.779 [ts] [ERROR] [eval].ts(1,23): error TS2307: Cannot find module 'gauge-ts/dist/RunnerServer' or its corresponding type declarations.
22-06-2026 15:43:39.793 [Gauge] [DEBUG] Validation started.
22-06-2026 15:43:39.794 [Gauge] [CRITICAL] Error: runtime error: invalid memory address or nil pointer dereference
goroutine 1 [running]:
runtime/debug.Stack()
	/opt/homebrew/Cellar/go/1.26.4/libexec/src/runtime/debug/stack.go:26 +0x64
main.recoverPanic()
	/private/tmp/gauge-20260617-5094-rxwmjx/gauge-1.6.32/gauge.go:27 +0x2c
panic({0x103645680?, 0x1037f40b0?})
	/opt/homebrew/Cellar/go/1.26.4/libexec/src/runtime/panic.go:860 +0x12c
github.com/getgauge/gauge/runner.(*GrpcRunner).ExecuteMessageWithTimeout(0x99ce7d9ca2?, 0x0?)
	/private/tmp/gauge-20260617-5094-rxwmjx/gauge-1.6.32/runner/grpcRunner.go:196 +0x18
github.com/getgauge/gauge/validation.(*SpecValidator).validateStep(0x99ce6e0040, 0x99cea2a900)
	/private/tmp/gauge-20260617-5094-rxwmjx/gauge-1.6.32/validation/validate.go:345 +0x150
github.com/getgauge/gauge/validation.(*SpecValidator).Step(0x99ce6e0040, 0x99cea2a900)
	/private/tmp/gauge-20260617-5094-rxwmjx/gauge-1.6.32/validation/validate.go:313 +0x2bc
github.com/getgauge/gauge/gauge.(*Specification).Traverse(0x99ce7e3c80, {0x103771da0, 0x99ce6e0040}, 0x99cec0f820)
	/private/tmp/gauge-20260617-5094-rxwmjx/gauge-1.6.32/gauge/specification.go:261 +0x1f8
github.com/getgauge/gauge/validation.(*SpecValidator).validate(0x99ce6e0040)
	/private/tmp/gauge-20260617-5094-rxwmjx/gauge-1.6.32/validation/validate.go:298 +0x44
github.com/getgauge/gauge/validation.(*validator).Validate(0x99cec0f978)
	/private/tmp/gauge-20260617-5094-rxwmjx/gauge-1.6.32/validation/validate.go:284 +0xfc
github.com/getgauge/gauge/validation.ValidateSpecs({0x99ce8e1d70, 0x1, 0x3}, 0x0)
	/private/tmp/gauge-20260617-5094-rxwmjx/gauge-1.6.32/validation/validate.go:174 +0x16c
github.com/getgauge/gauge/execution.init.func1({0x99ce8e1d70, 0x1, 0x3})
	/private/tmp/gauge-20260617-5094-rxwmjx/gauge-1.6.32/execution/execute.go:108 +0x148
github.com/getgauge/gauge/cmd.execute(0x10380b780, {0x99ce8e1d70, 0x1, 0x3})
	/private/tmp/gauge-20260617-5094-rxwmjx/gauge-1.6.32/cmd/run.go:261 +0x4cc
github.com/getgauge/gauge/cmd.init.func12(0x10380b780, {0x99ce8e1d70, 0x1, 0x3})
	/private/tmp/gauge-20260617-5094-rxwmjx/gauge-1.6.32/cmd/run.go:96 +0x160
github.com/spf13/cobra.(*Command).execute(0x10380b780, {0x99ce8e1d40, 0x3, 0x3})
	/Users/brew/Library/Caches/Homebrew/go_mod_cache/pkg/mod/github.com/spf13/cobra@v1.10.2/command.go:1019 +0x7fc
github.com/spf13/cobra.(*Command).ExecuteC(0x10380c300)
	/Users/brew/Library/Caches/Homebrew/go_mod_cache/pkg/mod/github.com/spf13/cobra@v1.10.2/command.go:1148 +0x350
github.com/spf13/cobra.(*Command).Execute(...)
	/Users/brew/Library/Caches/Homebrew/go_mod_cache/pkg/mod/github.com/spf13/cobra@v1.10.2/command.go:1071
github.com/getgauge/gauge/cmd.Parse()
	/private/tmp/gauge-20260617-5094-rxwmjx/gauge-1.6.32/cmd/cmd.go:111 +0x30
main.main()
	/private/tmp/gauge-20260617-5094-rxwmjx/gauge-1.6.32/gauge.go:19 +0x38
22-06-2026 15:44:51.145 [Gauge] [DEBUG] Created gauge_screenshots_dir at /Users/yasuikendo/morrow-world/study_app/e2e/.gauge/screenshots
22-06-2026 15:44:51.145 [Gauge] [DEBUG] Plugin ts is already installed.
22-06-2026 15:44:51.145 [Gauge] [DEBUG] Plugin html-report is already installed.
22-06-2026 15:44:51.146 [Gauge] [DEBUG] Parsing started.
22-06-2026 15:44:51.146 [Gauge] [DEBUG] Started concepts parsing.
22-06-2026 15:44:51.161 [Gauge] [DEBUG] 2 concepts parsing completed.
22-06-2026 15:44:51.161 [Gauge] [DEBUG] Started specifications parsing.
22-06-2026 15:44:51.162 [Gauge] [DEBUG] 1 specifications parsing completed.
22-06-2026 15:44:51.162 [Gauge] [DEBUG] Parsing completed.
22-06-2026 15:44:51.195 [ts] [ERROR] (node:83647) [DEP0190] DeprecationWarning: Passing args to a child process with shell option true can lead to security vulnerabilities, as the arguments are not escaped, only concatenated.
22-06-2026 15:44:51.195 [ts] [ERROR] (Use `node --trace-deprecation ...` to show where the warning was created)
22-06-2026 15:44:51.875 [Gauge] [DEBUG] Checking updates...
22-06-2026 15:44:51.876 [Gauge] [DEBUG] Downloading https://downloads.gauge.org/plugin/html-report?l=ts&p=html-report,screenshot,ts&o=darwin&a=arm64
22-06-2026 15:44:52.530 [ts] [ERROR] (node:83675) [DEP0180] DeprecationWarning: fs.Stats constructor is deprecated.
22-06-2026 15:44:52.530 [ts] [ERROR] (Use `node --trace-deprecation ...` to show where the warning was created)
22-06-2026 15:44:52.537 [Gauge] [DEBUG] Attempting to connect to grpc server at port: 62611
22-06-2026 15:44:52.537 [Gauge] [DEBUG] Successfully made the connection with runner with port: 62611
22-06-2026 15:44:52.537 [Gauge] [DEBUG] Validation started.
22-06-2026 15:44:52.558 [Gauge] [DEBUG] Validation completed.
22-06-2026 15:44:52.559 [Gauge] [DEBUG] Run started
22-06-2026 15:44:52.559 [Gauge] [DEBUG] Starting Html Report plugin
22-06-2026 15:44:52.574 [Gauge] [DEBUG] Downloading https://downloads.gauge.org/plugin/screenshot?l=ts&p=html-report,screenshot,ts&o=darwin&a=arm64
22-06-2026 15:44:52.612 [Gauge] [DEBUG] Attempting to connect to grpc server at port: 62614
22-06-2026 15:44:52.612 [Gauge] [DEBUG] Successfully made the connection with plugin with port: 62614
22-06-2026 15:44:52.612 [Gauge] [DEBUG] Initialising suite data store.
22-06-2026 15:44:52.685 [Gauge] [DEBUG] Downloading https://downloads.gauge.org/plugin/ts?l=ts&p=html-report,screenshot,ts&o=darwin&a=arm64
22-06-2026 15:44:53.227 [Gauge] [INFO] # 職員は会員情報を登録・編集・削除することができる
22-06-2026 15:44:53.229 [Gauge] [INFO] ## 会員を登録すると一覧に表示され、行から編集した内容がリロード後も反映される
22-06-2026 15:44:53.514 [Gauge] [DEBUG] * ログインページを開く
22-06-2026 15:44:53.641 [Gauge] [DEBUG] * 職員 "coach_001@example.jp" / "coach001" でログインする
22-06-2026 15:44:53.641 [Gauge] [DEBUG] * ログインIDに "coach_001@example.jp" を入力する
22-06-2026 15:44:53.643 [Gauge] [DEBUG] * パスワードに "coach001" を入力する
22-06-2026 15:44:53.644 [Gauge] [DEBUG] * ログインボタンを押す
22-06-2026 15:44:53.645 [Gauge] [DEBUG] * 会員管理メニューをクリックする
22-06-2026 15:44:53.781 [Gauge] [DEBUG] * 新規会員登録ボタンをクリックする
22-06-2026 15:44:53.837 [Gauge] [DEBUG] * 新規会員フォームに最小限の情報を入力する
22-06-2026 15:44:53.889 [Gauge] [DEBUG] * 新規会員フォームを保存する
22-06-2026 15:44:54.017 [Gauge] [DEBUG] * 会員一覧に "テスト 太郎" が表示される
22-06-2026 15:44:54.023 [Gauge] [DEBUG] * 会員 "テスト 太郎" の行をクリックする
22-06-2026 15:44:54.051 [Gauge] [DEBUG] * 編集モーダルの "nickname" を "編集後ニック" に変更する
22-06-2026 15:44:54.104 [Gauge] [DEBUG] * 編集モーダルを保存する
22-06-2026 15:44:54.157 [Gauge] [DEBUG] * 管理画面をリロードする
22-06-2026 15:44:54.169 [Gauge] [DEBUG] * 会員管理メニューをクリックする
22-06-2026 15:44:54.212 [Gauge] [DEBUG] * 会員 "テスト 太郎" の行をクリックする
22-06-2026 15:44:54.247 [Gauge] [DEBUG] * 編集モーダルの "nickname" が "編集後ニック" と表示される

22-06-2026 15:44:54.287 [Gauge] [INFO] ## 会員のプランを変更するとリロード後に変更が反映される
22-06-2026 15:44:54.340 [Gauge] [DEBUG] * ログインページを開く
22-06-2026 15:44:54.386 [Gauge] [DEBUG] * 職員 "coach_001@example.jp" / "coach001" でログインする
22-06-2026 15:44:54.386 [Gauge] [DEBUG] * ログインIDに "coach_001@example.jp" を入力する
22-06-2026 15:44:54.387 [Gauge] [DEBUG] * パスワードに "coach001" を入力する
22-06-2026 15:44:54.388 [Gauge] [DEBUG] * ログインボタンを押す
22-06-2026 15:44:54.390 [Gauge] [DEBUG] * 会員管理メニューをクリックする
22-06-2026 15:44:54.529 [Gauge] [DEBUG] * 会員 "見本一郎" の行をクリックする
22-06-2026 15:44:54.566 [Gauge] [DEBUG] * 編集モーダルの "plan" を "給付金6ヶ月プラン" に変更する
22-06-2026 15:44:54.636 [Gauge] [DEBUG] * 編集モーダルを保存する
22-06-2026 15:44:54.694 [Gauge] [DEBUG] * 管理画面をリロードする
22-06-2026 15:44:54.702 [Gauge] [DEBUG] * 会員管理メニューをクリックする
22-06-2026 15:44:54.745 [Gauge] [DEBUG] * 会員 "見本一郎" の行をクリックする
22-06-2026 15:44:54.778 [Gauge] [DEBUG] * 編集モーダルの "plan" が "給付金6ヶ月プラン" と表示される

22-06-2026 15:44:54.809 [Gauge] [INFO] ## 会員を削除するとリロード後も一覧に表示されない
22-06-2026 15:44:54.874 [Gauge] [DEBUG] * ログインページを開く
22-06-2026 15:44:54.920 [Gauge] [DEBUG] * 職員 "coach_001@example.jp" / "coach001" でログインする
22-06-2026 15:44:54.920 [Gauge] [DEBUG] * ログインIDに "coach_001@example.jp" を入力する
22-06-2026 15:44:54.921 [Gauge] [DEBUG] * パスワードに "coach001" を入力する
22-06-2026 15:44:54.922 [Gauge] [DEBUG] * ログインボタンを押す
22-06-2026 15:44:54.923 [Gauge] [DEBUG] * 会員管理メニューをクリックする
22-06-2026 15:44:55.059 [Gauge] [DEBUG] * 会員 "見本一郎" の行をクリックする
22-06-2026 15:44:55.099 [Gauge] [DEBUG] * 会員削除ボタンをクリックする
22-06-2026 15:44:55.238 [Gauge] [DEBUG] * 管理画面をリロードする
22-06-2026 15:44:55.248 [Gauge] [DEBUG] * 会員管理メニューをクリックする
22-06-2026 15:44:55.296 [Gauge] [DEBUG] * 会員一覧に "見本一郎" が表示されない
22-06-2026 15:44:55.321 [html-report] [DEBUG] Transformed SuiteResult to report structure
22-06-2026 15:44:55.335 [html-report] [INFO] Successfully generated html-report to => /Users/yasuikendo/morrow-world/study_app/e2e/reports/html-report/index.html
22-06-2026 15:44:55.335 [html-report] [DEBUG] Done generating HTML report using theme from /Users/yasuikendo/.gauge/plugins/html-report/4.4.5/themes/default
22-06-2026 15:44:55.335 [Gauge] [DEBUG] Sending kill message to Html Report plugin.
22-06-2026 15:44:55.336 [Gauge] [INFO] Specifications:	1 executed	1 passed	0 failed	0 skipped
22-06-2026 15:44:55.336 [Gauge] [INFO] Scenarios:	3 executed	3 passed	0 failed	0 skipped
22-06-2026 15:44:55.336 [Gauge] [INFO] 
Total time taken: 2.761s
22-06-2026 15:44:55.336 [Gauge] [INFO] Updates are available. Run `gauge update -c` for more info.
22-06-2026 15:52:30.047 [Gauge] [DEBUG] Created gauge_screenshots_dir at /Users/yasuikendo/morrow-world/study_app/e2e/.gauge/screenshots
22-06-2026 15:52:30.047 [Gauge] [DEBUG] Plugin ts is already installed.
22-06-2026 15:52:30.047 [Gauge] [DEBUG] Plugin html-report is already installed.
22-06-2026 15:52:30.048 [Gauge] [DEBUG] Parsing started.
22-06-2026 15:52:30.048 [Gauge] [DEBUG] Started concepts parsing.
22-06-2026 15:52:30.069 [Gauge] [DEBUG] 2 concepts parsing completed.
22-06-2026 15:52:30.070 [Gauge] [DEBUG] Started specifications parsing.
22-06-2026 15:52:30.071 [Gauge] [DEBUG] 1 specifications parsing completed.
22-06-2026 15:52:30.071 [Gauge] [DEBUG] Parsing completed.
22-06-2026 15:52:30.110 [ts] [ERROR] (node:89447) [DEP0190] DeprecationWarning: Passing args to a child process with shell option true can lead to security vulnerabilities, as the arguments are not escaped, only concatenated.
22-06-2026 15:52:30.110 [ts] [ERROR] (Use `node --trace-deprecation ...` to show where the warning was created)
22-06-2026 15:52:30.936 [ts] [ERROR] (node:89470) [DEP0180] DeprecationWarning: fs.Stats constructor is deprecated.
22-06-2026 15:52:30.936 [ts] [ERROR] (Use `node --trace-deprecation ...` to show where the warning was created)
22-06-2026 15:52:30.942 [Gauge] [DEBUG] Attempting to connect to grpc server at port: 64552
22-06-2026 15:52:30.942 [Gauge] [DEBUG] Successfully made the connection with runner with port: 64552
22-06-2026 15:52:30.942 [Gauge] [DEBUG] Validation started.
22-06-2026 15:52:30.968 [Gauge] [DEBUG] Validation completed.
22-06-2026 15:52:30.969 [Gauge] [DEBUG] Run started
22-06-2026 15:52:30.969 [Gauge] [DEBUG] Starting Html Report plugin
22-06-2026 15:52:31.011 [Gauge] [DEBUG] Attempting to connect to grpc server at port: 64555
22-06-2026 15:52:31.011 [Gauge] [DEBUG] Successfully made the connection with plugin with port: 64555
22-06-2026 15:52:31.011 [Gauge] [DEBUG] Initialising suite data store.
22-06-2026 15:52:31.688 [Gauge] [INFO] # 職員は会員情報を登録・編集・削除することができる
22-06-2026 15:52:31.690 [Gauge] [INFO] ## 会員を登録すると一覧に表示され、行から編集した内容がリロード後も反映される
22-06-2026 15:52:31.953 [Gauge] [DEBUG] * ログインページを開く
22-06-2026 15:52:32.094 [Gauge] [DEBUG] * 職員 "coach_001@example.jp" / "coach001" でログインする
22-06-2026 15:52:32.094 [Gauge] [DEBUG] * ログインIDに "coach_001@example.jp" を入力する
22-06-2026 15:52:32.096 [Gauge] [DEBUG] * パスワードに "coach001" を入力する
22-06-2026 15:52:32.097 [Gauge] [DEBUG] * ログインボタンを押す
22-06-2026 15:52:32.098 [Gauge] [DEBUG] * 会員管理メニューをクリックする
22-06-2026 15:52:32.222 [Gauge] [DEBUG] * 新規会員登録ボタンをクリックする
22-06-2026 15:52:32.273 [Gauge] [DEBUG] * 新規会員フォームに最小限の情報を入力する
22-06-2026 15:52:32.325 [Gauge] [DEBUG] * 新規会員フォームを保存する
22-06-2026 15:52:32.455 [Gauge] [DEBUG] * 会員一覧に "テスト 太郎" が表示される
22-06-2026 15:52:32.461 [Gauge] [DEBUG] * 会員 "テスト 太郎" の行をクリックする
22-06-2026 15:52:32.503 [Gauge] [DEBUG] * 編集モーダルの "nickname" を "編集後ニック" に変更する
22-06-2026 15:52:32.563 [Gauge] [DEBUG] * 編集モーダルを保存する
22-06-2026 15:52:32.626 [Gauge] [DEBUG] * 管理画面をリロードする
22-06-2026 15:52:32.638 [Gauge] [DEBUG] * 会員管理メニューをクリックする
22-06-2026 15:52:32.681 [Gauge] [DEBUG] * 会員 "テスト 太郎" の行をクリックする
22-06-2026 15:52:32.715 [Gauge] [DEBUG] * 編集モーダルの "nickname" が "編集後ニック" と表示される

22-06-2026 15:52:32.750 [Gauge] [INFO] ## 会員のプランを変更するとリロード後に変更が反映される
22-06-2026 15:52:32.810 [Gauge] [DEBUG] * ログインページを開く
22-06-2026 15:52:32.857 [Gauge] [DEBUG] * 職員 "coach_001@example.jp" / "coach001" でログインする
22-06-2026 15:52:32.857 [Gauge] [DEBUG] * ログインIDに "coach_001@example.jp" を入力する
22-06-2026 15:52:32.859 [Gauge] [DEBUG] * パスワードに "coach001" を入力する
22-06-2026 15:52:32.860 [Gauge] [DEBUG] * ログインボタンを押す
22-06-2026 15:52:32.861 [Gauge] [DEBUG] * 会員管理メニューをクリックする
22-06-2026 15:52:32.984 [Gauge] [DEBUG] * 会員 "見本一郎" の行をクリックする
22-06-2026 15:52:33.017 [Gauge] [DEBUG] * 編集モーダルの "plan" を "給付金6ヶ月プラン" に変更する
22-06-2026 15:52:33.086 [Gauge] [DEBUG] * 編集モーダルを保存する
22-06-2026 15:52:33.143 [Gauge] [DEBUG] * 管理画面をリロードする
22-06-2026 15:52:33.152 [Gauge] [DEBUG] * 会員管理メニューをクリックする
22-06-2026 15:52:33.197 [Gauge] [DEBUG] * 会員 "見本一郎" の行をクリックする
22-06-2026 15:52:33.231 [Gauge] [DEBUG] * 編集モーダルの "plan" が "給付金6ヶ月プラン" と表示される

22-06-2026 15:52:33.261 [Gauge] [INFO] ## 会員を削除するとリロード後も一覧に表示されない
22-06-2026 15:52:33.323 [Gauge] [DEBUG] * ログインページを開く
22-06-2026 15:52:33.369 [Gauge] [DEBUG] * 職員 "coach_001@example.jp" / "coach001" でログインする
22-06-2026 15:52:33.369 [Gauge] [DEBUG] * ログインIDに "coach_001@example.jp" を入力する
22-06-2026 15:52:33.370 [Gauge] [DEBUG] * パスワードに "coach001" を入力する
22-06-2026 15:52:33.372 [Gauge] [DEBUG] * ログインボタンを押す
22-06-2026 15:52:33.373 [Gauge] [DEBUG] * 会員管理メニューをクリックする
22-06-2026 15:52:33.502 [Gauge] [DEBUG] * 会員 "見本一郎" の行をクリックする
22-06-2026 15:52:33.535 [Gauge] [DEBUG] * 会員削除ボタンをクリックする
22-06-2026 15:52:33.672 [Gauge] [DEBUG] * 管理画面をリロードする
22-06-2026 15:52:33.682 [Gauge] [DEBUG] * 会員管理メニューをクリックする
22-06-2026 15:52:33.731 [Gauge] [DEBUG] * 会員一覧に "見本一郎" が表示されない
22-06-2026 15:52:33.757 [html-report] [DEBUG] Transformed SuiteResult to report structure
22-06-2026 15:52:33.771 [html-report] [INFO] Successfully generated html-report to => /Users/yasuikendo/morrow-world/study_app/e2e/reports/html-report/index.html
22-06-2026 15:52:33.771 [html-report] [DEBUG] Done generating HTML report using theme from /Users/yasuikendo/.gauge/plugins/html-report/4.4.5/themes/default
22-06-2026 15:52:33.771 [Gauge] [DEBUG] Sending kill message to Html Report plugin.
22-06-2026 15:52:33.772 [Gauge] [INFO] Specifications:	1 executed	1 passed	0 failed	0 skipped
22-06-2026 15:52:33.772 [Gauge] [INFO] Scenarios:	3 executed	3 passed	0 failed	0 skipped
22-06-2026 15:52:33.772 [Gauge] [INFO] 
Total time taken: 2.787s
22-06-2026 15:52:42.426 [Gauge] [DEBUG] Created gauge_screenshots_dir at /Users/yasuikendo/morrow-world/study_app/e2e/.gauge/screenshots
22-06-2026 15:52:42.427 [Gauge] [DEBUG] Plugin html-report is already installed.
22-06-2026 15:52:42.427 [Gauge] [DEBUG] Plugin ts is already installed.
22-06-2026 15:52:42.427 [Gauge] [DEBUG] Parsing started.
22-06-2026 15:52:42.427 [Gauge] [DEBUG] Started concepts parsing.
22-06-2026 15:52:42.449 [Gauge] [DEBUG] 2 concepts parsing completed.
22-06-2026 15:52:42.449 [Gauge] [DEBUG] Started specifications parsing.
22-06-2026 15:52:42.450 [Gauge] [DEBUG] 1 specifications parsing completed.
22-06-2026 15:52:42.450 [Gauge] [DEBUG] Parsing completed.
22-06-2026 15:52:42.486 [ts] [ERROR] (node:89609) [DEP0190] DeprecationWarning: Passing args to a child process with shell option true can lead to security vulnerabilities, as the arguments are not escaped, only concatenated.
22-06-2026 15:52:42.487 [ts] [ERROR] (Use `node --trace-deprecation ...` to show where the warning was created)
22-06-2026 15:52:43.249 [ts] [ERROR] (node:89632) [DEP0180] DeprecationWarning: fs.Stats constructor is deprecated.
22-06-2026 15:52:43.249 [ts] [ERROR] (Use `node --trace-deprecation ...` to show where the warning was created)
22-06-2026 15:52:43.257 [Gauge] [DEBUG] Attempting to connect to grpc server at port: 64621
22-06-2026 15:52:43.258 [Gauge] [DEBUG] Successfully made the connection with runner with port: 64621
22-06-2026 15:52:43.258 [Gauge] [DEBUG] Validation started.
22-06-2026 15:52:43.279 [Gauge] [DEBUG] Validation completed.
22-06-2026 15:52:43.279 [Gauge] [DEBUG] Run started
22-06-2026 15:52:43.279 [Gauge] [DEBUG] Starting Html Report plugin
22-06-2026 15:52:43.286 [html-report] [DEBUG] Setting MaxRecvMsgSize = 1024 MB
22-06-2026 15:52:43.286 [Gauge] [DEBUG] Attempting to connect to grpc server at port: 64624
22-06-2026 15:52:43.286 [Gauge] [DEBUG] Successfully made the connection with plugin with port: 64624
22-06-2026 15:52:43.286 [Gauge] [DEBUG] Initialising suite data store.
22-06-2026 15:52:43.413 [Gauge] [DEBUG] Checking updates...
22-06-2026 15:52:43.413 [Gauge] [DEBUG] Downloading https://downloads.gauge.org/plugin/html-report?l=ts&p=html-report,screenshot,ts&o=darwin&a=arm64
22-06-2026 15:52:43.677 [Gauge] [INFO] # 職員は会員情報を登録・編集・削除することができる
22-06-2026 15:52:43.681 [Gauge] [INFO] ## 会員を登録すると一覧に表示され、行から編集した内容がリロード後も反映される
22-06-2026 15:52:43.765 [Gauge] [DEBUG] * ログインページを開く
22-06-2026 15:52:43.825 [Gauge] [DEBUG] * 職員 "coach_001@example.jp" / "coach001" でログインする
22-06-2026 15:52:43.825 [Gauge] [DEBUG] * ログインIDに "coach_001@example.jp" を入力する
22-06-2026 15:52:43.827 [Gauge] [DEBUG] * パスワードに "coach001" を入力する
22-06-2026 15:52:43.828 [Gauge] [DEBUG] * ログインボタンを押す
22-06-2026 15:52:43.830 [Gauge] [DEBUG] * 会員管理メニューをクリックする
22-06-2026 15:52:43.952 [Gauge] [DEBUG] * 新規会員登録ボタンをクリックする
22-06-2026 15:52:43.977 [Gauge] [DEBUG] Downloading https://downloads.gauge.org/plugin/screenshot?l=ts&p=html-report,screenshot,ts&o=darwin&a=arm64
22-06-2026 15:52:43.990 [Gauge] [DEBUG] * 新規会員フォームに最小限の情報を入力する
22-06-2026 15:52:44.041 [Gauge] [DEBUG] * 新規会員フォームを保存する
22-06-2026 15:52:44.121 [Gauge] [DEBUG] Downloading https://downloads.gauge.org/plugin/ts?l=ts&p=html-report,screenshot,ts&o=darwin&a=arm64
22-06-2026 15:52:44.167 [Gauge] [DEBUG] * 会員一覧に "テスト 太郎" が表示される
22-06-2026 15:52:44.172 [Gauge] [DEBUG] * 会員 "テスト 太郎" の行をクリックする
22-06-2026 15:52:44.183 [Gauge] [DEBUG] * 編集モーダルの "nickname" を "編集後ニック" に変更する
22-06-2026 15:52:44.239 [Gauge] [DEBUG] * 編集モーダルを保存する
22-06-2026 15:52:44.294 [Gauge] [DEBUG] * 管理画面をリロードする
22-06-2026 15:52:44.303 [Gauge] [DEBUG] * 会員管理メニューをクリックする
22-06-2026 15:52:44.348 [Gauge] [DEBUG] * 会員 "テスト 太郎" の行をクリックする
22-06-2026 15:52:44.381 [Gauge] [DEBUG] * 編集モーダルの "nickname" が "編集後ニック" と表示される

22-06-2026 15:52:44.419 [Gauge] [INFO] ## 会員のプランを変更するとリロード後に変更が反映される
22-06-2026 15:52:44.475 [Gauge] [DEBUG] * ログインページを開く
22-06-2026 15:52:44.521 [Gauge] [DEBUG] * 職員 "coach_001@example.jp" / "coach001" でログインする
22-06-2026 15:52:44.522 [Gauge] [DEBUG] * ログインIDに "coach_001@example.jp" を入力する
22-06-2026 15:52:44.523 [Gauge] [DEBUG] * パスワードに "coach001" を入力する
22-06-2026 15:52:44.524 [Gauge] [DEBUG] * ログインボタンを押す
22-06-2026 15:52:44.525 [Gauge] [DEBUG] * 会員管理メニューをクリックする
22-06-2026 15:52:44.658 [Gauge] [DEBUG] * 会員 "見本一郎" の行をクリックする
22-06-2026 15:52:44.701 [Gauge] [DEBUG] * 編集モーダルの "plan" を "給付金6ヶ月プラン" に変更する
22-06-2026 15:52:44.767 [Gauge] [DEBUG] * 編集モーダルを保存する
22-06-2026 15:52:44.828 [Gauge] [DEBUG] * 管理画面をリロードする
22-06-2026 15:52:44.836 [Gauge] [DEBUG] * 会員管理メニューをクリックする
22-06-2026 15:52:44.881 [Gauge] [DEBUG] * 会員 "見本一郎" の行をクリックする
22-06-2026 15:52:44.914 [Gauge] [DEBUG] * 編集モーダルの "plan" が "給付金6ヶ月プラン" と表示される

22-06-2026 15:52:44.944 [Gauge] [INFO] ## 会員を削除するとリロード後も一覧に表示されない
22-06-2026 15:52:45.022 [Gauge] [DEBUG] * ログインページを開く
22-06-2026 15:52:45.069 [Gauge] [DEBUG] * 職員 "coach_001@example.jp" / "coach001" でログインする
22-06-2026 15:52:45.069 [Gauge] [DEBUG] * ログインIDに "coach_001@example.jp" を入力する
22-06-2026 15:52:45.070 [Gauge] [DEBUG] * パスワードに "coach001" を入力する
22-06-2026 15:52:45.071 [Gauge] [DEBUG] * ログインボタンを押す
22-06-2026 15:52:45.073 [Gauge] [DEBUG] * 会員管理メニューをクリックする
22-06-2026 15:52:45.201 [Gauge] [DEBUG] * 会員 "見本一郎" の行をクリックする
22-06-2026 15:52:45.234 [Gauge] [DEBUG] * 会員削除ボタンをクリックする
22-06-2026 15:52:45.372 [Gauge] [DEBUG] * 管理画面をリロードする
22-06-2026 15:52:45.381 [Gauge] [DEBUG] * 会員管理メニューをクリックする
22-06-2026 15:52:45.431 [Gauge] [DEBUG] * 会員一覧に "見本一郎" が表示されない
22-06-2026 15:52:45.453 [html-report] [DEBUG] Transformed SuiteResult to report structure
22-06-2026 15:52:45.463 [html-report] [INFO] Successfully generated html-report to => /Users/yasuikendo/morrow-world/study_app/e2e/reports/html-report/index.html
22-06-2026 15:52:45.463 [html-report] [DEBUG] Done generating HTML report using theme from /Users/yasuikendo/.gauge/plugins/html-report/4.4.5/themes/default
22-06-2026 15:52:45.463 [Gauge] [DEBUG] Sending kill message to Html Report plugin.
22-06-2026 15:52:45.465 [Gauge] [INFO] Specifications:	1 executed	1 passed	0 failed	0 skipped
22-06-2026 15:52:45.465 [Gauge] [INFO] Scenarios:	3 executed	3 passed	0 failed	0 skipped
22-06-2026 15:52:45.465 [Gauge] [INFO] 
Total time taken: 2.173s
22-06-2026 15:52:45.465 [Gauge] [INFO] Updates are available. Run `gauge update -c` for more info.
22-06-2026 15:53:21.011 [Gauge] [DEBUG] Created gauge_screenshots_dir at /Users/yasuikendo/morrow-world/study_app/e2e/.gauge/screenshots
22-06-2026 15:53:21.011 [Gauge] [DEBUG] Plugin ts is already installed.
22-06-2026 15:53:21.012 [Gauge] [DEBUG] Plugin html-report is already installed.
22-06-2026 15:53:21.012 [Gauge] [DEBUG] Parsing started.
22-06-2026 15:53:21.012 [Gauge] [DEBUG] Started concepts parsing.
22-06-2026 15:53:21.033 [Gauge] [DEBUG] 2 concepts parsing completed.
22-06-2026 15:53:21.033 [Gauge] [DEBUG] Started specifications parsing.
22-06-2026 15:53:21.034 [Gauge] [DEBUG] 1 specifications parsing completed.
22-06-2026 15:53:21.034 [Gauge] [DEBUG] Parsing completed.
22-06-2026 15:53:21.075 [ts] [ERROR] (node:90007) [DEP0190] DeprecationWarning: Passing args to a child process with shell option true can lead to security vulnerabilities, as the arguments are not escaped, only concatenated.
22-06-2026 15:53:21.075 [ts] [ERROR] (Use `node --trace-deprecation ...` to show where the warning was created)
22-06-2026 15:53:21.432 [Gauge] [DEBUG] Checking updates...
22-06-2026 15:53:21.432 [Gauge] [DEBUG] Downloading https://downloads.gauge.org/plugin/html-report?l=ts&p=html-report,screenshot,ts&o=darwin&a=arm64
22-06-2026 15:53:21.802 [Gauge] [DEBUG] Downloading https://downloads.gauge.org/plugin/screenshot?l=ts&p=html-report,screenshot,ts&o=darwin&a=arm64
22-06-2026 15:53:21.861 [ts] [ERROR] (node:90041) [DEP0180] DeprecationWarning: fs.Stats constructor is deprecated.
22-06-2026 15:53:21.861 [ts] [ERROR] (Use `node --trace-deprecation ...` to show where the warning was created)
22-06-2026 15:53:21.869 [Gauge] [DEBUG] Attempting to connect to grpc server at port: 64804
22-06-2026 15:53:21.869 [Gauge] [DEBUG] Successfully made the connection with runner with port: 64804
22-06-2026 15:53:21.869 [Gauge] [DEBUG] Validation started.
22-06-2026 15:53:21.892 [Gauge] [DEBUG] Validation completed.
22-06-2026 15:53:21.892 [Gauge] [DEBUG] Run started
22-06-2026 15:53:21.892 [Gauge] [DEBUG] Starting Html Report plugin
22-06-2026 15:53:21.899 [Gauge] [DEBUG] Attempting to connect to grpc server at port: 64807
22-06-2026 15:53:21.899 [Gauge] [DEBUG] Successfully made the connection with plugin with port: 64807
22-06-2026 15:53:21.899 [Gauge] [DEBUG] Initialising suite data store.
22-06-2026 15:53:21.930 [Gauge] [DEBUG] Downloading https://downloads.gauge.org/plugin/ts?l=ts&p=html-report,screenshot,ts&o=darwin&a=arm64
22-06-2026 15:53:22.301 [Gauge] [INFO] # 職員は会員情報を登録・編集・削除することができる
22-06-2026 15:53:22.305 [Gauge] [INFO] ## 会員を登録すると一覧に表示され、行から編集した内容がリロード後も反映される
22-06-2026 15:53:22.424 [Gauge] [DEBUG] * ログインページを開く
22-06-2026 15:53:22.487 [Gauge] [DEBUG] * 職員 "coach_001@example.jp" / "coach001" でログインする
22-06-2026 15:53:22.488 [Gauge] [DEBUG] * ログインIDに "coach_001@example.jp" を入力する
22-06-2026 15:53:22.490 [Gauge] [DEBUG] * パスワードに "coach001" を入力する
22-06-2026 15:53:22.491 [Gauge] [DEBUG] * ログインボタンを押す
22-06-2026 15:53:22.493 [Gauge] [DEBUG] * 会員管理メニューをクリックする
22-06-2026 15:53:22.602 [Gauge] [DEBUG] * 新規会員登録ボタンをクリックする
22-06-2026 15:53:22.642 [Gauge] [DEBUG] * 新規会員フォームに最小限の情報を入力する
22-06-2026 15:53:22.697 [Gauge] [DEBUG] * 新規会員フォームを保存する
22-06-2026 15:53:22.817 [Gauge] [DEBUG] * 会員一覧に "テスト 太郎" が表示される
22-06-2026 15:53:22.822 [Gauge] [DEBUG] * 会員 "テスト 太郎" の行をクリックする
22-06-2026 15:53:22.851 [Gauge] [DEBUG] * 編集モーダルの "nickname" を "編集後ニック" に変更する
22-06-2026 15:53:22.907 [Gauge] [DEBUG] * 編集モーダルを保存する
22-06-2026 15:53:22.977 [Gauge] [DEBUG] * 管理画面をリロードする
22-06-2026 15:53:22.987 [Gauge] [DEBUG] * 会員管理メニューをクリックする
22-06-2026 15:53:23.032 [Gauge] [DEBUG] * 会員 "テスト 太郎" の行をクリックする
22-06-2026 15:53:23.064 [Gauge] [DEBUG] * 編集モーダルの "nickname" が "編集後ニック" と表示される

22-06-2026 15:53:23.113 [html-report] [DEBUG] Transformed SuiteResult to report structure
22-06-2026 15:53:23.120 [html-report] [INFO] Successfully generated html-report to => /Users/yasuikendo/morrow-world/study_app/e2e/reports/html-report/index.html
22-06-2026 15:53:23.120 [html-report] [DEBUG] Done generating HTML report using theme from /Users/yasuikendo/.gauge/plugins/html-report/4.4.5/themes/default
22-06-2026 15:53:23.120 [Gauge] [DEBUG] Sending kill message to Html Report plugin.
22-06-2026 15:53:23.121 [Gauge] [INFO] Specifications:	1 executed	1 passed	0 failed	0 skipped
22-06-2026 15:53:23.121 [Gauge] [INFO] Scenarios:	1 executed	1 passed	0 failed	0 skipped
22-06-2026 15:53:23.121 [Gauge] [INFO] 
Total time taken: 1.221s
22-06-2026 15:53:23.121 [Gauge] [INFO] Updates are available. Run `gauge update -c` for more info.
22-06-2026 16:01:45.690 [Gauge] [DEBUG] Created gauge_screenshots_dir at /Users/yasuikendo/morrow-world/study_app/e2e/.gauge/screenshots
22-06-2026 16:01:45.690 [Gauge] [DEBUG] Plugin ts is already installed.
22-06-2026 16:01:45.691 [Gauge] [DEBUG] Plugin html-report is already installed.
22-06-2026 16:01:45.691 [Gauge] [DEBUG] Parsing started.
22-06-2026 16:01:45.691 [Gauge] [DEBUG] Started concepts parsing.
22-06-2026 16:01:45.706 [Gauge] [DEBUG] 2 concepts parsing completed.
22-06-2026 16:01:45.706 [Gauge] [DEBUG] Started specifications parsing.
22-06-2026 16:01:45.707 [Gauge] [DEBUG] 1 specifications parsing completed.
22-06-2026 16:01:45.707 [Gauge] [DEBUG] Parsing completed.
22-06-2026 16:01:45.742 [ts] [ERROR] (node:94782) [DEP0190] DeprecationWarning: Passing args to a child process with shell option true can lead to security vulnerabilities, as the arguments are not escaped, only concatenated.
22-06-2026 16:01:45.742 [ts] [ERROR] (Use `node --trace-deprecation ...` to show where the warning was created)
22-06-2026 16:01:46.699 [ts] [ERROR] (node:94816) [DEP0180] DeprecationWarning: fs.Stats constructor is deprecated.
22-06-2026 16:01:46.699 [ts] [ERROR] (Use `node --trace-deprecation ...` to show where the warning was created)
22-06-2026 16:01:46.704 [Gauge] [DEBUG] Attempting to connect to grpc server at port: 50683
22-06-2026 16:01:46.704 [Gauge] [DEBUG] Successfully made the connection with runner with port: 50683
22-06-2026 16:01:46.704 [Gauge] [DEBUG] Validation started.
22-06-2026 16:01:46.714 [Gauge] [DEBUG] Validation completed.
22-06-2026 16:01:46.714 [Gauge] [DEBUG] Run started
22-06-2026 16:01:46.715 [Gauge] [DEBUG] Starting Html Report plugin
22-06-2026 16:01:46.756 [html-report] [DEBUG] Setting MaxRecvMsgSize = 1024 MB
22-06-2026 16:01:46.756 [Gauge] [DEBUG] Attempting to connect to grpc server at port: 50686
22-06-2026 16:01:46.756 [Gauge] [DEBUG] Successfully made the connection with plugin with port: 50686
22-06-2026 16:01:46.756 [Gauge] [DEBUG] Initialising suite data store.
22-06-2026 16:01:47.366 [Gauge] [INFO] # 職員は会員情報を登録・編集・削除することができる
22-06-2026 16:01:47.368 [Gauge] [INFO] ## 会員を登録すると一覧に表示され、行から編集した内容がリロード後も反映される
22-06-2026 16:01:47.625 [Gauge] [DEBUG] * ログインページを開く
22-06-2026 16:01:47.790 [Gauge] [DEBUG] * 職員 "coach_001@example.jp" / "coach001" でログインする
22-06-2026 16:01:47.790 [Gauge] [DEBUG] * ログインIDに "coach_001@example.jp" を入力する
22-06-2026 16:01:47.792 [Gauge] [DEBUG] * パスワードに "coach001" を入力する
22-06-2026 16:01:47.793 [Gauge] [DEBUG] * ログインボタンを押す
22-06-2026 16:01:47.795 [Gauge] [DEBUG] * 会員管理メニューをクリックする
22-06-2026 16:01:47.982 [Gauge] [DEBUG] * 新規会員登録ボタンをクリックする
22-06-2026 16:01:48.053 [Gauge] [DEBUG] * 新規会員フォームに最小限の情報を入力する
22-06-2026 16:01:48.104 [Gauge] [DEBUG] * 新規会員フォームを保存する
22-06-2026 16:01:48.236 [Gauge] [DEBUG] * 会員一覧に "テスト 太郎" が表示される
22-06-2026 16:01:48.241 [Gauge] [DEBUG] * 会員 "テスト 太郎" の行をクリックする
22-06-2026 16:01:48.310 [Gauge] [DEBUG] * 編集モーダルの "nickname" を "編集後ニック" に変更する
22-06-2026 16:01:48.316 [Gauge] [DEBUG] * 編集モーダルを保存する
22-06-2026 16:01:48.394 [Gauge] [DEBUG] * 管理画面をリロードする
22-06-2026 16:01:48.413 [Gauge] [DEBUG] * 会員管理メニューをクリックする
22-06-2026 16:01:48.484 [Gauge] [DEBUG] * 会員 "テスト 太郎" の行をクリックする
22-06-2026 16:01:48.520 [Gauge] [DEBUG] * 編集モーダルの "nickname" が "編集後ニック" と表示される

22-06-2026 16:01:48.555 [Gauge] [INFO] ## 会員のプランを変更するとリロード後に変更が反映される
22-06-2026 16:01:48.635 [Gauge] [DEBUG] * ログインページを開く
22-06-2026 16:01:48.716 [Gauge] [DEBUG] * 職員 "coach_001@example.jp" / "coach001" でログインする
22-06-2026 16:01:48.716 [Gauge] [DEBUG] * ログインIDに "coach_001@example.jp" を入力する
22-06-2026 16:01:48.718 [Gauge] [DEBUG] * パスワードに "coach001" を入力する
22-06-2026 16:01:48.719 [Gauge] [DEBUG] * ログインボタンを押す
22-06-2026 16:01:48.721 [Gauge] [DEBUG] * 会員管理メニューをクリックする
22-06-2026 16:01:48.830 [Gauge] [DEBUG] * 会員 "見本一郎" の行をクリックする
22-06-2026 16:01:48.914 [Gauge] [DEBUG] * 編集モーダルの "plan" を "給付金6ヶ月プラン" に変更する
22-06-2026 16:01:48.927 [Gauge] [DEBUG] * 編集モーダルを保存する
22-06-2026 16:01:49.010 [Gauge] [DEBUG] * 管理画面をリロードする
22-06-2026 16:01:49.025 [Gauge] [DEBUG] * 会員管理メニューをクリックする
22-06-2026 16:01:49.084 [Gauge] [DEBUG] * 会員 "見本一郎" の行をクリックする
22-06-2026 16:01:49.120 [Gauge] [DEBUG] * 編集モーダルの "plan" が "給付金6ヶ月プラン" と表示される

22-06-2026 16:01:49.152 [Gauge] [INFO] ## 会員を削除するとリロード後も一覧に表示されない
22-06-2026 16:01:49.216 [Gauge] [DEBUG] * ログインページを開く
22-06-2026 16:01:49.297 [Gauge] [DEBUG] * 職員 "coach_001@example.jp" / "coach001" でログインする
22-06-2026 16:01:49.297 [Gauge] [DEBUG] * ログインIDに "coach_001@example.jp" を入力する
22-06-2026 16:01:49.298 [Gauge] [DEBUG] * パスワードに "coach001" を入力する
22-06-2026 16:01:49.299 [Gauge] [DEBUG] * ログインボタンを押す
22-06-2026 16:01:49.301 [Gauge] [DEBUG] * 会員管理メニューをクリックする
22-06-2026 16:01:49.415 [Gauge] [DEBUG] * 会員 "見本一郎" の行をクリックする
22-06-2026 16:01:49.497 [Gauge] [DEBUG] * 会員削除ボタンをクリックする
22-06-2026 16:01:49.618 [Gauge] [DEBUG] * 管理画面をリロードする
22-06-2026 16:01:49.636 [Gauge] [DEBUG] * 会員管理メニューをクリックする
22-06-2026 16:01:49.703 [Gauge] [DEBUG] * 会員一覧に "見本一郎" が表示されない
22-06-2026 16:01:49.725 [html-report] [DEBUG] Transformed SuiteResult to report structure
22-06-2026 16:01:49.737 [html-report] [INFO] Successfully generated html-report to => /Users/yasuikendo/morrow-world/study_app/e2e/reports/html-report/index.html
22-06-2026 16:01:49.737 [html-report] [DEBUG] Done generating HTML report using theme from /Users/yasuikendo/.gauge/plugins/html-report/4.4.5/themes/default
22-06-2026 16:01:49.737 [Gauge] [DEBUG] Sending kill message to Html Report plugin.
22-06-2026 16:01:49.738 [Gauge] [INFO] Specifications:	1 executed	1 passed	0 failed	0 skipped
22-06-2026 16:01:49.738 [Gauge] [INFO] Scenarios:	3 executed	3 passed	0 failed	0 skipped
22-06-2026 16:01:49.738 [Gauge] [INFO] 
Total time taken: 3.009s
22-06-2026 16:19:25.496 [Gauge] [DEBUG] Created gauge_screenshots_dir at /Users/yasuikendo/morrow-world/study_app/e2e/.gauge/screenshots
22-06-2026 16:19:25.497 [Gauge] [DEBUG] Plugin ts is already installed.
22-06-2026 16:19:25.497 [Gauge] [DEBUG] Plugin html-report is already installed.
22-06-2026 16:19:25.497 [Gauge] [DEBUG] Parsing started.
22-06-2026 16:19:25.497 [Gauge] [DEBUG] Started concepts parsing.
22-06-2026 16:19:25.515 [Gauge] [DEBUG] 2 concepts parsing completed.
22-06-2026 16:19:25.515 [Gauge] [DEBUG] Started specifications parsing.
22-06-2026 16:19:25.516 [Gauge] [DEBUG] 1 specifications parsing completed.
22-06-2026 16:19:25.516 [Gauge] [DEBUG] Parsing completed.
22-06-2026 16:19:25.551 [ts] [ERROR] (node:4941) [DEP0190] DeprecationWarning: Passing args to a child process with shell option true can lead to security vulnerabilities, as the arguments are not escaped, only concatenated.
22-06-2026 16:19:25.551 [ts] [ERROR] (Use `node --trace-deprecation ...` to show where the warning was created)
22-06-2026 16:19:26.657 [ts] [ERROR] (node:4964) [DEP0180] DeprecationWarning: fs.Stats constructor is deprecated.
22-06-2026 16:19:26.657 [ts] [ERROR] (Use `node --trace-deprecation ...` to show where the warning was created)
22-06-2026 16:19:26.662 [Gauge] [DEBUG] Attempting to connect to grpc server at port: 55341
22-06-2026 16:19:26.662 [Gauge] [DEBUG] Successfully made the connection with runner with port: 55341
22-06-2026 16:19:26.662 [Gauge] [DEBUG] Validation started.
22-06-2026 16:19:26.670 [Gauge] [DEBUG] Validation completed.
22-06-2026 16:19:26.670 [Gauge] [DEBUG] Run started
22-06-2026 16:19:26.671 [Gauge] [DEBUG] Starting Html Report plugin
22-06-2026 16:19:26.714 [Gauge] [DEBUG] Attempting to connect to grpc server at port: 55344
22-06-2026 16:19:26.714 [Gauge] [DEBUG] Successfully made the connection with plugin with port: 55344
22-06-2026 16:19:26.714 [Gauge] [DEBUG] Initialising suite data store.
22-06-2026 16:19:27.304 [Gauge] [INFO] # 職員はキーワードで会員を検索することができる
22-06-2026 16:19:27.306 [Gauge] [INFO] ## 検索条件なしでは全会員が一覧に表示される
22-06-2026 16:19:27.567 [Gauge] [DEBUG] * ログインページを開く
22-06-2026 16:19:27.735 [Gauge] [DEBUG] * 職員 "coach_001@example.jp" / "coach001" でログインする
22-06-2026 16:19:27.735 [Gauge] [DEBUG] * ログインIDに "coach_001@example.jp" を入力する
22-06-2026 16:19:27.737 [Gauge] [DEBUG] * パスワードに "coach001" を入力する
22-06-2026 16:19:27.738 [Gauge] [DEBUG] * ログインボタンを押す
22-06-2026 16:19:27.739 [Gauge] [DEBUG] * 検索用に会員データを準備する
22-06-2026 16:19:27.810 [Gauge] [DEBUG] * 会員管理メニューをクリックする
22-06-2026 16:19:27.962 [Gauge] [DEBUG] * 会員一覧の件数が "10" 件である
22-06-2026 16:19:27.966 [Gauge] [DEBUG] * 会員一覧に表示される会員は "田中太郎,田中花子,田中次郎,佐藤三郎,鈴木四郎,高橋五郎,渡辺六子,伊藤七海,山本八郎,中村九子" である

22-06-2026 16:19:27.984 [Gauge] [INFO] ## 氏名で検索すると該当する会員のみが表示される
22-06-2026 16:19:28.065 [Gauge] [DEBUG] * ログインページを開く
22-06-2026 16:19:28.143 [Gauge] [DEBUG] * 職員 "coach_001@example.jp" / "coach001" でログインする
22-06-2026 16:19:28.143 [Gauge] [DEBUG] * ログインIDに "coach_001@example.jp" を入力する
22-06-2026 16:19:28.145 [Gauge] [DEBUG] * パスワードに "coach001" を入力する
22-06-2026 16:19:28.146 [Gauge] [DEBUG] * ログインボタンを押す
22-06-2026 16:19:28.147 [Gauge] [DEBUG] * 検索用に会員データを準備する
22-06-2026 16:19:28.226 [Gauge] [DEBUG] * 会員管理メニューをクリックする
22-06-2026 16:19:28.328 [Gauge] [DEBUG] * 氏名で "田中" を検索する
22-06-2026 16:19:28.397 [Gauge] [DEBUG] * 会員一覧の件数が "3" 件である
22-06-2026 16:19:28.474 [Gauge] [DEBUG] * 会員一覧に表示される会員は "田中太郎,田中花子,田中次郎" である

22-06-2026 16:19:28.484 [Gauge] [INFO] ## ニックネームで検索すると該当する会員のみが表示される
22-06-2026 16:19:28.569 [Gauge] [DEBUG] * ログインページを開く
22-06-2026 16:19:28.650 [Gauge] [DEBUG] * 職員 "coach_001@example.jp" / "coach001" でログインする
22-06-2026 16:19:28.650 [Gauge] [DEBUG] * ログインIDに "coach_001@example.jp" を入力する
22-06-2026 16:19:28.652 [Gauge] [DEBUG] * パスワードに "coach001" を入力する
22-06-2026 16:19:28.654 [Gauge] [DEBUG] * ログインボタンを押す
22-06-2026 16:19:28.655 [Gauge] [DEBUG] * 検索用に会員データを準備する
22-06-2026 16:19:28.737 [Gauge] [DEBUG] * 会員管理メニューをクリックする
22-06-2026 16:19:28.846 [Gauge] [DEBUG] * 氏名で "ちゃん" を検索する
22-06-2026 16:19:28.913 [Gauge] [DEBUG] * 会員一覧の件数が "3" 件である
22-06-2026 16:19:28.990 [Gauge] [DEBUG] * 会員一覧に表示される会員は "田中太郎,佐藤三郎,高橋五郎" である

22-06-2026 16:19:29.000 [Gauge] [INFO] ## 会員IDで検索すると該当する会員が表示される
22-06-2026 16:19:29.092 [Gauge] [DEBUG] * ログインページを開く
22-06-2026 16:19:29.170 [Gauge] [DEBUG] * 職員 "coach_001@example.jp" / "coach001" でログインする
22-06-2026 16:19:29.170 [Gauge] [DEBUG] * ログインIDに "coach_001@example.jp" を入力する
22-06-2026 16:19:29.172 [Gauge] [DEBUG] * パスワードに "coach001" を入力する
22-06-2026 16:19:29.173 [Gauge] [DEBUG] * ログインボタンを押す
22-06-2026 16:19:29.174 [Gauge] [DEBUG] * 検索用に会員データを準備する
22-06-2026 16:19:29.270 [Gauge] [DEBUG] * 会員管理メニューをクリックする
22-06-2026 16:19:29.381 [Gauge] [DEBUG] * 会員IDで "30005" を検索する
22-06-2026 16:19:29.448 [Gauge] [DEBUG] * 会員一覧の件数が "1" 件である
22-06-2026 16:19:29.474 [Gauge] [DEBUG] * 会員一覧に表示される会員は "鈴木四郎" である
22-06-2026 16:19:29.503 [html-report] [DEBUG] Transformed SuiteResult to report structure
22-06-2026 16:19:29.518 [html-report] [INFO] Successfully generated html-report to => /Users/yasuikendo/morrow-world/study_app/e2e/reports/html-report/index.html
22-06-2026 16:19:29.518 [html-report] [DEBUG] Done generating HTML report using theme from /Users/yasuikendo/.gauge/plugins/html-report/4.4.5/themes/default
22-06-2026 16:19:29.518 [Gauge] [DEBUG] Sending kill message to Html Report plugin.
22-06-2026 16:19:29.519 [Gauge] [INFO] Specifications:	1 executed	1 passed	0 failed	0 skipped
22-06-2026 16:19:29.519 [Gauge] [INFO] Scenarios:	4 executed	4 passed	0 failed	0 skipped
22-06-2026 16:19:29.519 [Gauge] [INFO] 
Total time taken: 2.832s
22-06-2026 16:36:34.875 [Gauge] [DEBUG] Created gauge_screenshots_dir at /Users/yasuikendo/morrow-world/study_app/e2e/.gauge/screenshots
22-06-2026 16:36:34.876 [Gauge] [DEBUG] Plugin ts is already installed.
22-06-2026 16:36:34.876 [Gauge] [DEBUG] Plugin html-report is already installed.
22-06-2026 16:36:34.876 [Gauge] [DEBUG] Parsing started.
22-06-2026 16:36:34.876 [Gauge] [DEBUG] Started concepts parsing.
22-06-2026 16:36:34.890 [Gauge] [DEBUG] 2 concepts parsing completed.
22-06-2026 16:36:34.890 [Gauge] [DEBUG] Started specifications parsing.
22-06-2026 16:36:34.891 [Gauge] [DEBUG] 1 specifications parsing completed.
22-06-2026 16:36:34.891 [Gauge] [DEBUG] Parsing completed.
22-06-2026 16:36:34.925 [ts] [ERROR] (node:14393) [DEP0190] DeprecationWarning: Passing args to a child process with shell option true can lead to security vulnerabilities, as the arguments are not escaped, only concatenated.
22-06-2026 16:36:34.925 [ts] [ERROR] (Use `node --trace-deprecation ...` to show where the warning was created)
22-06-2026 16:36:36.040 [ts] [ERROR] (node:14416) [DEP0180] DeprecationWarning: fs.Stats constructor is deprecated.
22-06-2026 16:36:36.040 [ts] [ERROR] (Use `node --trace-deprecation ...` to show where the warning was created)
22-06-2026 16:36:36.045 [Gauge] [DEBUG] Attempting to connect to grpc server at port: 59766
22-06-2026 16:36:36.045 [Gauge] [DEBUG] Successfully made the connection with runner with port: 59766
22-06-2026 16:36:36.045 [Gauge] [DEBUG] Validation started.
22-06-2026 16:36:36.069 [Gauge] [DEBUG] Validation completed.
22-06-2026 16:36:36.070 [Gauge] [DEBUG] Run started
22-06-2026 16:36:36.071 [Gauge] [DEBUG] Starting Html Report plugin
22-06-2026 16:36:36.121 [Gauge] [DEBUG] Attempting to connect to grpc server at port: 59769
22-06-2026 16:36:36.121 [Gauge] [DEBUG] Successfully made the connection with plugin with port: 59769
22-06-2026 16:36:36.121 [Gauge] [DEBUG] Initialising suite data store.
22-06-2026 16:36:36.736 [Gauge] [INFO] # 職員はキーワードで会員を検索することができる
22-06-2026 16:36:36.739 [Gauge] [INFO] ## 検索条件なしでは全会員が一覧に表示される
22-06-2026 16:36:36.992 [Gauge] [DEBUG] * ログインページを開く
22-06-2026 16:36:37.155 [Gauge] [DEBUG] * 職員 "coach_001@example.jp" / "coach001" でログインする
22-06-2026 16:36:37.155 [Gauge] [DEBUG] * ログインIDに "coach_001@example.jp" を入力する
22-06-2026 16:36:37.156 [Gauge] [DEBUG] * パスワードに "coach001" を入力する
22-06-2026 16:36:37.158 [Gauge] [DEBUG] * ログインボタンを押す
22-06-2026 16:36:37.159 [Gauge] [DEBUG] * 検索用に会員データを準備する
22-06-2026 16:36:37.235 [Gauge] [DEBUG] * 会員管理メニューをクリックする
22-06-2026 16:36:37.411 [Gauge] [DEBUG] * 会員一覧の件数が "10" 件である
22-06-2026 16:36:37.415 [Gauge] [DEBUG] * 会員一覧に表示される会員は "田中太郎,田中花子,田中次郎,佐藤三郎,鈴木四郎,高橋五郎,渡辺六子,伊藤七海,山本八郎,中村九子" である

22-06-2026 16:36:37.434 [Gauge] [INFO] ## 氏名で検索すると該当する会員のみが表示される
22-06-2026 16:36:37.518 [Gauge] [DEBUG] * ログインページを開く
22-06-2026 16:36:37.582 [Gauge] [DEBUG] * 職員 "coach_001@example.jp" / "coach001" でログインする
22-06-2026 16:36:37.582 [Gauge] [DEBUG] * ログインIDに "coach_001@example.jp" を入力する
22-06-2026 16:36:37.584 [Gauge] [DEBUG] * パスワードに "coach001" を入力する
22-06-2026 16:36:37.585 [Gauge] [DEBUG] * ログインボタンを押す
22-06-2026 16:36:37.586 [Gauge] [DEBUG] * 検索用に会員データを準備する
22-06-2026 16:36:37.671 [Gauge] [DEBUG] * 会員管理メニューをクリックする
22-06-2026 16:36:37.779 [Gauge] [DEBUG] * 氏名で "田中" を検索する
22-06-2026 16:36:37.868 [Gauge] [DEBUG] * 会員一覧の件数が "3" 件である
22-06-2026 16:36:37.897 [Gauge] [DEBUG] * 会員一覧に表示される会員は "田中太郎,田中花子,田中次郎" である

22-06-2026 16:36:37.906 [Gauge] [INFO] ## ニックネームで検索すると該当する会員のみが表示される
22-06-2026 16:36:37.973 [Gauge] [DEBUG] * ログインページを開く
22-06-2026 16:36:38.035 [Gauge] [DEBUG] * 職員 "coach_001@example.jp" / "coach001" でログインする
22-06-2026 16:36:38.036 [Gauge] [DEBUG] * ログインIDに "coach_001@example.jp" を入力する
22-06-2026 16:36:38.037 [Gauge] [DEBUG] * パスワードに "coach001" を入力する
22-06-2026 16:36:38.038 [Gauge] [DEBUG] * ログインボタンを押す
22-06-2026 16:36:38.039 [Gauge] [DEBUG] * 検索用に会員データを準備する
22-06-2026 16:36:38.118 [Gauge] [DEBUG] * 会員管理メニューをクリックする
22-06-2026 16:36:38.214 [Gauge] [DEBUG] * 氏名で "ちゃん" を検索する
22-06-2026 16:36:38.282 [Gauge] [DEBUG] * 会員一覧の件数が "3" 件である
22-06-2026 16:36:38.307 [Gauge] [DEBUG] * 会員一覧に表示される会員は "田中太郎,佐藤三郎,高橋五郎" である

22-06-2026 16:36:38.316 [Gauge] [INFO] ## 会員IDで検索すると該当する会員が表示される
22-06-2026 16:36:38.373 [Gauge] [DEBUG] * ログインページを開く
22-06-2026 16:36:38.450 [Gauge] [DEBUG] * 職員 "coach_001@example.jp" / "coach001" でログインする
22-06-2026 16:36:38.450 [Gauge] [DEBUG] * ログインIDに "coach_001@example.jp" を入力する
22-06-2026 16:36:38.451 [Gauge] [DEBUG] * パスワードに "coach001" を入力する
22-06-2026 16:36:38.453 [Gauge] [DEBUG] * ログインボタンを押す
22-06-2026 16:36:38.454 [Gauge] [DEBUG] * 検索用に会員データを準備する
22-06-2026 16:36:38.508 [Gauge] [DEBUG] * 会員管理メニューをクリックする
22-06-2026 16:36:38.612 [Gauge] [DEBUG] * 会員IDで "30005" を検索する
22-06-2026 16:36:38.682 [Gauge] [DEBUG] * 会員一覧の件数が "1" 件である
22-06-2026 16:36:38.760 [Gauge] [DEBUG] * 会員一覧に表示される会員は "鈴木四郎" である

22-06-2026 16:36:38.771 [Gauge] [INFO] ## 詳細検索の職業で絞り込むと該当する会員のみが表示される
22-06-2026 16:36:38.863 [Gauge] [DEBUG] * ログインページを開く
22-06-2026 16:36:38.931 [Gauge] [DEBUG] * 職員 "coach_001@example.jp" / "coach001" でログインする
22-06-2026 16:36:38.931 [Gauge] [DEBUG] * ログインIDに "coach_001@example.jp" を入力する
22-06-2026 16:36:38.932 [Gauge] [DEBUG] * パスワードに "coach001" を入力する
22-06-2026 16:36:38.933 [Gauge] [DEBUG] * ログインボタンを押す
22-06-2026 16:36:38.935 [Gauge] [DEBUG] * 検索用に会員データを準備する
22-06-2026 16:36:39.011 [Gauge] [DEBUG] * 会員管理メニューをクリックする
22-06-2026 16:36:39.218 [Gauge] [DEBUG] * 詳細検索を開く
22-06-2026 16:36:39.254 [Gauge] [DEBUG] * 職業 "会社員" で絞り込む
22-06-2026 16:36:39.304 [Gauge] [DEBUG] * 会員一覧の件数が "4" 件である
22-06-2026 16:36:39.330 [Gauge] [DEBUG] * 会員一覧に表示される会員は "田中太郎,田中次郎,鈴木四郎,渡辺六子" である

22-06-2026 16:36:39.339 [Gauge] [INFO] ## 受講開始月で絞り込むと該当する会員のみが表示される
22-06-2026 16:36:39.396 [Gauge] [DEBUG] * ログインページを開く
22-06-2026 16:36:39.459 [Gauge] [DEBUG] * 職員 "coach_001@example.jp" / "coach001" でログインする
22-06-2026 16:36:39.459 [Gauge] [DEBUG] * ログインIDに "coach_001@example.jp" を入力する
22-06-2026 16:36:39.460 [Gauge] [DEBUG] * パスワードに "coach001" を入力する
22-06-2026 16:36:39.461 [Gauge] [DEBUG] * ログインボタンを押す
22-06-2026 16:36:39.462 [Gauge] [DEBUG] * 検索用に会員データを準備する
22-06-2026 16:36:39.518 [Gauge] [DEBUG] * 会員管理メニューをクリックする
22-06-2026 16:36:39.631 [Gauge] [DEBUG] * 受講開始月 "2026-04" で絞り込む
22-06-2026 16:36:39.665 [Gauge] [DEBUG] * 会員一覧の件数が "4" 件である
22-06-2026 16:36:39.692 [Gauge] [DEBUG] * 会員一覧に表示される会員は "田中太郎,田中花子,高橋五郎,伊藤七海" である
22-06-2026 16:36:39.718 [html-report] [DEBUG] Transformed SuiteResult to report structure
22-06-2026 16:36:39.735 [html-report] [INFO] Successfully generated html-report to => /Users/yasuikendo/morrow-world/study_app/e2e/reports/html-report/index.html
22-06-2026 16:36:39.735 [html-report] [DEBUG] Done generating HTML report using theme from /Users/yasuikendo/.gauge/plugins/html-report/4.4.5/themes/default
22-06-2026 16:36:39.735 [Gauge] [DEBUG] Sending kill message to Html Report plugin.
22-06-2026 16:36:39.735 [Gauge] [INFO] Specifications:	1 executed	1 passed	0 failed	0 skipped
22-06-2026 16:36:39.735 [Gauge] [INFO] Scenarios:	6 executed	6 passed	0 failed	0 skipped
22-06-2026 16:36:39.736 [Gauge] [INFO] 
Total time taken: 3.648s
22-06-2026 17:00:25.773 [Gauge] [DEBUG] Created gauge_screenshots_dir at /Users/yasuikendo/morrow-world/study_app/e2e/.gauge/screenshots
22-06-2026 17:00:25.773 [Gauge] [DEBUG] Plugin html-report is already installed.
22-06-2026 17:00:25.773 [Gauge] [DEBUG] Plugin ts is already installed.
22-06-2026 17:00:25.773 [Gauge] [DEBUG] Parsing started.
22-06-2026 17:00:25.773 [Gauge] [DEBUG] Started concepts parsing.
22-06-2026 17:00:25.811 [Gauge] [DEBUG] 2 concepts parsing completed.
22-06-2026 17:00:25.811 [Gauge] [DEBUG] Started specifications parsing.
22-06-2026 17:00:25.812 [Gauge] [DEBUG] 2 specifications parsing completed.
22-06-2026 17:00:25.812 [Gauge] [DEBUG] Parsing completed.
22-06-2026 17:00:25.847 [ts] [ERROR] (node:29004) [DEP0190] DeprecationWarning: Passing args to a child process with shell option true can lead to security vulnerabilities, as the arguments are not escaped, only concatenated.
22-06-2026 17:00:25.847 [ts] [ERROR] (Use `node --trace-deprecation ...` to show where the warning was created)
22-06-2026 17:00:27.003 [ts] [ERROR] (node:29027) [DEP0180] DeprecationWarning: fs.Stats constructor is deprecated.
22-06-2026 17:00:27.003 [ts] [ERROR] (Use `node --trace-deprecation ...` to show where the warning was created)
22-06-2026 17:00:27.008 [Gauge] [DEBUG] Attempting to connect to grpc server at port: 49917
22-06-2026 17:00:27.008 [Gauge] [DEBUG] Successfully made the connection with runner with port: 49917
22-06-2026 17:00:27.008 [Gauge] [DEBUG] Validation started.
22-06-2026 17:00:27.021 [Gauge] [DEBUG] Validation completed.
22-06-2026 17:00:27.021 [Gauge] [DEBUG] Run started
22-06-2026 17:00:27.021 [Gauge] [DEBUG] Starting Html Report plugin
22-06-2026 17:00:27.061 [html-report] [DEBUG] Setting MaxRecvMsgSize = 1024 MB
22-06-2026 17:00:27.061 [Gauge] [DEBUG] Attempting to connect to grpc server at port: 49920
22-06-2026 17:00:27.061 [Gauge] [DEBUG] Successfully made the connection with plugin with port: 49920
22-06-2026 17:00:27.061 [Gauge] [DEBUG] Initialising suite data store.
22-06-2026 17:00:27.676 [Gauge] [INFO] # 職員はキーワードで会員を検索することができる
22-06-2026 17:00:27.678 [Gauge] [INFO] ## 検索条件なしでは全会員が一覧に表示される
22-06-2026 17:00:27.968 [Gauge] [DEBUG] * ログインページを開く
22-06-2026 17:00:28.161 [Gauge] [DEBUG] * 職員 "coach_001@example.jp" / "coach001" でログインする
22-06-2026 17:00:28.161 [Gauge] [DEBUG] * ログインIDに "coach_001@example.jp" を入力する
22-06-2026 17:00:28.163 [Gauge] [DEBUG] * パスワードに "coach001" を入力する
22-06-2026 17:00:28.164 [Gauge] [DEBUG] * ログインボタンを押す
22-06-2026 17:00:28.166 [Gauge] [DEBUG] * 検索用に会員データを準備する
22-06-2026 17:00:28.214 [Gauge] [DEBUG] * 会員管理メニューをクリックする
22-06-2026 17:00:28.478 [Gauge] [DEBUG] * 会員一覧の件数が "10" 件である
22-06-2026 17:00:28.483 [Gauge] [DEBUG] * 会員一覧に表示される会員は "田中太郎,田中花子,田中次郎,佐藤三郎,鈴木四郎,高橋五郎,渡辺六子,伊藤七海,山本八郎,中村九子" である

22-06-2026 17:00:28.504 [Gauge] [INFO] ## 氏名で検索すると該当する会員のみが表示される
22-06-2026 17:00:28.565 [Gauge] [DEBUG] * ログインページを開く
22-06-2026 17:00:28.682 [Gauge] [DEBUG] * 職員 "coach_001@example.jp" / "coach001" でログインする
22-06-2026 17:00:28.682 [Gauge] [DEBUG] * ログインIDに "coach_001@example.jp" を入力する
22-06-2026 17:00:28.683 [Gauge] [DEBUG] * パスワードに "coach001" を入力する
22-06-2026 17:00:28.685 [Gauge] [DEBUG] * ログインボタンを押す
22-06-2026 17:00:28.686 [Gauge] [DEBUG] * 検索用に会員データを準備する
22-06-2026 17:00:28.737 [Gauge] [DEBUG] * 会員管理メニューをクリックする
22-06-2026 17:00:28.954 [Gauge] [DEBUG] * 氏名で "田中" を検索する
22-06-2026 17:00:29.017 [Gauge] [DEBUG] * 会員一覧の件数が "3" 件である
22-06-2026 17:00:29.094 [Gauge] [DEBUG] * 会員一覧に表示される会員は "田中太郎,田中花子,田中次郎" である

22-06-2026 17:00:29.105 [Gauge] [INFO] ## ニックネームで検索すると該当する会員のみが表示される
22-06-2026 17:00:29.186 [Gauge] [DEBUG] * ログインページを開く
22-06-2026 17:00:29.300 [Gauge] [DEBUG] * 職員 "coach_001@example.jp" / "coach001" でログインする
22-06-2026 17:00:29.300 [Gauge] [DEBUG] * ログインIDに "coach_001@example.jp" を入力する
22-06-2026 17:00:29.301 [Gauge] [DEBUG] * パスワードに "coach001" を入力する
22-06-2026 17:00:29.303 [Gauge] [DEBUG] * ログインボタンを押す
22-06-2026 17:00:29.304 [Gauge] [DEBUG] * 検索用に会員データを準備する
22-06-2026 17:00:29.343 [Gauge] [DEBUG] * 会員管理メニューをクリックする
22-06-2026 17:00:29.566 [Gauge] [DEBUG] * 氏名で "ちゃん" を検索する
22-06-2026 17:00:29.632 [Gauge] [DEBUG] * 会員一覧の件数が "3" 件である
22-06-2026 17:00:29.656 [Gauge] [DEBUG] * 会員一覧に表示される会員は "田中太郎,佐藤三郎,高橋五郎" である

22-06-2026 17:00:29.666 [Gauge] [INFO] ## 会員IDで検索すると該当する会員が表示される
22-06-2026 17:00:29.731 [Gauge] [DEBUG] * ログインページを開く
22-06-2026 17:00:29.819 [Gauge] [DEBUG] * 職員 "coach_001@example.jp" / "coach001" でログインする
22-06-2026 17:00:29.819 [Gauge] [DEBUG] * ログインIDに "coach_001@example.jp" を入力する
22-06-2026 17:00:29.821 [Gauge] [DEBUG] * パスワードに "coach001" を入力する
22-06-2026 17:00:29.822 [Gauge] [DEBUG] * ログインボタンを押す
22-06-2026 17:00:29.823 [Gauge] [DEBUG] * 検索用に会員データを準備する
22-06-2026 17:00:29.868 [Gauge] [DEBUG] * 会員管理メニューをクリックする
22-06-2026 17:00:29.969 [Gauge] [DEBUG] * 会員IDで "30005" を検索する
22-06-2026 17:00:29.997 [Gauge] [DEBUG] Checking updates...
22-06-2026 17:00:29.998 [Gauge] [DEBUG] Downloading https://downloads.gauge.org/plugin/html-report?l=ts&p=html-report,screenshot,ts&o=darwin&a=arm64
22-06-2026 17:00:30.032 [Gauge] [DEBUG] * 会員一覧の件数が "1" 件である
22-06-2026 17:00:30.059 [Gauge] [DEBUG] * 会員一覧に表示される会員は "鈴木四郎" である

22-06-2026 17:00:30.066 [Gauge] [INFO] ## 詳細検索の職業で絞り込むと該当する会員のみが表示される
22-06-2026 17:00:30.127 [Gauge] [DEBUG] * ログインページを開く
22-06-2026 17:00:30.229 [Gauge] [DEBUG] * 職員 "coach_001@example.jp" / "coach001" でログインする
22-06-2026 17:00:30.229 [Gauge] [DEBUG] * ログインIDに "coach_001@example.jp" を入力する
22-06-2026 17:00:30.231 [Gauge] [DEBUG] * パスワードに "coach001" を入力する
22-06-2026 17:00:30.232 [Gauge] [DEBUG] * ログインボタンを押す
22-06-2026 17:00:30.233 [Gauge] [DEBUG] * 検索用に会員データを準備する
22-06-2026 17:00:30.277 [Gauge] [DEBUG] * 会員管理メニューをクリックする
22-06-2026 17:00:30.485 [Gauge] [DEBUG] * 詳細検索を開く
22-06-2026 17:00:30.522 [Gauge] [DEBUG] * 職業 "会社員" で絞り込む
22-06-2026 17:00:30.569 [Gauge] [DEBUG] * 会員一覧の件数が "4" 件である
22-06-2026 17:00:30.649 [Gauge] [DEBUG] * 会員一覧に表示される会員は "田中太郎,田中次郎,鈴木四郎,渡辺六子" である

22-06-2026 17:00:30.660 [Gauge] [INFO] ## 受講開始月で絞り込むと該当する会員のみが表示される
22-06-2026 17:00:30.743 [Gauge] [DEBUG] * ログインページを開く
22-06-2026 17:00:30.838 [Gauge] [DEBUG] * 職員 "coach_001@example.jp" / "coach001" でログインする
22-06-2026 17:00:30.838 [Gauge] [DEBUG] * ログインIDに "coach_001@example.jp" を入力する
22-06-2026 17:00:30.839 [Gauge] [DEBUG] * パスワードに "coach001" を入力する
22-06-2026 17:00:30.840 [Gauge] [DEBUG] * ログインボタンを押す
22-06-2026 17:00:30.841 [Gauge] [DEBUG] * 検索用に会員データを準備する
22-06-2026 17:00:30.885 [Gauge] [DEBUG] * 会員管理メニューをクリックする
22-06-2026 17:00:30.988 [Gauge] [DEBUG] * 受講開始月 "2026-04" で絞り込む
22-06-2026 17:00:31.032 [Gauge] [DEBUG] * 会員一覧の件数が "4" 件である
22-06-2026 17:00:31.058 [Gauge] [DEBUG] * 会員一覧に表示される会員は "田中太郎,田中花子,高橋五郎,伊藤七海" である
22-06-2026 17:00:31.068 [Gauge] [INFO] # 職員は会員情報を登録・編集・削除することができる
22-06-2026 17:00:31.069 [Gauge] [INFO] ## 会員を登録すると一覧に表示され、行から編集した内容がリロード後も反映される
22-06-2026 17:00:31.129 [Gauge] [DEBUG] * ログインページを開く
22-06-2026 17:00:31.210 [Gauge] [DEBUG] * 職員 "coach_001@example.jp" / "coach001" でログインする
22-06-2026 17:00:31.210 [Gauge] [DEBUG] * ログインIDに "coach_001@example.jp" を入力する
22-06-2026 17:00:31.211 [Gauge] [DEBUG] * パスワードに "coach001" を入力する
22-06-2026 17:00:31.212 [Gauge] [DEBUG] * ログインボタンを押す
22-06-2026 17:00:31.213 [Gauge] [DEBUG] * 会員管理メニューをクリックする
22-06-2026 17:00:31.404 [Gauge] [DEBUG] Downloading https://downloads.gauge.org/plugin/screenshot?l=ts&p=html-report,screenshot,ts&o=darwin&a=arm64
22-06-2026 17:00:31.452 [Gauge] [DEBUG] * 新規会員登録ボタンをクリックする
22-06-2026 17:00:31.512 [Gauge] [DEBUG] Downloading https://downloads.gauge.org/plugin/ts?l=ts&p=html-report,screenshot,ts&o=darwin&a=arm64
22-06-2026 17:00:31.520 [Gauge] [DEBUG] * 新規会員フォームに最小限の情報を入力する
22-06-2026 17:00:31.565 [Gauge] [DEBUG] * 新規会員フォームを保存する
22-06-2026 17:00:31.647 [Gauge] [DEBUG] * 会員一覧に "テスト 太郎" が表示される
22-06-2026 17:00:31.651 [Gauge] [DEBUG] * 会員 "テスト 太郎" の行をクリックする
22-06-2026 17:00:31.723 [Gauge] [DEBUG] * 編集モーダルの "nickname" を "編集後ニック" に変更する
22-06-2026 17:00:31.730 [Gauge] [DEBUG] * 編集モーダルを保存する
22-06-2026 17:00:31.808 [Gauge] [DEBUG] * 管理画面をリロードする
22-06-2026 17:00:31.835 [Gauge] [DEBUG] * 会員管理メニューをクリックする
22-06-2026 17:00:31.898 [Gauge] [DEBUG] * 会員 "テスト 太郎" の行をクリックする
22-06-2026 17:00:31.935 [Gauge] [DEBUG] * 編集モーダルの "nickname" が "編集後ニック" と表示される

22-06-2026 17:00:31.967 [Gauge] [INFO] ## 会員のプランを変更するとリロード後に変更が反映される
22-06-2026 17:00:32.024 [Gauge] [DEBUG] * ログインページを開く
22-06-2026 17:00:32.127 [Gauge] [DEBUG] * 職員 "coach_001@example.jp" / "coach001" でログインする
22-06-2026 17:00:32.127 [Gauge] [DEBUG] * ログインIDに "coach_001@example.jp" を入力する
22-06-2026 17:00:32.129 [Gauge] [DEBUG] * パスワードに "coach001" を入力する
22-06-2026 17:00:32.130 [Gauge] [DEBUG] * ログインボタンを押す
22-06-2026 17:00:32.131 [Gauge] [DEBUG] * 会員管理メニューをクリックする
22-06-2026 17:00:32.248 [Gauge] [DEBUG] * 会員 "見本一郎" の行をクリックする
22-06-2026 17:00:32.326 [Gauge] [DEBUG] * 編集モーダルの "plan" を "給付金6ヶ月プラン" に変更する
22-06-2026 17:00:32.339 [Gauge] [DEBUG] * 編集モーダルを保存する
22-06-2026 17:00:32.428 [Gauge] [DEBUG] * 管理画面をリロードする
22-06-2026 17:00:32.449 [Gauge] [DEBUG] * 会員管理メニューをクリックする
22-06-2026 17:00:32.514 [Gauge] [DEBUG] * 会員 "見本一郎" の行をクリックする
22-06-2026 17:00:32.552 [Gauge] [DEBUG] * 編集モーダルの "plan" が "給付金6ヶ月プラン" と表示される

22-06-2026 17:00:32.584 [Gauge] [INFO] ## 会員を削除するとリロード後も一覧に表示されない
22-06-2026 17:00:32.634 [Gauge] [DEBUG] * ログインページを開く
22-06-2026 17:00:32.732 [Gauge] [DEBUG] * 職員 "coach_001@example.jp" / "coach001" でログインする
22-06-2026 17:00:32.733 [Gauge] [DEBUG] * ログインIDに "coach_001@example.jp" を入力する
22-06-2026 17:00:32.734 [Gauge] [DEBUG] * パスワードに "coach001" を入力する
22-06-2026 17:00:32.735 [Gauge] [DEBUG] * ログインボタンを押す
22-06-2026 17:00:32.736 [Gauge] [DEBUG] * 会員管理メニューをクリックする
22-06-2026 17:00:32.956 [Gauge] [DEBUG] * 会員 "見本一郎" の行をクリックする
22-06-2026 17:00:33.049 [Gauge] [DEBUG] * 会員削除ボタンをクリックする
22-06-2026 17:00:33.167 [Gauge] [DEBUG] * 管理画面をリロードする
22-06-2026 17:00:33.192 [Gauge] [DEBUG] * 会員管理メニューをクリックする
22-06-2026 17:00:33.265 [Gauge] [DEBUG] * 会員一覧に "見本一郎" が表示されない
22-06-2026 17:00:33.288 [html-report] [DEBUG] Transformed SuiteResult to report structure
22-06-2026 17:00:33.308 [html-report] [INFO] Successfully generated html-report to => /Users/yasuikendo/morrow-world/study_app/e2e/reports/html-report/index.html
22-06-2026 17:00:33.308 [html-report] [DEBUG] Done generating HTML report using theme from /Users/yasuikendo/.gauge/plugins/html-report/4.4.5/themes/default
22-06-2026 17:00:33.308 [Gauge] [DEBUG] Sending kill message to Html Report plugin.
22-06-2026 17:00:33.309 [Gauge] [INFO] Specifications:	2 executed	2 passed	0 failed	0 skipped
22-06-2026 17:00:33.309 [Gauge] [INFO] Scenarios:	9 executed	9 passed	0 failed	0 skipped
22-06-2026 17:00:33.309 [Gauge] [INFO] 
Total time taken: 6.266s
22-06-2026 17:00:33.309 [Gauge] [INFO] Updates are available. Run `gauge update -c` for more info.
